id, mobaoName, mapId, d, pos, f2, huajuan, h2, i, timeAchiReqId, k1, l, time, weatherAchiReq, o, p, weather, r, typeAAchiReq, typeAName, typeAContent, v, typeBAchiReq, typeBName, typeBContent, , , , , , , , , , , , , roleLevel, , craftLevel, , , , paperType, , paper, shulian, , , , , , , , , , , , , des, , , , , , , , , xiuwei, suiyin256, , , , , , , ,
151, 画卷：杭州城, 10010, [21], 杭州城（慧眼决可高效的定位目标）, 2, 画卷, 2, 1, 10058, 1, 时辰变化：, 白昼, 11203, 1, 天象气候：, 晴天, 9, 18001, 云游揽胜：, 杭州城绝景, 9, 18002, 悠游趣闻：, 拾趣杭州城, 0, 0, , 0, 0, , 0, 0, , 0, 0, , 12, 1, 1, 32000, 2128001, 1, 40103052, 1, 1, 40, 1001, 40102101, 1, 0, 0, 1, 40102101, 1, ..//Imagesets//Icons//Atlas//Atlas_hangzhoucheng.png, ..//Imagesets//Icons//Atlas//Atlas_huaweijiesuo.png, 阅读珍本与善本画卷可将其纳入收藏并获得奖励。, ..//Imagesets//Icons//Atlas//Atlas_hangzhoucheng.png, 杭州--自古富庶，有海陆之饶，珍异所聚，商贾并辏，安居乐业。虽非都城，但俨然是商业贸易中心，其风景秀丽雅致，连皇帝也常常大驾光临，一赏余杭风情。, 此列废弃, , 0, , , 0, , 0, 9000, 1024001, 0, 0, 40103101, 1, 1, 30, 1,
153, 画卷：一醉轩, 10010, [12], 一醉轩（慧眼决可高效的定位目标）, 2, 画卷, 2, 1, 10006, 1, 时辰变化：, 戌时或亥时, 11203, 1, 天象气候：, 晴天, 9, 18005, 悠游趣闻：, 拜访一醉轩, 9, 18006, 悠游趣闻：, 拾趣一醉轩, 0, 0, , 0, 0, , 0, 0, , 0, 0, , 14, 1, 1, 32000, 2128001, 1, 40103052, 1, 1, 40, 1003, 40102103, 1, 0, 0, 1, 40102103, 1, ..//Imagesets//Icons//Atlas//Atlas_yizuixuan.png, ..//Imagesets//Icons//Atlas//Atlas_huaweijiesuo.png, 阅读珍本与善本画卷可将其纳入收藏并获得奖励。, ..//Imagesets//Icons//Atlas//Atlas_yizuixuan.png, 一醉轩--杭州文人墨客聚集之地。柳永虽为白衣，却“奉旨填词”，淡看功名，意指寒江。, 此列废弃, , 0, , , 0, , 0, 9000, 1024001, 0, 0, 40103102, 1, 1, 30, 1, 
155, 画卷：三潭印月, 10010, [20], 西湖（慧眼决可高效的定位目标）, 2, 画卷, 2, 2, 10008, 1, 时辰变化：, 丑时或寅时, 11203, 1, 天象气候：, 晴天, 9, 18009, 云游揽胜：, 西湖绝景, 9, 18010, 悠游趣闻：, 拾趣西子湖, 0, 0, , 0, 0, , 0, 0, , 0, 0, , 16, 1, 1, 32000, 2128001, 1, 40103052, 1, 1, 40, 1005, 40102105, 1, 0, 0, 1, 40102105, 1, ..//Imagesets//Icons//Atlas//Atlas_sanquanyingyue.png, ..//Imagesets//Icons//Atlas//Atlas_huaweijiesuo.png, 阅读珍本与善本画卷可将其纳入收藏并获得奖励。, ..//Imagesets//Icons//Atlas//Atlas_sanquanyingyue.png, 西湖--西湖之妙，在于湖裹山中，山屏湖外，湖和山相得益彰；西湖的美，在于晴中见潋滟，雨中显空蒙，无论雨雪晴阴都能成景。, 此列废弃, , 0, , , 0, , 0, 9000, 1024001, 0, 0, 40103103, 1, 1, 30, 1, 
158, 画卷：问道台, 10010, [15], 问道台（慧眼决可高效的定位目标）, 2, 画卷, 2, 2, 10004, 1, 时辰变化：, 未时或申时, 11203, 1, 天象气候：, 晴天, 9, 18015, 云游揽胜：, 问道台绝景, 9, 18016, 悠游趣闻：, 拾趣问道台, 0, 0, , 0, 0, , 0, 0, , 0, 0, , 18, 1, 1, 32000, 2128001, 1, 40103052, 1, 1, 40, 1008, 40102108, 1, 0, 0, 1, 40102108, 1, ..//Imagesets//Icons//Atlas//Atlas_wendaotai.png, ..//Imagesets//Icons//Atlas//Atlas_huaweijiesuo.png, 阅读珍本与善本画卷可将其纳入收藏并获得奖励。, ..//Imagesets//Icons//Atlas//Atlas_wendaotai.png, 问道台--天波府训所，百年前曾是道观，不少人登台问道，但自唐后尊佛轻道，早已废弃，后为天波府所用。, 此列废弃, , 0, , , 0, , 0, 9000, 1024001, 0, 0, 40103104, 1, 1, 30, 1, 
159, 画卷：天绝禅院, 10010, [14], 天绝禅院（慧眼决可高效的定位目标）, 2, 画卷, 2, 2, 10002, 1, 时辰变化：, 辰时或巳时, 11203, 1, 天象气候：, 晴天, 9, 18017, 云游揽胜：, 禅院绝景, 9, 18018, 悠游趣闻：, 拾趣禅院, 0, 0, , 0, 0, , 0, 0, , 0, 0, , 20, 1, 1, 32000, 2128001, 1, 40103052, 1, 1, 40, 1009, 40102109, 1, 0, 0, 1, 40102109, 1, ..//Imagesets//Icons//Atlas//Atlas_tianjuechanyuan.png, ..//Imagesets//Icons//Atlas//Atlas_huaweijiesuo.png, 阅读珍本与善本画卷可将其纳入收藏并获得奖励。, ..//Imagesets//Icons//Atlas//Atlas_tianjuechanyuan.png, 天绝禅院--苏小小，唐时杭州最富盛名之歌伎。相传每逢烟雨之夜，其墓上必有琴声如诉、歌声幽咽，苏小小之灵主与画像于天绝禅院之中。, 此列废弃, , 0, , , 0, , 0, 9000, 1024001, 0, 0, 40103105, 1, 1, 30, 1, 
154, 画卷：淬剑清谷, 10010, [7], 淬剑谷（慧眼决可高效的定位目标）, 2, 画卷, 2, 3, 10001, 1, 时辰变化：, 卯时, 11203, 1, 天象气候：, 晴天, 9, 18007, 云游揽胜：, 淬剑谷绝景, 9, 18008, 悠游趣闻：, 拾趣淬剑谷, 0, 0, , 0, 0, , 0, 0, , 0, 0, , 42, 1, 4, 32000, 2128001, 1, 40103052, 1, 4, 200, 1004, 40102104, 1, 0, 0, 1, 40102104, 1, ..//Imagesets//Icons//Atlas//Atlas_cuijiangu.png, ..//Imagesets//Icons//Atlas//Atlas_huaweijiesuo.png, 阅读珍本与善本画卷可将其纳入收藏并获得奖励。, ..//Imagesets//Icons//Atlas//Atlas_cuijiangu.png, 淬剑谷--世人皆知白居易之诗名，却不知其亦为剑客。盛唐之时，诗武合一，豪侠擅诗，诗人亦尚武。如今之时，则只有公子羽尚有文名流传于世了。, 此列废弃, , 0, , , 0, , 0, 60000, 5120001, 0, 0, 40103126, 1, 1, 60, 4, 
152, 画卷：风雨钱塘, 10010, [5$$ 22], 钱塘江码头（慧眼决可高效的定位目标）, 2, 画卷, 2, 3, 10059, 1, 时辰变化：, 黑夜, 11200, 1, 天象气候：, 冷雨, 9, 18003, 云游揽胜：, 码头绝景, 9, 18004, 悠游趣闻：, 拜访钱塘码头, 0, 0, , 0, 0, , 0, 0, , 0, 0, , 44, 1, 4, 32000, 2128001, 1, 40103052, 1, 4, 200, 1002, 40102102, 1, 0, 0, 1, 40102102, 1, ..//Imagesets//Icons//Atlas//Atlas_matou.png, ..//Imagesets//Icons//Atlas//Atlas_huaweijiesuo.png, 阅读珍本与善本画卷可将其纳入收藏并获得奖励。, ..//Imagesets//Icons//Atlas//Atlas_matou.png, 钱塘江码头--唐朝诗人张若虚曾在此作诗《春江花月夜》，其一生仅有一首长诗。凭此一诗，便可傲笑千古。, 此列废弃, , 0, , , 0, , 0, 60000, 5120001, 0, 0, 40103127, 1, 1, 60, 4, 
156, 画卷：吴王陵, 10010, [9], 吴王陵（慧眼决可高效的定位目标）, 2, 画卷, 2, 4, 10007, 1, 时辰变化：, 子时, 11220, 1, 天象气候：, 阴天, 9, 18011, 云游揽胜：, 吴王陵绝景, 9, 18012, 悠游趣闻：, 拾趣吴王陵, 0, 0, , 0, 0, , 0, 0, , 0, 0, , 46, 1, 4, 32000, 2128001, 1, 40103052, 1, 4, 200, 1006, 40102106, 1, 0, 0, 1, 40102106, 1, ..//Imagesets//Icons//Atlas//Atlas_wuwangling.png, ..//Imagesets//Icons//Atlas//Atlas_huaweijiesuo.png, 阅读珍本与善本画卷可将其纳入收藏并获得奖励。, ..//Imagesets//Icons//Atlas//Atlas_wuwangling.png, 吴王陵--春秋时在吴越地区建都至少历二十五世，除太伯、仲雍、阖闾外，其余国君均葬在苏杭近郊，此处虽墓主不明，但其陵规格之高，风水之好，都能突显其显赫身世。, 此列废弃, , 0, , , 0, , 0, 60000, 5120001, 0, 0, 40103128, 1, 1, 60, 4, 
157, 画卷：百里荡, 10010, [11], 百里荡（慧眼决可高效的定位目标）, 2, 画卷, 2, 4, 10003, 1, 时辰变化：, 午时, 11218, 1, 天象气候：, 烈日, 9, 18013, 云游揽胜：, 百里荡绝景, 9, 18014, 悠游趣闻：, 拾趣百里荡, 0, 0, , 0, 0, , 0, 0, , 0, 0, , 48, 1, 4, 32000, 2128001, 1, 40103052, 1, 4, 200, 1007, 40102107, 1, 0, 0, 1, 40102107, 1, ..//Imagesets//Icons//Atlas//Atlas_bailidang.png, ..//Imagesets//Icons//Atlas//Atlas_huaweijiesuo.png, 阅读珍本与善本画卷可将其纳入收藏并获得奖励。, ..//Imagesets//Icons//Atlas//Atlas_bailidang.png, 百里荡--云滩以南，被官塘河与其支流分割而出，据传古时与落云滩相连，绵绵百里，如今虽只如水中小岛，但一直沿用此名。, 此列废弃, , 0, , , 0, , 0, 60000, 5120001, 0, 0, 40103129, 1, 1, 60, 4, 
160, 画卷：东平郡王府, 10010, [6], 东平郡王府（慧眼决可高效的定位目标）, 2, 画卷, 2, 4, 10007, 1, 时辰变化：, 子时, 11219, 1, 天象气候：, 雷雨, 9, 18019, 云游揽胜：, 郡王府绝景, 9, 18020, 悠游趣闻：, 拾趣郡王府, 0, 0, , 0, 0, , 0, 0, , 0, 0, , 50, 1, 4, 32000, 2128001, 1, 40103052, 1, 4, 200, 1010, 40102110, 1, 0, 0, 1, 40102110, 1, ..//Imagesets//Icons//Atlas//Atlas_junwangfu.png, ..//Imagesets//Icons//Atlas//Atlas_huaweijiesuo.png, 阅读珍本与善本画卷可将其纳入收藏并获得奖励。, ..//Imagesets//Icons//Atlas//Atlas_junwangfu.png, 东平郡王府--相传武林第一智者百晓生曾为东平郡王口占一词，赵允弼花费数年推解，亦未能明了其中玄机。, 此列废弃, , 0, , , 0, , 0, 90000, 5120001, 0, 0, 40103130, 1, 1, 60, 4, 
161, 画卷：雷峰夕照, 10010, [20$$ 16], 西湖（慧眼决可高效的定位目标）, 2, 画卷, 2, 5, 10005, 1, 时辰变化：, 酉时, 11203, 1, 天象气候：, 晴天, 9, 18021, 云游揽胜：, 雷峰塔绝景, 9, 18371, 墨宝收藏：, 收集杭州墨宝, 0, 0, , 0, 0, , 0, 0, , 0, 0, , 50, 1, 4, 32000, 2128001, 1, 40103052, 1, 4, 200, 1011, 40102111, 1, 0, 0, 1, 40102111, 1, ..//Imagesets//Icons//Atlas//Atlas_leifengxizhao.png, ..//Imagesets//Icons//Atlas//Atlas_huaweijiesuo.png, 阅读珍本与善本画卷可将其纳入收藏并获得奖励。, ..//Imagesets//Icons//Atlas//Atlas_leifengxizhao.png, 雷峰塔--西湖之上标志的景点之一，与天绝禅院的佛塔一南一北，隔湖相对，每当夕阳西下，塔影横空，别有一番景色，故被称为“雷峰夕照”。, 此列废弃, , 0, , , 0, , 0, 90000, 5120001, 0, 0, 40103131, 1, 1, 60, 4, 
202, 画卷：云泥梯田, 10002, [3], 云泥梯田（慧眼决可高效的定位目标）, 2, 画卷, 2, 1, 10002, 1, 时辰变化：, 辰时或巳时, 11403, 1, 天象气候：, 晴天, 9, 18053, 悠游趣闻：, 拜访梯田, 9, 18054, 悠游趣闻：, 拾趣梯田, 0, 0, , 0, 0, , 0, 0, , 0, 0, , 32, 1, 3, 32000, 2128001, 1, 40103052, 1, 2, 140, 1102, 40102142, 1, 0, 0, 1, 40102142, 1, ..//Imagesets//Icons//Atlas//Atlas_yunnititian.png, ..//Imagesets//Icons//Atlas//Atlas_huaweijiesuo.png, 阅读珍本与善本画卷可将其纳入收藏并获得奖励。, ..//Imagesets//Icons//Atlas//Atlas_yunnititian.png, 云泥梯田--清永坊外大片梯田，依山而建，沿山势而上，远观如登云之势，故曰云泥梯田。, 此列废弃, , 0, , , 0, , 0, 30000, 3072001, 0, 0, 40103115, 1, 1, 50, 3, 
206, 画卷：桃源道观, 10002, [8], 桃源胜境（慧眼决可高效的定位目标）, 2, 画卷, 2, 1, 10004, 1, 时辰变化：, 未时或申时, 11403, 1, 天象气候：, 晴天, 9, 18061, 悠游趣闻：, 拜访桃源观, 9, 18062, 悠游趣闻：, 拾趣桃源观, 0, 0, , 0, 0, , 0, 0, , 0, 0, , 33, 1, 3, 32000, 2128001, 1, 40103052, 1, 2, 140, 1106, 40102146, 1, 0, 0, 1, 40102146, 1, ..//Imagesets//Icons//Atlas//Atlas_sanqingguan.png, ..//Imagesets//Icons//Atlas//Atlas_huaweijiesuo.png, 阅读珍本与善本画卷可将其纳入收藏并获得奖励。, ..//Imagesets//Icons//Atlas//Atlas_sanqingguan.png, 桃源道观--位于东越青龙潭以东的桃源胜境，山光水色幽谷清潭是修行避世的好地方。, 此列废弃, , 0, , , 0, , 0, 30000, 3072001, 0, 0, 40103116, 1, 1, 50, 3, 
207, 画卷：宁海镇, 10002, [16], 宁海镇（慧眼决可高效的定位目标）, 2, 画卷, 2, 2, 10006, 1, 时辰变化：, 戌时或亥时, 11403, 1, 天象气候：, 晴天, 9, 18063, 悠游趣闻：, 拜访宁海镇, 9, 18064, 悠游趣闻：, 拾趣宁海镇, 0, 0, , 0, 0, , 0, 0, , 0, 0, , 34, 1, 3, 32000, 2128001, 1, 40103052, 1, 2, 140, 1107, 40102147, 1, 0, 0, 1, 40102147, 1, ..//Imagesets//Icons//Atlas//Atlas_ninghai.png, ..//Imagesets//Icons//Atlas//Atlas_huaweijiesuo.png, 阅读珍本与善本画卷可将其纳入收藏并获得奖励。, ..//Imagesets//Icons//Atlas//Atlas_ninghai.png, 宁海镇--南海小镇，港口船舶南下南洋，北上东海，又连杭运。, 此列废弃, , 0, , , 0, , 0, 30000, 3072001, 0, 0, 40103117, 1, 1, 50, 3, 
208, 画卷：长乐滩, 10002, [12], 长乐滩（慧眼决可高效的定位目标）, 2, 画卷, 2, 2, 10008, 1, 时辰变化：, 丑时或寅时, 11403, 1, 天象气候：, 晴天, 9, 18065, 悠游趣闻：, 拜访长乐滩, 9, 18066, 悠游趣闻：, 拾趣长乐滩, 0, 0, , 0, 0, , 0, 0, , 0, 0, , 35, 1, 3, 32000, 2128001, 1, 40103052, 1, 2, 140, 1108, 40102148, 1, 0, 0, 1, 40102148, 1, ..//Imagesets//Icons//Atlas//Atlas_yedaoyucun.png, ..//Imagesets//Icons//Atlas//Atlas_huaweijiesuo.png, 阅读珍本与善本画卷可将其纳入收藏并获得奖励。, ..//Imagesets//Icons//Atlas//Atlas_yedaoyucun.png, 长乐滩--江湖传言，当年沈浪王怜花便从此处出海。其时沈浪醉诵曹孟德之观沧海一词，王怜花和以剑舞。, 此列废弃, , 0, , , 0, , 0, 30000, 3072001, 0, 0, 40103118, 1, 1, 50, 3, 
209, 画卷：桑楚山庄, 10002, [16], 桑楚山庄（慧眼决可高效的定位目标）, 2, 画卷, 2, 2, 10008, 1, 时辰变化：, 丑时或寅时, 11403, 1, 天象气候：, 晴天, 9, 18067, 悠游趣闻：, 拜访桑楚山庄, 9, 18068, 悠游趣闻：, 拾趣桑楚山庄, 0, 0, , 0, 0, , 0, 0, , 0, 0, , 36, 1, 3, 32000, 2128001, 1, 40103052, 1, 2, 140, 1109, 40102149, 1, 0, 0, 1, 40102149, 1, ..//Imagesets//Icons//Atlas//Atlas_sangchushanzhuang.png, ..//Imagesets//Icons//Atlas//Atlas_huaweijiesuo.png, 阅读珍本与善本画卷可将其纳入收藏并获得奖励。, ..//Imagesets//Icons//Atlas//Atlas_sangchushanzhuang.png, 桑楚山庄--水龙吟第一任盟主子桑不寿与爱侣楚天璇归隐之后，于东越幽静处建立一山庄，名桑楚山庄。, 此列废弃, , 0, , , 0, , 0, 30000, 3072001, 0, 0, 40103119, 1, 1, 50, 3, 
201, 画卷：清永民居, 10002, [1], 清永坊（慧眼决可高效的定位目标）, 2, 画卷, 2, 3, 10001, 1, 时辰变化：, 卯时, 11403, 1, 天象气候：, 晴天, 9, 18051, 云游揽胜：, 清永坊绝景, 9, 18052, 悠游趣闻：, 拜访清永坊, 0, 0, , 0, 0, , 0, 0, , 0, 0, , 37, 1, 3, 32000, 2128001, 1, 40103052, 1, 2, 140, 1101, 40102141, 1, 0, 0, 1, 40102141, 1, ..//Imagesets//Icons//Atlas//Atlas_qingyongminju.png, ..//Imagesets//Icons//Atlas//Atlas_huaweijiesuo.png, 阅读珍本与善本画卷可将其纳入收藏并获得奖励。, ..//Imagesets//Icons//Atlas//Atlas_qingyongminju.png, 清永坊--位于东越北部，百年土家族村落；民风淳朴、崇文尚武——以文德化、以武平乱、人泰家宁。, 此列废弃, , 0, , , 0, , 0, 30000, 3072001, 0, 0, 40103120, 1, 1, 50, 3, 
211, 画卷：天香谷, 10002, [10], 天香谷（慧眼决可高效的定位目标）, 2, 画卷, 2, 3, 10007, 1, 时辰变化：, 子时, 11403, 1, 天象气候：, 晴天, 9, 18071, 云游揽胜：, 天香谷绝景, 9, 18072, 悠游趣闻：, 拜访天香谷, 0, 0, , 0, 0, , 0, 0, , 0, 0, , 38, 1, 3, 32000, 2128001, 1, 40103052, 1, 2, 140, 1111, 40102151, 1, 0, 0, 1, 40102151, 1, ..//Imagesets//Icons//Atlas//Atlas_tianxiang.png, ..//Imagesets//Icons//Atlas//Atlas_huaweijiesuo.png, 阅读珍本与善本画卷可将其纳入收藏并获得奖励。, ..//Imagesets//Icons//Atlas//Atlas_tianxiang.png, 天香谷--位于雁荡山脉，八荒中的天香就坐落在这谷中，经谷主梁知音数十年苦心经营，如今谷内四季如春，花香四溢，彩蝶纷飞，一片生机盎然，乃是武林中的一片净土。, 此列废弃, , 0, , , 0, , 0, 30000, 3072001, 0, 0, 40103121, 1, 1, 50, 3, 
210, 画卷：万象门, 10002, [14], 万象门（慧眼决可高效的定位目标）, 2, 画卷, 2, 3, 10058, 1, 时辰变化：, 白昼, 11402, 1, 天象气候：, 阴霾, 9, 18069, 云游揽胜：, 万象门绝景, 9, 18070, 悠游趣闻：, 拾趣万象门, 0, 0, , 0, 0, , 0, 0, , 0, 0, , 39, 1, 3, 32000, 2128001, 1, 40103052, 1, 2, 140, 1110, 40102150, 1, 0, 0, 1, 40102150, 1, ..//Imagesets//Icons//Atlas//Atlas_wanxiangmen.png, ..//Imagesets//Icons//Atlas//Atlas_huaweijiesuo.png, 阅读珍本与善本画卷可将其纳入收藏并获得奖励。, ..//Imagesets//Icons//Atlas//Atlas_wanxiangmen.png, 万象门--倚山望海，欲登九天，同时大悲赋之正文各自散落江湖，唯万象门保有其序章。, 此列废弃, , 0, , , 0, , 0, 45000, 3072001, 0, 0, 40103122, 1, 1, 50, 3, 
203, 画卷：乌金汊, 10002, [6], 乌金汊（慧眼决可高效的定位目标）, 2, 画卷, 2, 4, 10003, 1, 时辰变化：, 午时, 11420, 1, 天象气候：, 烈日, 9, 18055, 悠游趣闻：, 拜访乌金汊, 9, 18056, 悠游趣闻：, 拾趣乌金汊, 0, 0, , 0, 0, , 0, 0, , 0, 0, , 40, 1, 3, 32000, 2128001, 1, 40103052, 1, 2, 140, 1103, 40102143, 1, 0, 0, 1, 40102143, 1, ..//Imagesets//Icons//Atlas//Atlas_chatan.png, ..//Imagesets//Icons//Atlas//Atlas_huaweijiesuo.png, 阅读珍本与善本画卷可将其纳入收藏并获得奖励。, ..//Imagesets//Icons//Atlas//Atlas_chatan.png, 乌金汊--位于东越西部，乃是万象门据点，依山临水；立于乌金汊高处，可观湖光山色，风景秀美。, 此列废弃, , 0, , , 0, , 0, 45000, 3072001, 0, 0, 40103123, 1, 1, 50, 3, 
204, 画卷：野鹤湫, 10002, [15], 野鹤湫（慧眼决可高效的定位目标）, 2, 画卷, 2, 4, 10005, 1, 时辰变化：, 酉时, 11418, 1, 天象气候：, 小雨, 9, 18057, 云游揽胜：, 野鹤湫绝景, 9, 18058, 悠游趣闻：, 拾趣野鹤湫, 0, 0, , 0, 0, , 0, 0, , 0, 0, , 40, 1, 3, 32000, 2128001, 1, 40103052, 1, 2, 140, 1104, 40102144, 1, 0, 0, 1, 40102144, 1, ..//Imagesets//Icons//Atlas//Atlas_yeheqiu.png, ..//Imagesets//Icons//Atlas//Atlas_huaweijiesuo.png, 阅读珍本与善本画卷可将其纳入收藏并获得奖励。, ..//Imagesets//Icons//Atlas//Atlas_yeheqiu.png, 野鹤湫--位于传说之地龙泉剑深潭下方，曾经野鹤成群，如今被倭寇所占，难见昔日风光。, 此列废弃, , 0, , , 0, , 0, 45000, 3072001, 0, 0, 40103124, 1, 1, 50, 3, 
205, 画卷：闽越旧城, 10002, [11], 闽越旧城（慧眼决可高效的定位目标）, 2, 画卷, 2, 5, 10007, 1, 时辰变化：, 子时, 11419, 1, 天象气候：, 大雨, 9, 18060, 悠游趣闻：, 拾趣旧城, 9, 18376, 墨宝收藏：, 收集东越墨宝, 0, 0, , 0, 0, , 0, 0, , 0, 0, , 40, 1, 3, 32000, 2128001, 1, 40103052, 1, 3, 140, 1105, 40102145, 1, 0, 0, 1, 40102145, 1, ..//Imagesets//Icons//Atlas//Atlas_minyuejiucheng.png, ..//Imagesets//Icons//Atlas//Atlas_huaweijiesuo.png, 阅读珍本与善本画卷可将其纳入收藏并获得奖励。, ..//Imagesets//Icons//Atlas//Atlas_minyuejiucheng.png, 闽越旧城--闽越，本是中国南方百越族群中的一支，此地是他们当年铸造的王城遗址。, 此列废弃, , 0, , , 0, , 0, 60000, 3072001, 0, 0, 40103125, 1, 1, 50, 3, 
254, 画卷：龙井茶园, 10011, [5], 龙井茶园（慧眼决可高效的定位目标）, 2, 画卷, 2, 1, 10002, 1, 时辰变化：, 辰时或巳时, 11603, 1, 天象气候：, 晴天, 9, 18107, 悠游趣闻：, 拜访龙井茶园, 9, 18108, 悠游趣闻：, 拾趣龙井茶园, 0, 0, , 0, 0, , 0, 0, , 0, 0, , 22, 1, 2, 32000, 2128001, 1, 40103052, 1, 1, 80, 1054, 40102126, 1, 0, 0, 1, 40102126, 1, ..//Imagesets//Icons//Atlas//Atlas_chayuan.png, ..//Imagesets//Icons//Atlas//Atlas_huaweijiesuo.png, 阅读珍本与善本画卷可将其纳入收藏并获得奖励。, ..//Imagesets//Icons//Atlas//Atlas_chayuan.png, 龙井茶园--江南一处茶园，以生产龙井而闻名，相传茶农之祖师，乃著茶经之陆羽晚年隐居于此，更留下诗作数篇。, 此列废弃, , 0, , , 0, , 0, 9000, 2048001, 0, 0, 40103106, 1, 1, 40, 2, 
255, 画卷：四明书院, 10011, [13], 四明书院（慧眼决可高效的定位目标）, 2, 画卷, 2, 1, 10004, 1, 时辰变化：, 未时或申时, 11603, 1, 天象气候：, 晴天, 9, 18109, 云游揽胜：, 四明书院绝景, 9, 18110, 悠游趣闻：, 拾趣四明书院, 0, 0, , 0, 0, , 0, 0, , 0, 0, , 23, 1, 2, 32000, 2128001, 1, 40103052, 1, 1, 80, 1055, 40102127, 1, 0, 0, 1, 40102127, 1, ..//Imagesets//Icons//Atlas//Atlas_shuyuan.png, ..//Imagesets//Icons//Atlas//Atlas_huaweijiesuo.png, 阅读珍本与善本画卷可将其纳入收藏并获得奖励。, ..//Imagesets//Icons//Atlas//Atlas_shuyuan.png, 四明书院--江南著名书院，隶属于绝智轩，经常有文人雅士在此讲学。, 此列废弃, , 0, , , 0, , 0, 15000, 2048001, 0, 0, 40103107, 1, 1, 40, 2, 
256, 画卷：连环坞, 10011, [6$$ 18$$ 19$$ 21], 连环坞各分舵（慧眼决可高效的定位目标）, 2, 画卷, 2, 2, 10006, 1, 时辰变化：, 戌时或亥时, 11603, 1, 天象气候：, 晴天, 9, 18111, 云游揽胜：, 连环坞绝景, 9, 18112, 云游揽胜：, 连环坞绝景, 0, 0, , 0, 0, , 0, 0, , 0, 0, , 24, 1, 2, 32000, 2128001, 1, 40103052, 1, 1, 80, 1056, 40102128, 1, 0, 0, 1, 40102128, 1, ..//Imagesets//Icons//Atlas//Atlas_fenduo.png, ..//Imagesets//Icons//Atlas//Atlas_huaweijiesuo.png, 阅读珍本与善本画卷可将其纳入收藏并获得奖励。, ..//Imagesets//Icons//Atlas//Atlas_fenduo.png, 江南分舵--十二连环坞在江南水域广设分舵，其目的为控制江南水路交通与龙井茶园所产收益。, 此列废弃, , 0, , , 0, , 0, 15000, 2048001, 0, 0, 40103108, 1, 1, 40, 2, 
257, 画卷：长风林, 10011, [23], 长风林（慧眼决可高效的定位目标）, 2, 画卷, 2, 2, 10005, 1, 时辰变化：, 酉时, 11603, 1, 天象气候：, 晴天, 9, 18113, 云游揽胜：, 长风林绝景, 9, 18114, 悠游趣闻：, 拜访长风林, 0, 0, , 0, 0, , 0, 0, , 0, 0, , 25, 1, 2, 32000, 2128001, 1, 40103052, 1, 1, 80, 1057, 40102129, 1, 0, 0, 1, 40102129, 1, ..//Imagesets//Icons//Atlas//Atlas_shizipo.png, ..//Imagesets//Icons//Atlas//Atlas_huaweijiesuo.png, 阅读珍本与善本画卷可将其纳入收藏并获得奖励。, ..//Imagesets//Icons//Atlas//Atlas_shizipo.png, 长风林--原为江南霹雳堂的后山，如今和霹雳堂一样早已荒废无人打理。, 此列废弃, , 0, , , 0, , 0, 15000, 2048001, 0, 0, 40103109, 1, 1, 40, 2, 
259, 画卷：天泉日出, 10011, [9], 天泉山庄（慧眼决可高效的定位目标）, 2, 画卷, 2, 3, 10001, 1, 时辰变化：, 卯时, 11603, 1, 天象气候：, 晴天, 9, 18117, 云游揽胜：, 天泉山庄绝景, 9, 18118, 悠游趣闻：, 拾趣天泉山庄, 0, 0, , 0, 0, , 0, 0, , 0, 0, , 26, 1, 2, 32000, 2128001, 1, 40103052, 1, 1, 80, 1059, 40102131, 1, 0, 0, 1, 40102131, 1, ..//Imagesets//Icons//Atlas//Atlas_tianquanrichu.png, ..//Imagesets//Icons//Atlas//Atlas_huaweijiesuo.png, 阅读珍本与善本画卷可将其纳入收藏并获得奖励。, ..//Imagesets//Icons//Atlas//Atlas_tianquanrichu.png, 天泉山庄--天泉山庄--连环坞鹰眼老七避暑的行宫，防守森严，装潢奢华，每年他都会有三个月住在天泉山庄。, 此列废弃, , 0, , , 0, , 0, 15000, 2048001, 0, 0, 40103110, 1, 1, 40, 2, 
251, 画卷：飞雪滩, 10011, [1], 飞雪滩（慧眼决可高效的定位目标）, 2, 画卷, 2, 3, 10002, 1, 时辰变化：, 辰时或巳时, 11600, 1, 天象气候：, 冷雨, 9, 18101, 悠游趣闻：, 拜访飞雪滩, 9, 18102, 悠游趣闻：, 拾趣飞雪滩, 0, 0, , 0, 0, , 0, 0, , 0, 0, , 27, 1, 2, 32000, 2128001, 1, 40103052, 1, 1, 80, 1051, 40102123, 1, 0, 0, 1, 40102123, 1, ..//Imagesets//Icons//Atlas//Atlas_feixuetan.png, ..//Imagesets//Icons//Atlas//Atlas_huaweijiesuo.png, 阅读珍本与善本画卷可将其纳入收藏并获得奖励。, ..//Imagesets//Icons//Atlas//Atlas_feixuetan.png, 飞雪滩--江南有一处石滩，因滩上石料白如飞雪而得名。, 此列废弃, , 0, , , 0, , 0, 15000, 2048001, 0, 0, 40103111, 1, 1, 40, 2, 
258, 画卷：霹雳堂旧址, 10011, [22], 霹雳堂旧址（慧眼决可高效的定位目标）, 2, 画卷, 2, 3, 10004, 1, 时辰变化：, 未时或申时, 11600, 1, 天象气候：, 冷雨, 9, 18115, 云游揽胜：, 霹雳堂绝景, 9, 18116, 悠游趣闻：, 拾趣霹雳堂, 0, 0, , 0, 0, , 0, 0, , 0, 0, , 28, 1, 2, 32000, 2128001, 1, 40103052, 1, 1, 80, 1058, 40102130, 1, 0, 0, 1, 40102130, 1, ..//Imagesets//Icons//Atlas//Atlas_pilitang.png, ..//Imagesets//Icons//Atlas//Atlas_huaweijiesuo.png, 阅读珍本与善本画卷可将其纳入收藏并获得奖励。, ..//Imagesets//Icons//Atlas//Atlas_pilitang.png, 霹雳堂旧址--此处原为霹雳堂之旧址，霹雳堂覆灭之后，时人取杜甫之咏雷诗意，勒碑于此。, 此列废弃, , 0, , , 0, , 0, 30000, 2048001, 0, 0, 40103112, 1, 1, 40, 2, 
253, 画卷：铸神谷, 10011, [4], 铸神谷（慧眼决可高效的定位目标）, 2, 画卷, 2, 4, 10003, 1, 时辰变化：, 午时, 11616, 1, 天象气候：, 烈日, 9, 18105, 云游揽胜：, 铸神谷绝景, 9, 18106, 悠游趣闻：, 拾趣铸神谷, 0, 0, , 0, 0, , 0, 0, , 0, 0, , 29, 1, 2, 32000, 2128001, 1, 40103052, 1, 1, 80, 1053, 40102125, 1, 0, 0, 1, 40102125, 1, ..//Imagesets//Icons//Atlas//Atlas_zhushengu.png, ..//Imagesets//Icons//Atlas//Atlas_huaweijiesuo.png, 阅读珍本与善本画卷可将其纳入收藏并获得奖励。, ..//Imagesets//Icons//Atlas//Atlas_zhushengu.png, 铸神谷--位于江南的一处著名山庄$$铸神谷齐家人均精通铸造之术$$所造兵器铠甲乃武林一绝。, 此列废弃, , 0, , , 0, , 0, 30000, 2048001, 0, 0, 40103113, 1, 1, 40, 2, 
252, 画卷：枫桥夜泊, 10011, [2], 枫桥镇（慧眼决可高效的定位目标）, 2, 画卷, 2, 4, 10007, 1, 时辰变化：, 子时, 11617, 1, 天象气候：, 小雨, 9, 18103, 悠游趣闻：, 拜访枫桥镇, 9, 18104, 悠游趣闻：, 拾趣枫桥镇, 0, 0, , 0, 0, , 0, 0, , 0, 0, , 30, 1, 2, 32000, 2128001, 1, 40103052, 1, 1, 80, 1052, 40102124, 1, 0, 0, 1, 40102124, 1, ..//Imagesets//Icons//Atlas//Atlas_fengqiaoyebo.png, ..//Imagesets//Icons//Atlas//Atlas_huaweijiesuo.png, 阅读珍本与善本画卷可将其纳入收藏并获得奖励。, ..//Imagesets//Icons//Atlas//Atlas_fengqiaoyebo.png, 枫桥镇--“月落乌啼霜满天，江枫渔火对愁眠”。诗人张继的这首枫桥夜泊，就是在枫桥镇所作。, 此列废弃, , 0, , , 0, , 0, 30000, 2048001, 0, 0, 40103114, 1, 1, 40, 2, 
305, 画卷：瀚海戈壁, 10004, [9], 瀚海戈壁（慧眼决可高效的定位目标）, 2, 画卷, 2, 1, 10002, 1, 时辰变化：, 辰时或巳时, 11803, 1, 天象气候：, 晴天, 9, 18159, 云游揽胜：, 瀚海戈壁绝景, 9, 18160, 悠游趣闻：, 拾趣瀚海戈壁, 0, 0, , 0, 0, , 0, 0, , 0, 0, , 81, 1, 9, 32000, 2128001, 1, 40103053, 1, 14, 560, 1355, 40102235, 1, 0, 0, 1, 40102235, 1, ..//Imagesets//Icons//Atlas//Atlas_gebi.png, ..//Imagesets//Icons//Atlas//Atlas_huaweijiesuo.png, 阅读珍本与善本画卷可将其纳入收藏并获得奖励。, ..//Imagesets//Icons//Atlas//Atlas_gebi.png, 瀚海戈壁--神威堡北的一大片区域，是一望无际的大戈壁滩，如果贸然进入，基本有死无生。, 此列废弃, , 0, , , 0, , 0, 120000, 102400001, 0, 0, 40103166, 1, 1, 90, 9, 
307, 画卷：神木谷, 10004, [15], 神木谷（慧眼决可高效的定位目标）, 2, 画卷, 2, 1, 10006, 1, 时辰变化：, 戌时或亥时, 11803, 1, 天象气候：, 晴天, 9, 18163, 云游揽胜：, 神木谷绝景, 9, 18164, 悠游趣闻：, 拾趣神木谷, 0, 0, , 0, 0, , 0, 0, , 0, 0, , 82, 1, 9, 32000, 2128001, 1, 40103053, 1, 14, 560, 1357, 40102237, 1, 0, 0, 1, 40102237, 1, ..//Imagesets//Icons//Atlas//Atlas_shenmugu.png, ..//Imagesets//Icons//Atlas//Atlas_huaweijiesuo.png, 阅读珍本与善本画卷可将其纳入收藏并获得奖励。, ..//Imagesets//Icons//Atlas//Atlas_shenmugu.png, 神木谷--传说张骞通西域时路过于此，醒后便有三株古树，故此得名，如今古树已经不在。, 此列废弃, , 0, , , 0, , 0, 120000, 102400001, 0, 0, 40103167, 1, 1, 90, 9, 
308, 画卷：苍梧城, 10004, [19], 苍梧城（慧眼决可高效的定位目标）, 2, 画卷, 2, 2, 10008, 1, 时辰变化：, 丑时或寅时, 11803, 1, 天象气候：, 晴天, 9, 18165, 云游揽胜：, 苍梧城绝景, 9, 18166, 悠游趣闻：, 拾趣苍梧城, 0, 0, , 0, 0, , 0, 0, , 0, 0, , 82, 1, 9, 32000, 2128001, 1, 40103053, 1, 14, 560, 1358, 40102238, 1, 0, 0, 1, 40102238, 1, ..//Imagesets//Icons//Atlas//Atlas_cangwucheng.png, ..//Imagesets//Icons//Atlas//Atlas_huaweijiesuo.png, 阅读珍本与善本画卷可将其纳入收藏并获得奖励。, ..//Imagesets//Icons//Atlas//Atlas_cangwucheng.png, 苍梧城--此地本属奔马堂，但近年来西域天魔教占据了奔马堂的地盘，并将其发展成了一个强大的堡垒。, 此列废弃, , 0, , , 0, , 0, 120000, 102400001, 0, 0, 40103168, 1, 1, 90, 9, 
309, 画卷：风飞谷, 10004, [18], 风飞谷（慧眼决可高效的定位目标）, 2, 画卷, 2, 2, 10004, 1, 时辰变化：, 未时或申时, 11803, 1, 天象气候：, 晴天, 9, 18167, 云游揽胜：, 风飞谷绝景, 9, 18168, 悠游趣闻：, 拾趣风飞谷, 0, 0, , 0, 0, , 0, 0, , 0, 0, , 83, 1, 9, 32000, 2128001, 1, 40103053, 1, 14, 560, 1359, 40102239, 1, 0, 0, 1, 40102239, 1, ..//Imagesets//Icons//Atlas//Atlas_fengfeigu.png, ..//Imagesets//Icons//Atlas//Atlas_huaweijiesuo.png, 阅读珍本与善本画卷可将其纳入收藏并获得奖励。, ..//Imagesets//Icons//Atlas//Atlas_fengfeigu.png, 风飞谷--此处乃是元昊堂于燕云设立的一处前哨站，位于西北一处古城废墟中，西夏在此探视辽国与神威堡的动静。, 此列废弃, , 0, , , 0, , 0, 120000, 102400001, 0, 0, 40103169, 1, 1, 90, 9, 
303, 画卷：月下饮马, 10004, [11], 绿洲（慧眼决可高效的定位目标）, 2, 画卷, 2, 3, 10007, 1, 时辰变化：, 子时, 11803, 1, 天象气候：, 晴天, 9, 18155, 云游揽胜：, 绿洲绝景, 9, 18156, 悠游趣闻：, 拜访凤鸣镇, 0, 0, , 0, 0, , 0, 0, , 0, 0, , 83, 1, 10, 32000, 2128001, 1, 40103053, 1, 14, 560, 1353, 40102233, 1, 0, 0, 1, 40102233, 1, ..//Imagesets//Icons//Atlas//Atlas_yuexiayinma.png, ..//Imagesets//Icons//Atlas//Atlas_huaweijiesuo.png, 阅读珍本与善本画卷可将其纳入收藏并获得奖励。, ..//Imagesets//Icons//Atlas//Atlas_yuexiayinma.png, 绿洲--戈壁滩上有一处水潭，四周长满野生芦苇，是野生动物和戈壁过客的避风港。, 此列废弃, , 0, , , 0, , 0, 120000, 102400001, 0, 0, 40103170, 1, 1, 90, 9, 
304, 画卷：策马坡, 10004, [17], 策马坡（慧眼决可高效的定位目标）, 2, 画卷, 2, 3, 10005, 1, 时辰变化：, 酉时, 11803, 1, 天象气候：, 晴天, 9, 18157, 云游揽胜：, 策马坡绝景, 9, 18158, 悠游趣闻：, 拾趣策马坡, 0, 0, , 0, 0, , 0, 0, , 0, 0, , 84, 1, 10, 32000, 2128001, 1, 40103053, 1, 14, 560, 1354, 40102234, 1, 0, 0, 1, 40102234, 1, ..//Imagesets//Icons//Atlas//Atlas_shachang.png, ..//Imagesets//Icons//Atlas//Atlas_huaweijiesuo.png, 阅读珍本与善本画卷可将其纳入收藏并获得奖励。, ..//Imagesets//Icons//Atlas//Atlas_shachang.png, 策马坡--杜甫曾有诗云：“胡马大宛名，锋棱瘦骨成。竹批双耳峻，风入四蹄轻。所向无空阔，真堪托死生。骁腾有如此，万里可横行。”, 此列废弃, , 0, , , 0, , 0, 240000, 102400001, 0, 0, 40103171, 1, 1, 90, 9, 
306, 画卷：绝尘马场, 10004, [14], 千里马场（慧眼决可高效的定位目标）, 2, 画卷, 2, 4, 10001, 1, 时辰变化：, 卯时, 11803, 1, 天象气候：, 晴天, 9, 18161, 云游揽胜：, 绝尘马场绝景, 9, 18162, 悠游趣闻：, 拜访绝尘镇, 0, 0, , 0, 0, , 0, 0, , 0, 0, , 84, 1, 10, 32000, 2128001, 1, 40103053, 1, 14, 560, 1356, 40102236, 1, 0, 0, 1, 40102236, 1, ..//Imagesets//Icons//Atlas//Atlas_machang.png, ..//Imagesets//Icons//Atlas//Atlas_huaweijiesuo.png, 阅读珍本与善本画卷可将其纳入收藏并获得奖励。, ..//Imagesets//Icons//Atlas//Atlas_machang.png, 千里马场--千里营附近的草场，本是古时放马专用，神威曾在这里与契丹连番恶战，导致此地彻底荒废。, 此列废弃, , 0, , , 0, , 0, 240000, 102400001, 0, 0, 40103172, 1, 1, 90, 9, 
301, 画卷：燕云神威, 10004, [1], 神威堡（慧眼决可高效的定位目标）, 2, 画卷, 2, 4, 10007, 1, 时辰变化：, 子时, 11800, 1, 天象气候：, 冷雨, 9, 18151, 悠游趣闻：, 拜访神威堡, 9, 18152, 悠游趣闻：, 拾趣神威堡, 0, 0, , 0, 0, , 0, 0, , 0, 0, , 85, 1, 10, 32000, 2128001, 1, 40103053, 1, 14, 560, 1351, 40102231, 1, 0, 0, 1, 40102231, 1, ..//Imagesets//Icons//Atlas//Atlas_shenwei.png, ..//Imagesets//Icons//Atlas//Atlas_huaweijiesuo.png, 阅读珍本与善本画卷可将其纳入收藏并获得奖励。, ..//Imagesets//Icons//Atlas//Atlas_shenwei.png, 神威堡--神威乃武林八荒之一，由韩守琼所创。神威弟子，枪法精熟，豪气干云，守疆卫土，深得江湖正派敬重。, 此列废弃, , 0, , , 0, , 0, 240000, 102400001, 0, 0, 40103173, 1, 1, 90, 9, 
302, 画卷：怪石黑风, 10004, [6$$ 8], 怪石林（慧眼决可高效的定位目标）, 2, 画卷, 2, 5, 10003, 1, 时辰变化：, 午时, 11804, 1, 天象气候：, 厉风, 9, 18154, 悠游趣闻：, 拾趣怪石林, 9, 18377, 墨宝收藏：, 收集燕云墨宝, 0, 0, , 0, 0, , 0, 0, , 0, 0, , 85, 1, 10, 32000, 2128001, 1, 40103053, 1, 14, 560, 1352, 40102232, 1, 0, 0, 1, 40102232, 1, ..//Imagesets//Icons//Atlas//Atlas_shilinfengsha.png, ..//Imagesets//Icons//Atlas//Atlas_huaweijiesuo.png, 阅读珍本与善本画卷可将其纳入收藏并获得奖励。, ..//Imagesets//Icons//Atlas//Atlas_shilinfengsha.png, 怪石林--位于神威堡附近的一处天成石林，是戈壁风沙千年腐蚀而成，石林内每日怪风呼啸，令人不寒而栗。, 此列废弃, , 0, , , 0, , 0, 315000, 102400001, 0, 0, 40103174, 1, 1, 90, 9, 
355, 画卷：论剑锋, 10009, [8], 论剑峰（慧眼决可高效的定位目标）, 2, 画卷, 2, 1, 10008, 1, 时辰变化：, 丑时或寅时, 12003, 1, 天象气候：, 晴天, 9, 18209, 云游揽胜：, 论剑峰绝景, 9, 18210, 悠游趣闻：, 拜访论剑峰, 0, 0, , 0, 0, , 0, 0, , 0, 0, , 76, 1, 7, 32000, 2128001, 1, 40103053, 1, 12, 480, 1305, 40102219, 1, 0, 0, 1, 40102219, 1, ..//Imagesets//Icons//Atlas//Atlas_lunjianfeng.png, ..//Imagesets//Icons//Atlas//Atlas_huaweijiesuo.png, 阅读珍本与善本画卷可将其纳入收藏并获得奖励。, ..//Imagesets//Icons//Atlas//Atlas_lunjianfeng.png, 论剑锋--太白山的最高点，亦是太白剑派的腹地，在江湖中享誉盛名，是练剑之人心中的圣地。, 此列废弃, , 0, , , 0, , 0, 105000, 51200001, 0, 0, 40103158, 1, 1, 85, 8, 
357, 画卷：药王谷, 10009, [12], 药王谷（慧眼决可高效的定位目标）, 2, 画卷, 2, 2, 10004, 1, 时辰变化：, 未时或申时, 12003, 1, 天象气候：, 晴天, 9, 18213, 云游揽胜：, 药王谷绝景, 9, 18214, 悠游趣闻：, 拾趣药王谷, 0, 0, , 0, 0, , 0, 0, , 0, 0, , 77, 1, 7, 32000, 2128001, 1, 40103053, 1, 12, 480, 1307, 40102221, 1, 0, 0, 1, 40102221, 1, ..//Imagesets//Icons//Atlas//Atlas_yaowanggu.png, ..//Imagesets//Icons//Atlas//Atlas_huaweijiesuo.png, 阅读珍本与善本画卷可将其纳入收藏并获得奖励。, ..//Imagesets//Icons//Atlas//Atlas_yaowanggu.png, 药王谷--入药王谷采药之医者，悬壶济世，妙手回春。必诵咏灵枢素问之卷，以为明心正行。, 此列废弃, , 0, , , 0, , 0, 210000, 51200001, 0, 0, 40103159, 1, 1, 85, 8, 
352, 画卷：论剑坪, 10009, [2], 太白剑派（慧眼决可高效的定位目标）, 2, 画卷, 2, 2, 10002, 1, 时辰变化：, 辰时或巳时, 12005, 1, 天象气候：, 飘雪, 9, 18203, 云游揽胜：, 论剑坪绝景, 9, 18204, 悠游趣闻：, 拜访论剑坪, 0, 0, , 0, 0, , 0, 0, , 0, 0, , 77, 1, 7, 32000, 2128001, 1, 40103053, 1, 12, 480, 1302, 40102216, 1, 0, 0, 1, 40102216, 1, ..//Imagesets//Icons//Atlas//Atlas_qinchuanlunjian.png, ..//Imagesets//Icons//Atlas//Atlas_huaweijiesuo.png, 阅读珍本与善本画卷可将其纳入收藏并获得奖励。, ..//Imagesets//Icons//Atlas//Atlas_qinchuanlunjian.png, 太白剑坪--白剑派藏剑阁前的习剑平台，是太白弟子平日操练之所，江湖著名的沉剑之试亦在剑坪举行。, 此列废弃, , 0, , , 0, , 0, 210000, 51200001, 0, 0, 40103160, 1, 1, 85, 8, 
358, 画卷：鹦哥镇, 10009, [18], 鹦哥镇（慧眼决可高效的定位目标）, 2, 画卷, 2, 3, 10004, 1, 时辰变化：, 未时或申时, 12005, 1, 天象气候：, 飘雪, 9, 18215, 云游揽胜：, 鹦哥镇绝景, 9, 18216, 悠游趣闻：, 拜访鹦哥镇, 0, 0, , 0, 0, , 0, 0, , 0, 0, , 78, 1, 7, 32000, 2128001, 1, 40103053, 1, 12, 480, 1308, 40102222, 1, 0, 0, 1, 40102222, 1, ..//Imagesets//Icons//Atlas//Atlas_wancaoyuan.png, ..//Imagesets//Icons//Atlas//Atlas_huaweijiesuo.png, 阅读珍本与善本画卷可将其纳入收藏并获得奖励。, ..//Imagesets//Icons//Atlas//Atlas_wancaoyuan.png, 鹦哥镇--太白山人口最密集的小镇，因毗邻温泉湖——凌云湖，气温较雪山怡人许多，小镇历史悠久，民风淳朴，也是不少旅人歇脚的去处。, 此列废弃, , 0, , , 0, , 0, 210000, 51200001, 0, 0, 40103161, 1, 1, 85, 8, 
351, 画卷：太白山门, 10009, [1], 秦川山门（慧眼决可高效的定位目标）, 2, 画卷, 2, 3, 10001, 1, 时辰变化：, 卯时, 12005, 1, 天象气候：, 飘雪, 9, 18201, 云游揽胜：, 太白山门绝景, 9, 18202, 悠游趣闻：, 拜访太白山门, 0, 0, , 0, 0, , 0, 0, , 0, 0, , 78, 1, 7, 32000, 2128001, 1, 40103053, 1, 12, 480, 1301, 40102215, 1, 0, 0, 1, 40102215, 1, ..//Imagesets//Icons//Atlas//Atlas_shanmen.png, ..//Imagesets//Icons//Atlas//Atlas_huaweijiesuo.png, 阅读珍本与善本画卷可将其纳入收藏并获得奖励。, ..//Imagesets//Icons//Atlas//Atlas_shanmen.png, 太白山门--通往太白剑派的必经之路，位于太白山脚下，相传唐代大文豪途径此处而得名。, 此列废弃, , 0, , , 0, , 0, 210000, 51200001, 0, 0, 40103162, 1, 1, 85, 8, 
356, 画卷：玉泉院, 10009, [14], 玉泉院（慧眼决可高效的定位目标）, 2, 画卷, 2, 4, 10003, 1, 时辰变化：, 午时, 12015, 1, 天象气候：, 小雪, 9, 18211, 云游揽胜：, 玉泉院绝景, 9, 18212, 悠游趣闻：, 拾趣玉泉院, 0, 0, , 0, 0, , 0, 0, , 0, 0, , 79, 1, 7, 32000, 2128001, 1, 40103053, 1, 12, 480, 1306, 40102220, 1, 0, 0, 1, 40102220, 1, ..//Imagesets//Icons//Atlas//Atlas_beidou.png, ..//Imagesets//Icons//Atlas//Atlas_huaweijiesuo.png, 阅读珍本与善本画卷可将其纳入收藏并获得奖励。, ..//Imagesets//Icons//Atlas//Atlas_beidou.png, 登云坡--当年风无痕首创太白剑派时所选址，但因太白山过于严寒，而迁址到有温泉湖——沉剑池的现址。, 此列废弃, , 0, , , 0, , 0, 210000, 51200001, 0, 0, 40103163, 1, 1, 85, 8, 
354, 画卷：秦川云海, 10009, [10], 秦川云海（慧眼决可高效的定位目标）, 2, 画卷, 2, 4, 10005, 1, 时辰变化：, 酉时, 12002, 1, 天象气候：, 阴霾, 9, 18207, 云游揽胜：, 蛟龙岭绝景, 9, 18208, 云游揽胜：, 北斗坪绝景, 0, 0, , 0, 0, , 0, 0, , 0, 0, , 79, 1, 7, 32000, 2128001, 1, 40103053, 1, 12, 480, 1304, 40102218, 1, 0, 0, 1, 40102218, 1, ..//Imagesets//Icons//Atlas//Atlas_qinchuanyunhai.png, ..//Imagesets//Icons//Atlas//Atlas_huaweijiesuo.png, 阅读珍本与善本画卷可将其纳入收藏并获得奖励。, ..//Imagesets//Icons//Atlas//Atlas_qinchuanyunhai.png, 蛟龙岭云海--太白云海最高处，蜿蜒横贯太白云海，将其分割成东西两个部分，宛如蛟龙蛰伏，故而得名。, 此列废弃, , 0, , , 0, , 0, 315000, 51200001, 0, 0, 40103164, 1, 1, 85, 8, 
353, 画卷：万剑浮沉, 10009, [6], 沉剑池（慧眼决可高效的定位目标）, 2, 画卷, 2, 5, 10007, 1, 时辰变化：, 子时, 12016, 1, 天象气候：, 大雪, 9, 18205, 云游揽胜：, 沉剑池绝景, 9, 18372, 墨宝收藏：, 收集秦川墨宝, 0, 0, , 0, 0, , 0, 0, , 0, 0, , 80, 1, 8, 32000, 2128001, 1, 40103053, 1, 12, 480, 1303, 40102217, 1, 0, 0, 1, 40102217, 1, ..//Imagesets//Icons//Atlas//Atlas_chijianchi.png, ..//Imagesets//Icons//Atlas//Atlas_huaweijiesuo.png, 阅读珍本与善本画卷可将其纳入收藏并获得奖励。, ..//Imagesets//Icons//Atlas//Atlas_chijianchi.png, 沉剑池--移花宫旧有钓雪图一幅，便以此处太白风景为照。相传此图中藏有绝顶轻功身法窍要，后被江小鱼输予轩辕三光。, 此列废弃, , 0, , , 0, , 0, 315000, 51200001, 0, 0, 40103165, 1, 1, 85, 8, 
401, 画卷：平阳驿站, 10013, [22], 平阳驿站（慧眼决可高效的定位目标）, 2, 画卷, 2, 1, 10006, 1, 时辰变化：, 戌时或亥时, 12203, 1, 天象气候：, 晴天, 9, 18251, 悠游趣闻：, 拜访平阳驿, 9, 18252, 悠游趣闻：, 拾趣平阳驿, 0, 0, , 0, 0, , 0, 0, , 0, 0, , 62, 1, 6, 32000, 2128001, 1, 40103053, 1, 8, 320, 1201, 40102183, 1, 0, 0, 1, 40102183, 1, ..//Imagesets//Icons//Atlas//Atlas_pingyangyizhan.png, ..//Imagesets//Icons//Atlas//Atlas_huaweijiesuo.png, 阅读珍本与善本画卷可将其纳入收藏并获得奖励。, ..//Imagesets//Icons//Atlas//Atlas_pingyangyizhan.png, 平阳驿站--平阳客栈有好酒名相思泪，名动江湖。, 此列废弃, , 0, , , 0, , 0, 90000, 15360001, 0, 0, 40103142, 1, 1, 75, 6, 
402, 画卷：藏月客栈, 10013, [8], 藏月湾（慧眼决可高效的定位目标）, 2, 画卷, 2, 2, 10002, 1, 时辰变化：, 辰时或巳时, 12203, 1, 天象气候：, 晴天, 9, 18253, 悠游趣闻：, 拜访藏月湾, 9, 18254, 悠游趣闻：, 拾趣藏月湾, 0, 0, , 0, 0, , 0, 0, , 0, 0, , 63, 1, 6, 32000, 2128001, 1, 40103053, 1, 8, 320, 1202, 40102184, 1, 0, 0, 1, 40102184, 1, ..//Imagesets//Icons//Atlas//Atlas_cangyuewan.png, ..//Imagesets//Icons//Atlas//Atlas_huaweijiesuo.png, 阅读珍本与善本画卷可将其纳入收藏并获得奖励。, ..//Imagesets//Icons//Atlas//Atlas_cangyuewan.png, 藏月湾--徐海天水河横贯东西，溪流入秋而沣，遇石成滩。此河滩拐弯之处，形如新月；河床丰水之季，每至月夜，云开水映月，云起湾藏月。, 此列废弃, , 0, , , 0, , 0, 90000, 15360001, 0, 0, 40103143, 1, 1, 75, 6, 
403, 画卷：古陶镇, 10013, [4], 古陶镇（慧眼决可高效的定位目标）, 2, 画卷, 2, 3, 10008, 1, 时辰变化：, 丑时或寅时, 12203, 1, 天象气候：, 晴天, 9, 18255, 云游揽胜：, 古陶镇绝景, 9, 18256, 悠游趣闻：, 拜访古陶镇, 0, 0, , 0, 0, , 0, 0, , 0, 0, , 64, 1, 6, 32000, 2128001, 1, 40103053, 1, 8, 320, 1203, 40102185, 1, 0, 0, 1, 40102185, 1, ..//Imagesets//Icons//Atlas//Atlas_gutaozhen.png, ..//Imagesets//Icons//Atlas//Atlas_huaweijiesuo.png, 阅读珍本与善本画卷可将其纳入收藏并获得奖励。, ..//Imagesets//Icons//Atlas//Atlas_gutaozhen.png, 古陶镇--器自唐方兴，徐海当地便有私窑，多产土陶，砌窑、烧制均循古法，此镇得名古陶。, 此列废弃, , 0, , , 0, , 0, 90000, 15360001, 0, 0, 40103144, 1, 1, 75, 6, 
404, 画卷：骅阳林, 10013, [12], 骅阳林（慧眼决可高效的定位目标）, 2, 画卷, 2, 3, 10004, 1, 时辰变化：, 未时或申时, 12203, 1, 天象气候：, 晴天, 9, 18257, 云游揽胜：, 骅阳林绝景, 9, 18258, 悠游趣闻：, 拾趣骅阳林, 0, 0, , 0, 0, , 0, 0, , 0, 0, , 65, 1, 6, 32000, 2128001, 1, 40103053, 1, 8, 320, 1204, 40102186, 1, 0, 0, 1, 40102186, 1, ..//Imagesets//Icons//Atlas//Atlas_baihualin.png, ..//Imagesets//Icons//Atlas//Atlas_huaweijiesuo.png, 阅读珍本与善本画卷可将其纳入收藏并获得奖励。, ..//Imagesets//Icons//Atlas//Atlas_baihualin.png, 骅阳林--遍野桦树杨树，密林皑皑，深不可知。常有盗匪、马贼藏匿，平凡人家、猎户均不往此地。, 此列废弃, , 0, , , 0, , 0, 90000, 15360001, 0, 0, 40103145, 1, 1, 75, 6, 
406, 画卷：天龙古刹, 10013, [5], 天龙古刹（慧眼决可高效的定位目标）, 2, 画卷, 2, 4, 10005, 1, 时辰变化：, 酉时, 12203, 1, 天象气候：, 晴天, 9, 18261, 云游揽胜：, 天龙古刹绝景, 9, 18262, 悠游趣闻：, 拜访天龙古刹, 0, 0, , 0, 0, , 0, 0, , 0, 0, , 66, 1, 6, 32000, 2128001, 1, 40103053, 1, 8, 320, 1206, 40102188, 1, 0, 0, 1, 40102188, 1, ..//Imagesets//Icons//Atlas//Atlas_tianlongsi.png, ..//Imagesets//Icons//Atlas//Atlas_huaweijiesuo.png, 阅读珍本与善本画卷可将其纳入收藏并获得奖励。, ..//Imagesets//Icons//Atlas//Atlas_tianlongsi.png, 天龙古刹--天竺民间修习密宗高僧云游徐海，宣扬佛法，点化徐海一巨贾遁入空门，倾资建起天龙寺。百年变迁，古刹香火大盛，佛法显宏。, 此列废弃, , 0, , , 0, , 0, 180000, 15360001, 0, 0, 40103146, 1, 1, 75, 6, 
407, 画卷：剑绝轩, 10013, [16], 剑绝轩（慧眼决可高效的定位目标）, 2, 画卷, 2, 4, 10007, 1, 时辰变化：, 子时, 12203, 1, 天象气候：, 晴天, 9, 18263, 悠游趣闻：, 拜访剑绝轩, 9, 18264, 悠游趣闻：, 拾趣剑绝轩, 0, 0, , 0, 0, , 0, 0, , 0, 0, , 67, 1, 6, 32000, 2128001, 1, 40103053, 1, 8, 320, 1207, 40102189, 1, 0, 0, 1, 40102189, 1, ..//Imagesets//Icons//Atlas//Atlas_juejianxuan.png, ..//Imagesets//Icons//Atlas//Atlas_huaweijiesuo.png, 阅读珍本与善本画卷可将其纳入收藏并获得奖励。, ..//Imagesets//Icons//Atlas//Atlas_juejianxuan.png, 剑绝轩--倚绝情岭、望苍雪岭，青龙会之主曾在此闭关，彼时情思如潮，剑舞三天三夜，刻下“剑本无心斩空尘，人当无情挥剑绝”之句。, 此列废弃, , 0, , , 0, , 0, 180000, 15360001, 0, 0, 40103147, 1, 1, 75, 6, 
408, 画卷：玄刀断剑, 10013, [9$$ 19$$ 20$$ 21], 神武门（慧眼决可高效的定位目标）, 2, 画卷, 2, 4, 10001, 1, 时辰变化：, 卯时, 12203, 1, 天象气候：, 晴天, 9, 18265, 云游揽胜：, 神武门绝景, 9, 18266, 悠游趣闻：, 拾趣神武门, 0, 0, , 0, 0, , 0, 0, , 0, 0, , 68, 1, 6, 32000, 2128001, 1, 40103053, 1, 8, 320, 1208, 40102190, 1, 0, 0, 1, 40102190, 1, ..//Imagesets//Icons//Atlas//Atlas_shenwumen.png, ..//Imagesets//Icons//Atlas//Atlas_huaweijiesuo.png, 阅读珍本与善本画卷可将其纳入收藏并获得奖励。, ..//Imagesets//Icons//Atlas//Atlas_shenwumen.png, 神武门——山下无影阁，总舵之中玄刀阁、断剑阁、神武大殿；此地守备森严，常人欲入，有来无回。, 此列废弃, , 0, , , 0, , 0, 180000, 15360001, 0, 0, 40103148, 1, 1, 75, 6, 
405, 画卷：望断斜阳, 10013, [6], 红草滩（慧眼决可高效的定位目标）, 2, 画卷, 2, 5, 10003, 1, 时辰变化：, 午时, 12215, 1, 天象气候：, 烈日, 9, 18260, 悠游趣闻：, 拾趣红草滩, 9, 18373, 墨宝收藏：, 收集徐海墨宝, 0, 0, , 0, 0, , 0, 0, , 0, 0, , 70, 1, 6, 32000, 2128001, 1, 40103053, 1, 8, 320, 1205, 40102187, 1, 0, 0, 1, 40102187, 1, ..//Imagesets//Icons//Atlas//Atlas_hongcaotan.png, ..//Imagesets//Icons//Atlas//Atlas_huaweijiesuo.png, 阅读珍本与善本画卷可将其纳入收藏并获得奖励。, ..//Imagesets//Icons//Atlas//Atlas_hongcaotan.png, 红草滩--徐海北部千里雪山，雪峰之巅终年积雪，山麓之下入夏而绿，入秋渐红，入冬胜白。, 此列废弃, , 0, , , 0, , 0, 180000, 15360001, 0, 0, 40103149, 1, 1, 75, 6, 
451, 画卷：开封城门, 10012, [9], 开封城门（慧眼决可高效的定位目标）, 2, 画卷, 2, 1, 10008, 1, 时辰变化：, 丑时或寅时, 12403, 1, 天象气候：, 晴天, 9, 18301, 云游揽胜：, 开封城门绝景, 9, 18302, 悠游趣闻：, 拜访开封守城, 0, 0, , 0, 0, , 0, 0, , 0, 0, , 71, 1, 7, 32000, 2128001, 1, 40103053, 1, 10, 400, 1251, 40102199, 1, 0, 0, 1, 40102199, 1, ..//Imagesets//Icons//Atlas//Atlas_kaifengdamen.png, ..//Imagesets//Icons//Atlas//Atlas_huaweijiesuo.png, 阅读珍本与善本画卷可将其纳入收藏并获得奖励。, ..//Imagesets//Icons//Atlas//Atlas_kaifengdamen.png, 开封城门--汴京三大城门之一，朝廷设有精锐部队驻守于此，城墙高十数米，远望极其雄伟，乃是帝都象征。, 此列废弃, , 0, , , 0, , 0, 105000, 30720001, 0, 0, 40103150, 1, 1, 80, 7, 
452, 画卷：护龙河, 10012, [20$$ 6], 护龙河（慧眼决可高效的定位目标）, 2, 画卷, 2, 2, 10002, 1, 时辰变化：, 辰时或巳时, 12403, 1, 天象气候：, 晴天, 9, 18303, 云游揽胜：, 护城河绝景, 9, 18304, 云游揽胜：, 开封水关绝景, 0, 0, , 0, 0, , 0, 0, , 0, 0, , 72, 1, 7, 32000, 2128001, 1, 40103053, 1, 10, 400, 1252, 40102200, 1, 0, 0, 1, 40102200, 1, ..//Imagesets//Icons//Atlas//Atlas_kaifengwai.png, ..//Imagesets//Icons//Atlas//Atlas_huaweijiesuo.png, 阅读珍本与善本画卷可将其纳入收藏并获得奖励。, ..//Imagesets//Icons//Atlas//Atlas_kaifengwai.png, 护龙河--此乃耗时数年上千人力人工开凿的护城河，环绕汴京城数里，欲攻汴京需得先过此河，故称护龙河。, 此列废弃, , 0, , , 0, , 0, 105000, 30720001, 0, 0, 40103151, 1, 1, 80, 7, 
457, 画卷：朱仙镇, 10012, [4], 朱仙镇（慧眼决可高效的定位目标）, 2, 画卷, 2, 2, 10005, 1, 时辰变化：, 酉时, 12403, 1, 天象气候：, 晴天, 9, 18313, 悠游趣闻：, 拾趣朱仙镇, 9, 18314, 悠游趣闻：, 拜访朱仙镇, 0, 0, , 0, 0, , 0, 0, , 0, 0, , 72, 1, 7, 32000, 2128001, 1, 40103053, 1, 10, 400, 1257, 40102205, 1, 0, 0, 1, 40102205, 1, ..//Imagesets//Icons//Atlas//Atlas_xiyanghedao.png, ..//Imagesets//Icons//Atlas//Atlas_huaweijiesuo.png, 阅读珍本与善本画卷可将其纳入收藏并获得奖励。, ..//Imagesets//Icons//Atlas//Atlas_xiyanghedao.png, 朱仙镇--此镇历史由来已久，最早可追溯至战国之初，本名聚仙镇，后因战国名士朱亥的食邑和封地而异名朱仙镇。, 此列废弃, , 0, , , 0, , 0, 105000, 30720001, 0, 0, 40103152, 1, 1, 80, 7, 
455, 画卷：相国寺, 10012, [21], 相国寺（慧眼决可高效的定位目标）, 2, 画卷, 2, 3, 10001, 1, 时辰变化：, 卯时, 12403, 1, 天象气候：, 晴天, 9, 18309, 云游揽胜：, 相国寺绝景, 9, 18310, 悠游趣闻：, 拜访相国寺, 0, 0, , 0, 0, , 0, 0, , 0, 0, , 73, 1, 7, 32000, 2128001, 1, 40103053, 1, 10, 400, 1255, 40102203, 1, 0, 0, 1, 40102203, 1, ..//Imagesets//Icons//Atlas//Atlas_qingchenkaifeng.png, ..//Imagesets//Icons//Atlas//Atlas_huaweijiesuo.png, 阅读珍本与善本画卷可将其纳入收藏并获得奖励。, ..//Imagesets//Icons//Atlas//Atlas_qingchenkaifeng.png, 相国寺--镇国古寺，已有近五百年历史；此寺乃皇家祭祀、拜佛常至之地；本朝圣上崇敬佛光，命人修缮扩建，方有今日巍峨壮严之盛状。, 此列废弃, , 0, , , 0, , 0, 105000, 30720001, 0, 0, 40103153, 1, 1, 80, 7, 
453, 画卷：开封城, 10012, [22], 开封城（慧眼决可高效的定位目标）, 2, 画卷, 2, 3, 10007, 1, 时辰变化：, 子时, 12403, 1, 天象气候：, 晴天, 9, 18305, 云游揽胜：, 开封城绝景, 9, 18306, 悠游趣闻：, 拜访开封城, 0, 0, , 0, 0, , 0, 0, , 0, 0, , 73, 1, 7, 32000, 2128001, 1, 40103053, 1, 10, 400, 1253, 40102201, 1, 0, 0, 1, 40102201, 1, ..//Imagesets//Icons//Atlas//Atlas_huangcheng.png, ..//Imagesets//Icons//Atlas//Atlas_huaweijiesuo.png, 阅读珍本与善本画卷可将其纳入收藏并获得奖励。, ..//Imagesets//Icons//Atlas//Atlas_huangcheng.png, 开封城--又称汴京，乃是本朝京畿所在，素有“汴京富丽天下无”之美誉。无论当世奇珍、天下庆典、江湖异闻皆可能在此寻得。, 此列废弃, , 0, , , 0, , 0, 180000, 30720001, 0, 0, 40103154, 1, 1, 80, 7, 
454, 画卷：居士林, 10012, [7], 居士林（慧眼决可高效的定位目标）, 2, 画卷, 2, 4, 10006, 1, 时辰变化：, 戌时或亥时, 12400, 1, 天象气候：, 冷雨, 9, 18307, 云游揽胜：, 居士林绝景, 9, 18308, 悠游趣闻：, 拾趣居士林, 0, 0, , 0, 0, , 0, 0, , 0, 0, , 74, 1, 7, 32000, 2128001, 1, 40103053, 1, 10, 400, 1254, 40102202, 1, 0, 0, 1, 40102202, 1, ..//Imagesets//Icons//Atlas//Atlas_kaifengshan.png, ..//Imagesets//Icons//Atlas//Atlas_huaweijiesuo.png, 阅读珍本与善本画卷可将其纳入收藏并获得奖励。, ..//Imagesets//Icons//Atlas//Atlas_kaifengshan.png, 居士林--唐人曾描述少室山“少室若莲”，居士林则另辟蹊径，在一座山仞如刀之地修建门派，取其“莲刃”之意，与其“灭罪斩业”之宗旨相合。, 此列废弃, , 0, , , 0, , 0, 270000, 30720001, 0, 0, 40103155, 1, 1, 80, 7, 
456, 画卷：飞霞渡, 10012, [1$$ 3], 飞霞渡（慧眼决可高效的定位目标）, 2, 画卷, 2, 4, 10003, 1, 时辰变化：, 午时, 12415, 1, 天象气候：, 烈日, 9, 18311, 云游揽胜：, 飞霞渡绝景, 9, 18312, 悠游趣闻：, 拜访飞霞渡, 0, 0, , 0, 0, , 0, 0, , 0, 0, , 74, 1, 7, 32000, 2128001, 1, 40103053, 1, 10, 400, 1256, 40102204, 1, 0, 0, 1, 40102204, 1, ..//Imagesets//Icons//Atlas//Atlas_huanghe.png, ..//Imagesets//Icons//Atlas//Atlas_huaweijiesuo.png, 阅读珍本与善本画卷可将其纳入收藏并获得奖励。, ..//Imagesets//Icons//Atlas//Atlas_huanghe.png, 飞霞渡--黄河急弯渡口所在，飞流如瀑，如映天光霞色；诗云：飞霞半屡，收尽天风和雨。, 此列废弃, , 0, , , 0, , 0, 270000, 30720001, 0, 0, 40103156, 1, 1, 80, 7, 
458, 画卷：百鬼夜哭, 10012, [13], 黄华岭（慧眼决可高效的定位目标）, 2, 画卷, 2, 5, 10007, 1, 时辰变化：, 子时, 12416, 1, 天象气候：, 大雨, 9, 18315, 悠游趣闻：, 拾趣黄华岭, 9, 18374, 墨宝收藏：, 收集开封墨宝, 0, 0, , 0, 0, , 0, 0, , 0, 0, , 75, 1, 7, 32000, 2128001, 1, 40103053, 1, 10, 400, 1258, 40102206, 1, 0, 0, 1, 40102206, 1, ..//Imagesets//Icons//Atlas//Atlas_fendi.png, ..//Imagesets//Icons//Atlas//Atlas_huaweijiesuo.png, 阅读珍本与善本画卷可将其纳入收藏并获得奖励。, ..//Imagesets//Icons//Atlas//Atlas_fendi.png, 黄华岭--蜿蜒曲折于平原与山脉之边的山岭，山林隐没之处常有珍稀走兽出没。, 此列废弃, , 0, , , 0, , 0, 270000, 30720001, 0, 0, 40103157, 1, 1, 80, 7, 
501, 画卷：藏锋谷, 10001, [1], 藏锋谷（慧眼决可高效的定位目标）, 2, 画卷, 2, 1, 10002, 1, 时辰变化：, 辰时或巳时, 12603, 1, 天象气候：, 晴天, 9, 18351, 悠游趣闻：, 拜访藏锋谷, 9, 18352, 悠游趣闻：, 拾趣藏锋谷, 0, 0, , 0, 0, , 0, 0, , 0, 0, , 52, 1, 5, 32000, 2128001, 1, 40103052, 1, 6, 260, 1151, 40102163, 1, 0, 0, 1, 40102163, 1, ..//Imagesets//Icons//Atlas//Atlas_cangfenggu.png, ..//Imagesets//Icons//Atlas//Atlas_huaweijiesuo.png, 阅读珍本与善本画卷可将其纳入收藏并获得奖励。, ..//Imagesets//Icons//Atlas//Atlas_cangfenggu.png, 藏锋谷--宋初建造之时，曾在山底挖出一块石碑，上书：“非远武不足以藏锋”八个苍劲大字，此地因此得名。, 此列废弃, , 0, , , 0, , 0, 84000, 10240001, 0, 0, 40103132, 1, 1, 70, 5, 
506, 画卷：燕来镇, 10001, [2], 燕来镇（慧眼决可高效的定位目标）, 2, 画卷, 2, 2, 10004, 1, 时辰变化：, 未时或申时, 12603, 1, 天象气候：, 晴天, 9, 18361, 悠游趣闻：, 拾趣燕来镇, 9, 18362, 悠游趣闻：, 燕来镇萌猫, 0, 0, , 0, 0, , 0, 0, , 0, 0, , 53, 1, 5, 32000, 2128001, 1, 40103052, 1, 6, 260, 1156, 40102168, 1, 0, 0, 1, 40102168, 1, ..//Imagesets//Icons//Atlas//Atlas_daotian.png, ..//Imagesets//Icons//Atlas//Atlas_huaweijiesuo.png, 阅读珍本与善本画卷可将其纳入收藏并获得奖励。, ..//Imagesets//Icons//Atlas//Atlas_daotian.png, 燕来镇--位于鹧鸪岭的药王镇被大火毁之一炬之后，镇民们在不远的地方择地新建了燕来镇，自此安家落户，已有几十年了。, 此列废弃, , 0, , , 0, , 0, 84000, 10240001, 0, 0, 40103133, 1, 1, 70, 5, 
505, 画卷：送君廊, 10001, [14], 送君廊（慧眼决可高效的定位目标）, 2, 画卷, 2, 2, 10006, 1, 时辰变化：, 戌时或亥时, 12603, 1, 天象气候：, 晴天, 9, 18359, 云游揽胜：, 送君廊绝景, 9, 18360, 悠游趣闻：, 拾趣送君廊, 0, 0, , 0, 0, , 0, 0, , 0, 0, , 54, 1, 5, 32000, 2128001, 1, 40103052, 1, 6, 260, 1155, 40102167, 1, 0, 0, 1, 40102167, 1, ..//Imagesets//Icons//Atlas//Atlas_wangjunlang.png, ..//Imagesets//Icons//Atlas//Atlas_huaweijiesuo.png, 阅读珍本与善本画卷可将其纳入收藏并获得奖励。, ..//Imagesets//Icons//Atlas//Atlas_wangjunlang.png, 送君廊--唐末时期征战不休，数百壮大被强征入伍，家中妻室延廊送伍，哭声百里，时称送君廊。, 此列废弃, , 0, , , 0, , 0, 84000, 10240001, 0, 0, 40103134, 1, 1, 70, 5, 
509, 画卷：离魂峡, 10001, [22], 离魂峡（慧眼决可高效的定位目标）, 2, 画卷, 2, 3, 10005, 1, 时辰变化：, 酉时, 12603, 1, 天象气候：, 晴天, 9, 18367, 云游揽胜：, 离魂峡绝景, 9, 18368, 悠游趣闻：, 拾趣离魂峡, 0, 0, , 0, 0, , 0, 0, , 0, 0, , 55, 1, 5, 32000, 2128001, 1, 40103052, 1, 6, 260, 1159, 40102171, 1, 0, 0, 1, 40102171, 1, ..//Imagesets//Icons//Atlas//Atlas_lihunxia.png, ..//Imagesets//Icons//Atlas//Atlas_huaweijiesuo.png, 阅读珍本与善本画卷可将其纳入收藏并获得奖励。, ..//Imagesets//Icons//Atlas//Atlas_lihunxia.png, 离魂峡--奇异之地，不知从何时起飞禽走兽，树木花草均无法在此生息。传闻人只要走入峡内，灵魂就会脱离肉体死去，所以称之为离魂峡。, 此列废弃, , 0, , , 0, , 0, 84000, 10240001, 0, 0, 40103135, 1, 1, 70, 5, 
502, 画卷：化清古佛, 10001, [6], 化清寺（慧眼决可高效的定位目标）, 2, 画卷, 2, 3, 10001, 1, 时辰变化：, 卯时, 12603, 1, 天象气候：, 晴天, 9, 18353, 云游揽胜：, 华清寺绝景, 9, 18354, 悠游趣闻：, 拾趣华清寺, 0, 0, , 0, 0, , 0, 0, , 0, 0, , 56, 1, 5, 32000, 2128001, 1, 40103052, 1, 6, 260, 1152, 40102164, 1, 0, 0, 1, 40102164, 1, ..//Imagesets//Icons//Atlas//Atlas_jiuhuadafo.png, ..//Imagesets//Icons//Atlas//Atlas_huaweijiesuo.png, 阅读珍本与善本画卷可将其纳入收藏并获得奖励。, ..//Imagesets//Icons//Atlas//Atlas_jiuhuadafo.png, 九华山--古称陵阳山、九子山，因有九峰形似莲花，因此而得名。于唐天宝年间改名九华山。山形峭拔凌空，素有“东南第一山”之称。, 此列废弃, , 0, , , 0, , 0, 90000, 10240001, 0, 0, 40103136, 1, 1, 70, 5, 
503, 画卷：得意坊, 10001, [10], 得意坊（慧眼决可高效的定位目标）, 2, 画卷, 2, 3, 10007, 1, 时辰变化：, 子时, 12603, 1, 天象气候：, 晴天, 9, 18355, 云游揽胜：, 得意坊绝景, 9, 18356, 悠游趣闻：, 拾趣得意坊, 0, 0, , 0, 0, , 0, 0, , 0, 0, , 57, 1, 5, 32000, 2128001, 1, 40103052, 1, 6, 260, 1153, 40102165, 1, 0, 0, 1, 40102165, 1, ..//Imagesets//Icons//Atlas//Atlas_deyifang.png, ..//Imagesets//Icons//Atlas//Atlas_huaweijiesuo.png, 阅读珍本与善本画卷可将其纳入收藏并获得奖励。, ..//Imagesets//Icons//Atlas//Atlas_deyifang.png, 得意坊--以酒得名，所酿之酒享誉九华。却因赌而败，无数人在此地的赌坊一掷千金，落得家破人亡，久而久之，已成千夫所指之地。, 此列废弃, , 0, , , 0, , 0, 90000, 10240001, 0, 0, 40103137, 1, 1, 70, 5, 
508, 画卷：孔雀山庄, 10001, [12], 孔雀山庄（慧眼决可高效的定位目标）, 2, 画卷, 2, 4, 10003, 1, 时辰变化：, 午时, 12617, 1, 天象气候：, 烈日, 9, 18365, 云游揽胜：, 孔雀山庄绝景, 9, 18366, 悠游趣闻：, 拾趣孔雀山庄, 0, 0, , 0, 0, , 0, 0, , 0, 0, , 58, 1, 5, 32000, 2128001, 1, 40103052, 1, 6, 260, 1158, 40102170, 1, 0, 0, 1, 40102170, 1, ..//Imagesets//Icons//Atlas//Atlas_kongqueshanzhuang.png, ..//Imagesets//Icons//Atlas//Atlas_huaweijiesuo.png, 阅读珍本与善本画卷可将其纳入收藏并获得奖励。, ..//Imagesets//Icons//Atlas//Atlas_kongqueshanzhuang.png, 孔雀山庄--因孔雀翎而得名，享誉江湖数百年，庄内人很少在江湖走动，是一个充满神秘，象征着无限武力的地方。, 此列废弃, , 0, , , 0, , 0, 126000, 10240001, 0, 0, 40103138, 1, 1, 70, 5, 
504, 画卷：芳华谷, 10001, [9], 芳华谷（慧眼决可高效的定位目标）, 2, 画卷, 2, 4, 10002, 1, 时辰变化：, 辰时或巳时, 12600, 1, 天象气候：, 冷雨, 9, 18357, 悠游趣闻：, 拾趣芳华谷, 9, 18358, 悠游趣闻：, 拜访芳华谷, 0, 0, , 0, 0, , 0, 0, , 0, 0, , 59, 1, 5, 32000, 2128001, 1, 40103052, 1, 6, 260, 1154, 40102166, 1, 0, 0, 1, 40102166, 1, ..//Imagesets//Icons//Atlas//Atlas_xfanghuagu.png, ..//Imagesets//Icons//Atlas//Atlas_huaweijiesuo.png, 阅读珍本与善本画卷可将其纳入收藏并获得奖励。, ..//Imagesets//Icons//Atlas//Atlas_xfanghuagu.png, 芳华谷--因花而得名，桃花满地，阡陌相依，这里的村民远世隐居，无欲无求。, 此列废弃, , 0, , , 0, , 0, 126000, 10240001, 0, 0, 40103139, 1, 1, 70, 5, 
507, 画卷：血衣楼, 10001, [20], 血衣楼（慧眼决可高效的定位目标）, 2, 画卷, 2, 4, 10004, 1, 时辰变化：, 未时或申时, 12600, 1, 天象气候：, 冷雨, 9, 18363, 云游揽胜：, 血衣楼绝景, 9, 18364, 悠游趣闻：, 拾趣血衣楼, 0, 0, , 0, 0, , 0, 0, , 0, 0, , 60, 1, 5, 32000, 2128001, 1, 40103052, 1, 6, 260, 1157, 40102169, 1, 0, 0, 1, 40102169, 1, ..//Imagesets//Icons//Atlas//Atlas_jiangyinpan.png, ..//Imagesets//Icons//Atlas//Atlas_huaweijiesuo.png, 阅读珍本与善本画卷可将其纳入收藏并获得奖励。, ..//Imagesets//Icons//Atlas//Atlas_jiangyinpan.png, 血衣楼总坛--血衣楼乃是神秘的杀手组织，于九华倒行逆施早已人神公愤，总坛内更是高手如云，从来没有人能活着前往一探究竟。, 此列废弃, , 0, , , 0, , 0, 126000, 10240001, 0, 0, 40103140, 1, 1, 70, 5, 
510, 画卷：血衣禁地, 10001, [21], 禁地（慧眼决可高效的定位目标）, 2, 画卷, 2, 5, 10008, 1, 时辰变化：, 丑时或寅时, 12603, 1, 天象气候：, 晴天, 9, 18370, 悠游趣闻：, 拾趣血衣禁地, 9, 18375, 墨宝收藏：, 收集九华墨宝, 0, 0, , 0, 0, , 0, 0, , 0, 0, , 60, 1, 5, 32000, 2128001, 1, 40103052, 1, 5, 260, 1160, 40102172, 1, 0, 0, 1, 40102172, 1, ..//Imagesets//Icons//Atlas//Atlas_xueyilou.png, ..//Imagesets//Icons//Atlas//Atlas_huaweijiesuo.png, 阅读珍本与善本画卷可将其纳入收藏并获得奖励。, ..//Imagesets//Icons//Atlas//Atlas_xueyilou.png, 血衣楼--神秘杀手组织，一向以神秘冷酷自居，无人知晓其藏身之地。近年来行事越发乖张大胆，渐渐被江湖所周知。, 此列废弃, , 0, , , 0, , 0, 126000, 10240001, 0, 0, 40103141, 1, 1, 70, 5, 
601, 画卷：云来镇, 10005, [18$$ 21], 云来镇、听雨峰（慧眼决可高效的定位目标）, 2, 画卷, 2, 1, 10004, 1, 时辰变化：, 未时或申时, 12961, 1, 天象气候：, 冷雨, 9, 18506, 悠游趣闻：, 拾趣云来镇, 9, 18507, 悠游趣闻：, 拾趣云来镇, 0, 0, , 0, 0, , 0, 0, , 0, 0, , 86, 1, 10, 32000, 2128001, 1, 40103053, 1, 16, 640, 1401, 40102241, 1, 0, 0, 1, 40102241, 1, ..//Imagesets//Icons//Atlas//Atlas_yunlaizhen.png, ..//Imagesets//Icons//Atlas//Atlas_huaweijiesuo.png, 阅读珍本与善本画卷可将其纳入收藏并获得奖励。, ..//Imagesets//Icons//Atlas//Atlas_yunlaizhen.png, 云来镇--位于风啸崖上的古镇；蜀山多险峻，风去云来岭上自有一番风景。, 此列废弃, , 0, , , 0, , 0, 300000, 153600001, 0, 0, 40103175, 1, 1, 90, 10, 
602, 画卷：逢捷镇, 10005, [11], 逢捷镇（慧眼决可高效的定位目标）, 2, 画卷, 2, 2, 10006, 1, 时辰变化：, 戌时或亥时, 12969, 1, 天象气候：, 大雨, 9, 18502, 悠游趣闻：, 拾趣逢捷镇, 9, 18503, 悠游趣闻：, 拜访逢捷镇, 0, 0, , 0, 0, , 0, 0, , 0, 0, , 87, 1, 10, 32000, 2128001, 1, 40103053, 1, 16, 640, 1402, 40102242, 1, 0, 0, 1, 40102242, 1, ..//Imagesets//Icons//Atlas//Atlas_fengjiezhen.png, ..//Imagesets//Icons//Atlas//Atlas_huaweijiesuo.png, 阅读珍本与善本画卷可将其纳入收藏并获得奖励。, ..//Imagesets//Icons//Atlas//Atlas_fengjiezhen.png, 逢捷镇--古来蜀中少战事，渝江天险阻大军，每每捷报均自此地传开，寓意吉运之兆。, 此列废弃, , 0, , , 0, , 0, 300000, 153600001, 0, 0, 40103176, 1, 1, 90, 10, 
603, 画卷：凌云壁, 10005, [13], 凌云壁、望龙岭（慧眼决可高效的定位目标）, 2, 画卷, 2, 2, 10001, 1, 时辰变化：, 卯时, 12963, 1, 天象气候：, 阴霾, 9, 18504, 悠游趣闻：, 拾趣凌云壁, 9, 18505, 悠游趣闻：, 拾趣凌云壁, 0, 0, , 0, 0, , 0, 0, , 0, 0, , 87, 1, 10, 32000, 2128001, 1, 40103053, 1, 16, 640, 1403, 40102243, 1, 0, 0, 1, 40102243, 1, ..//Imagesets//Icons//Atlas//Atlas_lingyunbi.png, ..//Imagesets//Icons//Atlas//Atlas_huaweijiesuo.png, 阅读珍本与善本画卷可将其纳入收藏并获得奖励。, ..//Imagesets//Icons//Atlas//Atlas_lingyunbi.png, 凌云壁--蜀山万丈，峭壁凌云；此处绝顶之下又有古朝遗迹，人迹罕至。, 此列废弃, , 0, , , 0, , 0, 300000, 153600001, 0, 0, 40103177, 1, 1, 90, 10, 
604, 画卷：醉月居, 10005, [12], 醉月居（慧眼决可高效的定位目标）, 2, 画卷, 2, 3, 10006, 1, 时辰变化：, 戌时或亥时, 12964, 1, 天象气候：, 晴天, 9, 18500, 悠游趣闻：, 拾趣醉月居, 9, 18501, 悠游趣闻：, 拾趣醉月居, 0, 0, , 0, 0, , 0, 0, , 0, 0, , 88, 1, 11, 32000, 2128001, 1, 40103053, 1, 16, 640, 1404, 40102244, 1, 0, 0, 1, 40102244, 1, ..//Imagesets//Icons//Atlas//Atlas_zuiyuexuan.png, ..//Imagesets//Icons//Atlas//Atlas_huaweijiesuo.png, 阅读珍本与善本画卷可将其纳入收藏并获得奖励。, ..//Imagesets//Icons//Atlas//Atlas_zuiyuexuan.png, 醉月居--此处本是名门望族避暑观景所建山庄；公子羽出入蜀中之时此地主人赠之。公子羽与明月心结下情缘，才将此地改名醉月居，以慰佳人。, 此列废弃, , 0, , , 0, , 0, 300000, 153600001, 0, 0, 40103178, 1, 1, 90, 10, 
605, 画卷：御风堂, 10005, [3$$ 2], 御风堂、烟霞林（慧眼决可高效的定位目标）, 2, 画卷, 2, 3, 10002, 1, 时辰变化：, 辰时或巳时, 12964, 1, 天象气候：, 晴天, 9, 18508, 悠游趣闻：, 拾趣御风堂, 9, 18509, 悠游趣闻：, 拜访御风堂, 0, 0, , 0, 0, , 0, 0, , 0, 0, , 88, 1, 11, 32000, 2128001, 1, 40103053, 1, 16, 640, 1405, 40102245, 1, 0, 0, 1, 40102245, 1, ..//Imagesets//Icons//Atlas//Atlas_yufengtang.png, ..//Imagesets//Icons//Atlas//Atlas_huaweijiesuo.png, 阅读珍本与善本画卷可将其纳入收藏并获得奖励。, ..//Imagesets//Icons//Atlas//Atlas_yufengtang.png, 御风堂--既是唐门胜景之一亦是唐门枢要之地，掌门处理门中事务之地。, 此列废弃, , 0, , , 0, , 0, 300000, 153600001, 0, 0, 40103179, 1, 1, 90, 10, 
606, 画卷：万青竹海, 10005, [6$$ 4$$ 7], 竹海、星云岭、碎星楼（慧眼决可高效的定位目标）, 2, 画卷, 2, 4, 10008, 1, 时辰变化：, 丑时或寅时, 12963, 1, 天象气候：, 阴霾, 9, 18510, 悠游趣闻：, 拾趣万青竹海, 9, 18511, 悠游趣闻：, 拾趣万青竹海, 0, 0, , 0, 0, , 0, 0, , 0, 0, , 89, 1, 11, 32000, 2128001, 1, 40103053, 1, 16, 640, 1406, 40102246, 1, 0, 0, 1, 40102246, 1, ..//Imagesets//Icons//Atlas//Atlas_wanqingzhuhai.png, ..//Imagesets//Icons//Atlas//Atlas_huaweijiesuo.png, 阅读珍本与善本画卷可将其纳入收藏并获得奖励。, ..//Imagesets//Icons//Atlas//Atlas_wanqingzhuhai.png, 星云岭--唐门最适合观星之地，盛夏晴夜，银河九曲、万点繁星，传说唐门绝学亦在此地诞生。, 此列废弃, , 0, , , 0, , 0, 300000, 153600001, 0, 0, 40103180, 1, 1, 90, 10, 
607, 画卷：翠海, 10005, [1], 翠海（慧眼决可高效的定位目标）, 2, 画卷, 2, 4, 10003, 1, 时辰变化：, 午时, 12968, 1, 天象气候：, 烈日, 9, 18512, 悠游趣闻：, 拾趣翠海, 9, 18513, 悠游趣闻：, 拾趣翠海, 0, 0, , 0, 0, , 0, 0, , 0, 0, , 89, 1, 11, 32000, 2128001, 1, 40103053, 1, 16, 640, 1407, 40102247, 1, 0, 0, 1, 40102247, 1, ..//Imagesets//Icons//Atlas//Atlas_cuihai.png, ..//Imagesets//Icons//Atlas//Atlas_huaweijiesuo.png, 阅读珍本与善本画卷可将其纳入收藏并获得奖励。, ..//Imagesets//Icons//Atlas//Atlas_cuihai.png, 翠海--山间低谷，密林如海，风起之时，林音犹如碧海涛声。, 此列废弃, , 0, , , 0, , 0, 300000, 153600001, 0, 0, 40103181, 1, 1, 90, 10, 
608, 画卷：忘忧谷, 10005, [5], 忘忧谷（慧眼决可高效的定位目标）, 2, 画卷, 2, 5, 10007, 1, 时辰变化：, 子时, 12964, 1, 天象气候：, 晴天, 9, 18514, 悠游趣闻：, 拾趣忘忧谷, 9, 18515, 墨宝收藏：, 收集巴蜀墨宝, 0, 0, , 0, 0, , 0, 0, , 0, 0, , 90, 1, 12, 32000, 2128001, 1, 40103053, 1, 16, 640, 1408, 40102248, 1, 0, 0, 1, 40102248, 1, ..//Imagesets//Icons//Atlas//Atlas_wangyougu.png, ..//Imagesets//Icons//Atlas//Atlas_huaweijiesuo.png, 阅读珍本与善本画卷可将其纳入收藏并获得奖励。, ..//Imagesets//Icons//Atlas//Atlas_wangyougu.png, 忘忧谷--唐门后山通幽曲径，小桥流水、绿竹成趣，令人忘忧。, 此列废弃, , 0, , , 0, , 0, 500000, 153600001, 0, 0, 40103182, 1, 1, 90, 10, 
