iId, stItemInfo, enumQuality, nValueLV, nLimitLVMin, nLimitLVMax, szMartialArtDemandArray, JobDemandArray, enumSexDemandArray, nAllianceId, nAllianceDutyArray, nSellCost, nSellMoneyType, nSellItem, nSellItemNum, enumBinding, bTradeBound, bDiscardAble, bSellAble, bMailAble, bBankAble, bPitchAble, bGoldLock, bActiveOpen, bDropGenTransfer, szExplain, szBackground, nMaleItemId, nFmaleItemId, nLoliItemId, UseCondition, nUseNum, OtherClientEffect, enumPreProcessType, dwSkillEffect, eExtraEffectType, nExtraEffectParam, ?, ExpireCronArray, dwCountLimitID, nTransferIDArray, nPackMax, nExtParamType, nTypeParam, ?, fCDLength, nGCDGroupIDArray, fGCDLengthArray, fGCDFactorArray, nEquipCareer, szEquipCareerArray, nJiangXinValue, szPositionArray, szPositionPlaceArray, bSplitAble, bEnhanceAble, bJiangXinAble, bTejiAble, nEnhanceLevelMax, enumDurable, nDurableValue, nATKWaigongMin, nATKWaigongMax, nATKNeigongMin, nATKNeigongMax, nDEFWaigong, nDEFNeigong, nATKDingli, nDEFDingli, nSTR, nSPI, nSTA, nINS, nDEX, nRENJIN, nGLI, nJianxin, nDingliMax, nHpMax, fHitPCT, fDodgePCT, fCritPCT, fCritDamage, nWaigongAvoid, nWaigongAvoidLv, nNeigongAvoid, nNeigongAvoidLv, nWaigongAtkWeakVal, nNeigongAtkWeakVal, nWaigongDefWeakVal, nNeigongDefWeakVal, nDmgEnhanceLv, nCureEffect, Property1, eAttrCond2, nAttrCondParam2, Property2, eAttrCond3, nAttrCondParam3, Property3, nRepairCost, iRepairMaterialIDArray, fRepairUnitMaterialValueArray, nArcherBowTime, nArcherBowKeepTime, nDecoIDArray, nSpellIDArray, nArcherATKMaxLevel, szPackage2D, szTIPS2D, dwDrop3DID, szDropEffectFileName, szAvatar3D_b, szAvatar3D_c, szAvatar3D_d, szAvatar3D_z, szAvatar3DNpcID_b, szAvatar3DNpcID_c, szAvatar3DNpcID_d, szAvatar3DNpcID_z, bIsAvatarOutSide, ddCatDesc, szShopIcon, enumAuctionType, dwItemAudioId, dwSetID, nFurnitureType, nFurnitureStyle, bSellAuction, nXinfaId, eTipProcessType, szSpecialExplain, szSpecialBackground, enumOpenUIType, szFromWhere, szHowToUse, eEquipType, nFarmTypeRequireArray, nFarmBelongerTypeRequireArray, nCropColorRatioLowArray, nCropColorRatioMediumArray, nCropColorRatioHighArray, dwSMBPanelId, sSMBContentScript, sSMBLuaScript, nRecyleQuestId, nDiscardEntityId, nPickScore, nCondSpellIDArray, nCondTypeArray, nCondParamArray, 
9200100, 真武·应帝王, 2, 2, 75, 0, -1, , 1$$ 2$$ 3, 0, , 0, 1, 0, 0, 0, 0, 1, 0, 0, 0, 0, 0, 0, 0, 装备对应职业的主武器，便可获得此职业的2个攻击技能。<br>切换主武器即可切换对应职业技能。<br>主武器不可从装备栏取下，只能进行替换操作。, , 0, 0, 0, , 0, , 0, 0, 0, 0, 0, 20000, 0, 0, , 0, 0, 0, 0.0, , , , 0, 0, 0, 0, , 0, 0, 0, 1, 0, 2, 0, 3855, 3955, 0, 0, 0, 0, 0, 0, 0, 0, 0, 0, 0, 0, 0, 0, 0, 0, 0.0, 0.0, 0.0, 0.0, 0, 0, 0, 0, 0, 0, 0, 0, 0, 0, 210001, 0, 0, 0, 0, 0, 0, 0, , , 0, 0, , 96150$$ 96100, 0, icon_40_equip_main_ZW_HJian_0116_Model, icon_64_equip_main_ZW_HJian_0116_Model, 0, , Weapon_ZW_M_Main1_1016;Weapon_ZW_M_Main2_1016, , Weapon_ZW_M_Main1_1016;Weapon_ZW_M_Main2_1016, Weapon_ZW_M_Main1_1016;Weapon_ZW_M_Main2_1016, , , , , 0, , , 29, 2000004, 0, 0, 0, 0, 0, 0, , , 0, , , 2, , , , , , 0, , , 0, 20400010, 1, , , , 
9200101, 真武·养生主, 3, 3, 75, 0, -1, , 1$$ 2$$ 3, 0, , 0, 1, 0, 0, 0, 0, 1, 0, 0, 0, 0, 0, 0, 0, 装备对应职业的主武器，便可获得此职业的2个攻击技能。<br>切换主武器即可切换对应职业技能。<br>主武器不可从装备栏取下，只能进行替换操作。, , 0, 0, 0, , 0, , 0, 0, 0, 0, 0, 20000, 0, 0, , 0, 0, 0, 0.0, , , , 0, 0, 0, 0, , 0, 0, 0, 1, 0, 2, 0, 4345, 4445, 0, 0, 0, 0, 0, 0, 0, 0, 0, 0, 0, 0, 0, 0, 0, 0, 0.0, 0.0, 0.0, 0.0, 0, 0, 0, 0, 0, 0, 0, 0, 0, 0, 210001, 0, 0, 0, 0, 0, 0, 0, , , 0, 0, , 96150$$ 96100, 0, icon_40_equip_main_ZW_HJian_0117_Model, icon_64_equip_main_ZW_HJian_0117_Model, 0, , Weapon_ZW_M_Main1_1017;Weapon_ZW_M_Main2_1017, , Weapon_ZW_M_Main1_1017;Weapon_ZW_M_Main2_1017, Weapon_ZW_M_Main1_1017;Weapon_ZW_M_Main2_1017, , , , , 0, , , 29, 2000004, 0, 0, 0, 0, 0, 0, , , 0, , , 2, , , , , , 0, , , 0, 20400010, 2, , , , 
9200102, 真武·紫霞双剑, 4, 4, 75, 0, -1, , 1$$ 2$$ 3, 0, , 0, 1, 0, 0, 0, 0, 1, 0, 0, 0, 0, 0, 0, 0, 装备对应职业的主武器，便可获得此职业的2个攻击技能。<br>切换主武器即可切换对应职业技能。<br>主武器不可从装备栏取下，只能进行替换操作。, , 0, 0, 0, , 0, , 0, 0, 0, 0, 0, 20000, 0, 0, , 0, 0, 0, 0.0, , , , 0, 0, 0, 0, , 0, 0, 0, 1, 0, 2, 0, 5255, 5355, 0, 0, 0, 0, 0, 0, 0, 0, 0, 0, 0, 0, 0, 0, 0, 0, 0.0, 0.0, 0.0, 0.0, 0, 0, 0, 0, 0, 0, 0, 0, 0, 0, 210001, 0, 0, 0, 0, 0, 0, 0, , , 0, 0, , 96150$$ 96100, 0, icon_40_equip_main_ZW_HJian_0112_Model, icon_64_equip_main_ZW_HJian_0112_Model, 0, , Weapon_ZW_M_Main1_1012;Weapon_ZW_M_Main2_1012, , Weapon_ZW_M_Main1_1012;Weapon_ZW_M_Main2_1012, Weapon_ZW_M_Main1_1012;Weapon_ZW_M_Main2_1012, , , , , 0, , , 29, 2000004, 0, 0, 0, 0, 0, 0, , , 0, , , 2, , , , , , 0, , , 0, 20400010, 3, , , , 
9200103, 真武·初心, 0, 1, 75, 0, -1, , 1$$ 2$$ 3, 0, , 0, 1, 0, 0, 0, 0, 1, 0, 0, 0, 0, 0, 0, 0, 装备对应职业的主武器，便可获得此职业的2个攻击技能。<br>切换主武器即可切换对应职业技能。<br>主武器不可从装备栏取下，只能进行替换操作。, , 0, 0, 0, , 0, , 0, 0, 0, 0, 0, 20000, 0, 0, , 0, 0, 0, 0.0, , , , 0, 0, 0, 0, , 0, 0, 0, 1, 0, 2, 0, 3435, 3535, 0, 0, 0, 0, 0, 0, 0, 0, 0, 0, 0, 0, 0, 0, 0, 0, 0.0, 0.0, 0.0, 0.0, 0, 0, 0, 0, 0, 0, 0, 0, 0, 0, 210001, 0, 0, 0, 0, 0, 0, 0, , , 0, 0, , 96150$$ 96100, 0, icon_40_equip_main_ZW_HJian_0112_Model, icon_64_equip_main_ZW_HJian_0112_Model, 0, , Weapon_ZW_M_Main1_1012;Weapon_ZW_M_Main2_1012, , Weapon_ZW_M_Main1_1012;Weapon_ZW_M_Main2_1012, Weapon_ZW_M_Main1_1012;Weapon_ZW_M_Main2_1012, , , , , 0, , , 29, 2000004, 0, 0, 0, 0, 0, 0, , , 0, , , 2, , , , , , 0, , , 0, 20400010, 1, , , , 
9200104, 真武·内圣外王, 5, 5, 75, 0, -1, , 1$$ 2$$ 3, 0, , 0, 1, 0, 0, 0, 0, 1, 0, 0, 0, 0, 0, 0, 0, 装备对应职业的主武器，便可获得此职业的2个攻击技能。<br>切换主武器即可切换对应职业技能。<br>主武器不可从装备栏取下，只能进行替换操作。, , 0, 0, 0, , 0, , 0, 0, 0, 0, 0, 20000, 0, 0, , 0, 0, 0, 0.0, , , , 0, 0, 0, 0, , 0, 0, 0, 1, 0, 2, 0, 5755, 5855, 0, 0, 0, 0, 0, 0, 0, 0, 0, 0, 0, 0, 0, 0, 0, 0, 0.0, 0.0, 0.0, 0.0, 0, 0, 0, 0, 0, 0, 0, 0, 0, 0, 210001, 0, 0, 0, 0, 0, 0, 0, , , 0, 0, , 96150$$ 96100, 0, icon_40_equip_main_ZW_Jian_5001, icon_64_equip_main_ZW_Jian_5001, 0, , Weapon_ZW_M_Main1_5001;Weapon_ZW_M_Main2_5001, , Weapon_ZW_M_Main1_5001;Weapon_ZW_M_Main2_5001, Weapon_ZW_M_Main1_5001;Weapon_ZW_M_Main2_5001, , , , , 0, , , 29, 2000004, 0, 0, 0, 0, 0, 0, , , 0, , , 2, , , , , , 0, , , 0, 20400010, 3, , , , 
9200110, 神威·狼烟, 2, 2, 75, 0, -1, , 1$$ 2$$ 3, 0, , 0, 1, 0, 0, 0, 0, 1, 0, 0, 0, 0, 0, 0, 0, 装备对应职业的主武器，便可获得此职业的2个攻击技能。<br>切换主武器即可切换对应职业技能。<br>主武器不可从装备栏取下，只能进行替换操作。, , 0, 0, 0, , 0, , 0, 0, 0, 0, 0, 20000, 0, 0, , 0, 0, 0, 0.0, , , , 2, 2, 0, 0, , 0, 0, 0, 1, 0, 2, 0, 3855, 3955, 0, 0, 0, 0, 0, 0, 0, 0, 0, 0, 0, 0, 0, 0, 0, 0, 0.0, 0.0, 0.0, 0.0, 0, 0, 0, 0, 0, 0, 0, 0, 0, 0, 0, 0, 0, 0, 0, 0, 0, 0, , , 0, 0, , 96740$$ 96710, 0, icon_40_equip_main_SW_Qiang_2H_0014, icon_64_equip_main_SW_Qiang_2H_0014, 0, , Weapon_SW_M_Main_1017, , Weapon_SW_F_Main_1017, Weapon_SW_Z_Main_1017, , , , , 0, , , 29, 2000006, 0, 0, 0, 0, 0, 0, , , 0, , , 2, , , , , , 0, , , 0, 20400010, 1, , , , 
9200111, 神威·凤魂, 3, 3, 75, 0, -1, , 1$$ 2$$ 3, 0, , 0, 1, 0, 0, 0, 0, 1, 0, 0, 0, 0, 0, 0, 0, 装备对应职业的主武器，便可获得此职业的2个攻击技能。<br>切换主武器即可切换对应职业技能。<br>主武器不可从装备栏取下，只能进行替换操作。, , 0, 0, 0, , 0, , 0, 0, 0, 0, 0, 20000, 0, 0, , 0, 0, 0, 0.0, , , , 2, 2, 0, 0, , 0, 0, 0, 1, 0, 2, 0, 4345, 4445, 0, 0, 0, 0, 0, 0, 0, 0, 0, 0, 0, 0, 0, 0, 0, 0, 0.0, 0.0, 0.0, 0.0, 0, 0, 0, 0, 0, 0, 0, 0, 0, 0, 0, 0, 0, 0, 0, 0, 0, 0, , , 0, 0, , 96740$$ 96710, 0, icon_40_equip_main_SW_Qiang_2H_0013, icon_64_equip_main_SW_Qiang_2H_0013, 0, , Weapon_SW_M_Main_1016, , Weapon_SW_F_Main_1016, Weapon_SW_Z_Main_1016, , , , , 0, , , 29, 2000006, 0, 0, 0, 0, 0, 0, , , 0, , , 2, , , , , , 0, , , 0, 20400010, 2, , , , 
9200112, 神威·贯日, 4, 4, 75, 0, -1, , 1$$ 2$$ 3, 0, , 0, 1, 0, 0, 0, 0, 1, 0, 0, 0, 0, 0, 0, 0, 装备对应职业的主武器，便可获得此职业的2个攻击技能。<br>切换主武器即可切换对应职业技能。<br>主武器不可从装备栏取下，只能进行替换操作。, , 0, 0, 0, , 0, , 0, 0, 0, 0, 0, 20000, 0, 0, , 0, 0, 0, 0.0, , , , 2, 2, 0, 0, , 0, 0, 0, 1, 0, 2, 0, 5255, 5355, 0, 0, 0, 0, 0, 0, 0, 0, 0, 0, 0, 0, 0, 0, 0, 0, 0.0, 0.0, 0.0, 0.0, 0, 0, 0, 0, 0, 0, 0, 0, 0, 0, 0, 0, 0, 0, 0, 0, 0, 0, , , 0, 0, , 96740$$ 96710, 0, icon_40_equip_main_SW_Qiang_2H_0012, icon_64_equip_main_SW_Qiang_2H_0012, 0, , Weapon_SW_M_Main_1015, , Weapon_SW_F_Main_1015, Weapon_SW_Z_Main_1015, , , , , 0, , , 29, 2000006, 0, 0, 0, 0, 0, 0, , , 0, , , 2, , , , , , 0, , , 0, 20400010, 3, , , , 
9200113, 神威·初心, 0, 1, 75, 0, -1, , 1$$ 2$$ 3, 0, , 0, 1, 0, 0, 0, 0, 1, 0, 0, 0, 0, 0, 0, 0, 装备对应职业的主武器，便可获得此职业的2个攻击技能。<br>切换主武器即可切换对应职业技能。<br>主武器不可从装备栏取下，只能进行替换操作。, , 0, 0, 0, , 0, , 0, 0, 0, 0, 0, 20000, 0, 0, , 0, 0, 0, 0.0, , , , 2, 2, 0, 0, , 0, 0, 0, 1, 0, 2, 0, 3435, 3535, 0, 0, 0, 0, 0, 0, 0, 0, 0, 0, 0, 0, 0, 0, 0, 0, 0.0, 0.0, 0.0, 0.0, 0, 0, 0, 0, 0, 0, 0, 0, 0, 0, 0, 0, 0, 0, 0, 0, 0, 0, , , 0, 0, , 96740$$ 96710, 0, icon_40_equip_main_SW_Qiang_2H_0012, icon_64_equip_main_SW_Qiang_2H_0012, 0, , Weapon_SW_M_Main_1015, , Weapon_SW_F_Main_1015, Weapon_SW_Z_Main_1015, , , , , 0, , , 29, 2000006, 0, 0, 0, 0, 0, 0, , , 0, , , 2, , , , , , 0, , , 0, 20400010, 1, , , , 
9200114, 神威·十谏征君, 5, 5, 75, 0, -1, , 1$$ 2$$ 3, 0, , 0, 1, 0, 0, 0, 0, 1, 0, 0, 0, 0, 0, 0, 0, 装备对应职业的主武器，便可获得此职业的2个攻击技能。<br>切换主武器即可切换对应职业技能。<br>主武器不可从装备栏取下，只能进行替换操作。, , 0, 0, 0, , 0, , 0, 0, 0, 0, 0, 20000, 0, 0, , 0, 0, 0, 0.0, , , , 2, 2, 0, 0, , 0, 0, 0, 1, 0, 2, 0, 5755, 5855, 0, 0, 0, 0, 0, 0, 0, 0, 0, 0, 0, 0, 0, 0, 0, 0, 0.0, 0.0, 0.0, 0.0, 0, 0, 0, 0, 0, 0, 0, 0, 0, 0, 0, 0, 0, 0, 0, 0, 0, 0, , , 0, 0, , 96740$$ 96710, 0, icon_40_equip_main_SW_Qiang_5001, icon_64_equip_main_SW_Qiang_5001, 0, , Weapon_SW_M_Main_5001, , Weapon_SW_F_Main_5001, Weapon_SW_Z_Main_5001, , , , , 0, , , 29, 2000006, 0, 0, 0, 0, 0, 0, , , 0, , , 2, , , , , , 0, , , 0, 20400010, 3, , , , 
9200120, 丐帮·戏蝶, 2, 2, 75, 0, -1, , 1$$ 2$$ 3, 0, , 0, 1, 0, 0, 0, 0, 1, 0, 0, 0, 0, 0, 0, 0, 装备对应职业的主武器，便可获得此职业的2个攻击技能。<br>切换主武器即可切换对应职业技能。<br>主武器不可从装备栏取下，只能进行替换操作。, , 0, 0, 0, , 0, , 0, 0, 0, 0, 0, 20000, 0, 0, , 0, 0, 0, 0.0, , , , 3, 3, 0, 0, , 0, 0, 0, 1, 0, 2, 0, 3855, 3955, 0, 0, 0, 0, 0, 0, 0, 0, 0, 0, 0, 0, 0, 0, 0, 0, 0.0, 0.0, 0.0, 0.0, 0, 0, 0, 0, 0, 0, 0, 0, 0, 0, 0, 0, 0, 0, 0, 0, 0, 0, , , 0, 0, , 96640$$ 96610, 0, icon_40_equip_main_GB_Cuff_1047, icon_64_equip_main_GB_Cuff_1047, 0, , Weapon_GB_M_Main_1047, , Weapon_GB_F_Main_1047, Weapon_GB_Z_Main_1047, , , , , 0, , , 29, 2000005, 0, 0, 0, 0, 0, 0, , , 0, , , 2, , , , , , 0, , , 0, 20400010, 1, , , , 
9200121, 丐帮·分雨, 3, 3, 75, 0, -1, , 1$$ 2$$ 3, 0, , 0, 1, 0, 0, 0, 0, 1, 0, 0, 0, 0, 0, 0, 0, 装备对应职业的主武器，便可获得此职业的2个攻击技能。<br>切换主武器即可切换对应职业技能。<br>主武器不可从装备栏取下，只能进行替换操作。, , 0, 0, 0, , 0, , 0, 0, 0, 0, 0, 20000, 0, 0, , 0, 0, 0, 0.0, , , , 3, 3, 0, 0, , 0, 0, 0, 1, 0, 2, 0, 4345, 4445, 0, 0, 0, 0, 0, 0, 0, 0, 0, 0, 0, 0, 0, 0, 0, 0, 0.0, 0.0, 0.0, 0.0, 0, 0, 0, 0, 0, 0, 0, 0, 0, 0, 0, 0, 0, 0, 0, 0, 0, 0, , , 0, 0, , 96640$$ 96610, 0, icon_40_equip_main_GB_Cuff_1046, icon_64_equip_main_GB_Cuff_1046, 0, , Weapon_GB_M_Main_1046, , Weapon_GB_F_Main_1046, Weapon_GB_Z_Main_1046, , , , , 0, , , 29, 2000005, 0, 0, 0, 0, 0, 0, , , 0, , , 2, , , , , , 0, , , 0, 20400010, 2, , , , 
9200122, 丐帮·撩城, 4, 4, 75, 0, -1, , 1$$ 2$$ 3, 0, , 0, 1, 0, 0, 0, 0, 1, 0, 0, 0, 0, 0, 0, 0, 装备对应职业的主武器，便可获得此职业的2个攻击技能。<br>切换主武器即可切换对应职业技能。<br>主武器不可从装备栏取下，只能进行替换操作。, , 0, 0, 0, , 0, , 0, 0, 0, 0, 0, 20000, 0, 0, , 0, 0, 0, 0.0, , , , 3, 3, 0, 0, , 0, 0, 0, 1, 0, 2, 0, 5255, 5355, 0, 0, 0, 0, 0, 0, 0, 0, 0, 0, 0, 0, 0, 0, 0, 0, 0.0, 0.0, 0.0, 0.0, 0, 0, 0, 0, 0, 0, 0, 0, 0, 0, 0, 0, 0, 0, 0, 0, 0, 0, , , 0, 0, , 96640$$ 96610, 0, icon_40_equip_main_GB_Cuff_1045, icon_64_equip_main_GB_Cuff_1045, 0, , Weapon_GB_M_Main_1045, , Weapon_GB_F_Main_1045, Weapon_GB_Z_Main_1045, , , , , 0, , , 29, 2000005, 0, 0, 0, 0, 0, 0, , , 0, , , 2, , , , , , 0, , , 0, 20400010, 3, , , , 
9200123, 丐帮·初心, 0, 1, 75, 0, -1, , 1$$ 2$$ 3, 0, , 0, 1, 0, 0, 0, 0, 1, 0, 0, 0, 0, 0, 0, 0, 装备对应职业的主武器，便可获得此职业的2个攻击技能。<br>切换主武器即可切换对应职业技能。<br>主武器不可从装备栏取下，只能进行替换操作。, , 0, 0, 0, , 0, , 0, 0, 0, 0, 0, 20000, 0, 0, , 0, 0, 0, 0.0, , , , 3, 3, 0, 0, , 0, 0, 0, 1, 0, 2, 0, 3435, 3535, 0, 0, 0, 0, 0, 0, 0, 0, 0, 0, 0, 0, 0, 0, 0, 0, 0.0, 0.0, 0.0, 0.0, 0, 0, 0, 0, 0, 0, 0, 0, 0, 0, 0, 0, 0, 0, 0, 0, 0, 0, , , 0, 0, , 96640$$ 96610, 0, icon_40_equip_main_GB_Cuff_1045, icon_64_equip_main_GB_Cuff_1045, 0, , Weapon_GB_M_Main_1045, , Weapon_GB_F_Main_1045, Weapon_GB_Z_Main_1045, , , , , 0, , , 29, 2000005, 0, 0, 0, 0, 0, 0, , , 0, , , 2, , , , , , 0, , , 0, 20400010, 1, , , , 
9200124, 丐帮·我醉欲眠, 5, 5, 75, 0, -1, , 1$$ 2$$ 3, 0, , 0, 1, 0, 0, 0, 0, 1, 0, 0, 0, 0, 0, 0, 0, 装备对应职业的主武器，便可获得此职业的2个攻击技能。<br>切换主武器即可切换对应职业技能。<br>主武器不可从装备栏取下，只能进行替换操作。, , 0, 0, 0, , 0, , 0, 0, 0, 0, 0, 20000, 0, 0, , 0, 0, 0, 0.0, , , , 3, 3, 0, 0, , 0, 0, 0, 1, 0, 2, 0, 5755, 5855, 0, 0, 0, 0, 0, 0, 0, 0, 0, 0, 0, 0, 0, 0, 0, 0, 0.0, 0.0, 0.0, 0.0, 0, 0, 0, 0, 0, 0, 0, 0, 0, 0, 0, 0, 0, 0, 0, 0, 0, 0, , , 0, 0, , 96640$$ 96610, 0, icon_40_equip_main_GB_Cuff_5001, icon_64_equip_main_GB_Cuff_5001, 0, , Weapon_GB_M_Main_5001, , Weapon_GB_F_Main_5001, Weapon_GB_Z_Main_5001, , , , , 0, , , 29, 2000005, 0, 0, 0, 0, 0, 0, , , 0, , , 2, , , , , , 0, , , 0, 20400010, 3, , , , 
9200130, 太白·履霜, 2, 2, 75, 0, -1, , 1$$ 2$$ 3, 0, , 0, 1, 0, 0, 0, 0, 1, 0, 0, 0, 0, 0, 0, 0, 装备对应职业的主武器，便可获得此职业的2个攻击技能。<br>切换主武器即可切换对应职业技能。<br>主武器不可从装备栏取下，只能进行替换操作。, , 0, 0, 0, , 0, , 0, 0, 0, 0, 0, 20000, 0, 0, , 0, 0, 0, 0.0, , , , 1, 1, 0, 0, , 0, 0, 0, 1, 0, 2, 0, 3855, 3955, 0, 0, 0, 0, 0, 0, 0, 0, 0, 0, 0, 0, 0, 0, 0, 0, 0.0, 0.0, 0.0, 0.0, 0, 0, 0, 0, 0, 0, 0, 0, 0, 0, 0, 0, 0, 0, 0, 0, 0, 0, , , 0, 0, , 96240$$ 96200, 0, icon_40_equip_main_TB_Jian_0017, icon_64_equip_main_TB_Jian_0017, 0, , Weapon_TB_M_Main_1017, , Weapon_TB_M_Main_1017, Weapon_TB_M_Main_1017, , , , , 0, , , 29, 2000002, 0, 0, 0, 0, 0, 0, , , 0, , , 2, , , , , , 0, , , 0, 20400010, 1, , , , 
9200131, 太白·秋水, 3, 3, 75, 0, -1, , 1$$ 2$$ 3, 0, , 0, 1, 0, 0, 0, 0, 1, 0, 0, 0, 0, 0, 0, 0, 装备对应职业的主武器，便可获得此职业的2个攻击技能。<br>切换主武器即可切换对应职业技能。<br>主武器不可从装备栏取下，只能进行替换操作。, , 0, 0, 0, , 0, , 0, 0, 0, 0, 0, 20000, 0, 0, , 0, 0, 0, 0.0, , , , 1, 1, 0, 0, , 0, 0, 0, 1, 0, 2, 0, 4345, 4445, 0, 0, 0, 0, 0, 0, 0, 0, 0, 0, 0, 0, 0, 0, 0, 0, 0.0, 0.0, 0.0, 0.0, 0, 0, 0, 0, 0, 0, 0, 0, 0, 0, 0, 0, 0, 0, 0, 0, 0, 0, , , 0, 0, , 96240$$ 96200, 0, icon_40_equip_main_TB_Jian_0016, icon_64_equip_main_TB_Jian_0016, 0, , Weapon_TB_M_Main_1016, , Weapon_TB_M_Main_1016, Weapon_TB_M_Main_1016, , , , , 0, , , 29, 2000002, 0, 0, 0, 0, 0, 0, , , 0, , , 2, , , , , , 0, , , 0, 20400010, 2, , , , 
9200132, 太白·月华, 4, 4, 75, 0, -1, , 1$$ 2$$ 3, 0, , 0, 1, 0, 0, 0, 0, 1, 0, 0, 0, 0, 0, 0, 0, 装备对应职业的主武器，便可获得此职业的2个攻击技能。<br>切换主武器即可切换对应职业技能。<br>主武器不可从装备栏取下，只能进行替换操作。, , 0, 0, 0, , 0, , 0, 0, 0, 0, 0, 20000, 0, 0, , 0, 0, 0, 0.0, , , , 1, 1, 0, 0, , 0, 0, 0, 1, 0, 2, 0, 5255, 5355, 0, 0, 0, 0, 0, 0, 0, 0, 0, 0, 0, 0, 0, 0, 0, 0, 0.0, 0.0, 0.0, 0.0, 0, 0, 0, 0, 0, 0, 0, 0, 0, 0, 0, 0, 0, 0, 0, 0, 0, 0, , , 0, 0, , 96240$$ 96200, 0, icon_40_equip_main_TB_Jian_0015, icon_64_equip_main_TB_Jian_0015, 0, , Weapon_TB_M_Main_1015, , Weapon_TB_M_Main_1015, Weapon_TB_M_Main_1015, , , , , 0, , , 29, 2000002, 0, 0, 0, 0, 0, 0, , , 0, , , 2, , , , , , 0, , , 0, 20400010, 3, , , , 
9200133, 太白·初心, 0, 1, 75, 0, -1, , 1$$ 2$$ 3, 0, , 0, 1, 0, 0, 0, 0, 1, 0, 0, 0, 0, 0, 0, 0, 装备对应职业的主武器，便可获得此职业的2个攻击技能。<br>切换主武器即可切换对应职业技能。<br>主武器不可从装备栏取下，只能进行替换操作。, , 0, 0, 0, , 0, , 0, 0, 0, 0, 0, 20000, 0, 0, , 0, 0, 0, 0.0, , , , 1, 1, 0, 0, , 0, 0, 0, 1, 0, 2, 0, 3435, 3535, 0, 0, 0, 0, 0, 0, 0, 0, 0, 0, 0, 0, 0, 0, 0, 0, 0.0, 0.0, 0.0, 0.0, 0, 0, 0, 0, 0, 0, 0, 0, 0, 0, 0, 0, 0, 0, 0, 0, 0, 0, , , 0, 0, , 96240$$ 96200, 0, icon_40_equip_main_TB_Jian_0015, icon_64_equip_main_TB_Jian_0015, 0, , Weapon_TB_M_Main_1015, , Weapon_TB_M_Main_1015, Weapon_TB_M_Main_1015, , , , , 0, , , 29, 2000002, 0, 0, 0, 0, 0, 0, , , 0, , , 2, , , , , , 0, , , 0, 20400010, 1, , , , 
9200134, 太白·无锋之剑, 5, 5, 75, 0, -1, , 1$$ 2$$ 3, 0, , 0, 1, 0, 0, 0, 0, 1, 0, 0, 0, 0, 0, 0, 0, 装备对应职业的主武器，便可获得此职业的2个攻击技能。<br>切换主武器即可切换对应职业技能。<br>主武器不可从装备栏取下，只能进行替换操作。, , 0, 0, 0, , 0, , 0, 0, 0, 0, 0, 20000, 0, 0, , 0, 0, 0, 0.0, , , , 1, 1, 0, 0, , 0, 0, 0, 1, 0, 2, 0, 5755, 5855, 0, 0, 0, 0, 0, 0, 0, 0, 0, 0, 0, 0, 0, 0, 0, 0, 0.0, 0.0, 0.0, 0.0, 0, 0, 0, 0, 0, 0, 0, 0, 0, 0, 0, 0, 0, 0, 0, 0, 0, 0, , , 0, 0, , 96240$$ 96200, 0, icon_40_equip_main_TB_Jian_5001, icon_64_equip_main_TB_Jian_5001, 0, , Weapon_TB_M_Main_5001, , Weapon_TB_M_Main_5001, Weapon_TB_M_Main_5001, , , , , 0, , , 29, 2000002, 0, 0, 0, 0, 0, 0, , , 0, , , 2, , , , , , 0, , , 0, 20400010, 3, , , , 
9200140, 神刀·朝暮, 2, 2, 75, 0, -1, , 1$$ 2$$ 3, 0, , 0, 1, 0, 0, 0, 0, 1, 0, 0, 0, 0, 0, 0, 0, 装备对应职业的主武器，便可获得此职业的2个攻击技能。<br>切换主武器即可切换对应职业技能。<br>主武器不可从装备栏取下，只能进行替换操作。, , 0, 0, 0, , 0, , 0, 0, 0, 0, 0, 20000, 0, 0, , 0, 0, 0, 0.0, , , , 8, 8, 0, 0, , 0, 0, 0, 1, 0, 2, 0, 3855, 3955, 0, 0, 0, 0, 0, 0, 0, 0, 0, 0, 0, 0, 0, 0, 0, 0, 0.0, 0.0, 0.0, 0.0, 0, 0, 0, 0, 0, 0, 0, 0, 0, 0, 0, 0, 0, 0, 0, 0, 0, 0, , , 0, 0, , 96850$$ 96810, 0, icon_40_equip_main_SD_Dao_0013, icon_64_equip_main_SD_Dao_0013, 0, , Weapon_SD_Main_1013, , Weapon_SD_Main_1013, Weapon_SD_Main_1013, , , , , 0, , , 29, 2000002, 0, 0, 0, 0, 0, 0, , , 0, , , 2, , , , , , 0, , , 0, 20400010, 1, , , , 
9200141, 神刀·天亡, 3, 3, 75, 0, -1, , 1$$ 2$$ 3, 0, , 0, 1, 0, 0, 0, 0, 1, 0, 0, 0, 0, 0, 0, 0, 装备对应职业的主武器，便可获得此职业的2个攻击技能。<br>切换主武器即可切换对应职业技能。<br>主武器不可从装备栏取下，只能进行替换操作。, , 0, 0, 0, , 0, , 0, 0, 0, 0, 0, 20000, 0, 0, , 0, 0, 0, 0.0, , , , 8, 8, 0, 0, , 0, 0, 0, 1, 0, 2, 0, 4345, 4445, 0, 0, 0, 0, 0, 0, 0, 0, 0, 0, 0, 0, 0, 0, 0, 0, 0.0, 0.0, 0.0, 0.0, 0, 0, 0, 0, 0, 0, 0, 0, 0, 0, 0, 0, 0, 0, 0, 0, 0, 0, , , 0, 0, , 96850$$ 96810, 0, icon_40_equip_main_SD_Dao_0014, icon_64_equip_main_SD_Dao_0014, 0, , Weapon_SD_Main_1014, , Weapon_SD_Main_1014, Weapon_SD_Main_1014, , , , , 0, , , 29, 2000002, 0, 0, 0, 0, 0, 0, , , 0, , , 2, , , , , , 0, , , 0, 20400010, 2, , , , 
9200142, 神刀·韶华, 4, 4, 75, 0, -1, , 1$$ 2$$ 3, 0, , 0, 1, 0, 0, 0, 0, 1, 0, 0, 0, 0, 0, 0, 0, 装备对应职业的主武器，便可获得此职业的2个攻击技能。<br>切换主武器即可切换对应职业技能。<br>主武器不可从装备栏取下，只能进行替换操作。, , 0, 0, 0, , 0, , 0, 0, 0, 0, 0, 20000, 0, 0, , 0, 0, 0, 0.0, , , , 8, 8, 0, 0, , 0, 0, 0, 1, 0, 2, 0, 5255, 5355, 0, 0, 0, 0, 0, 0, 0, 0, 0, 0, 0, 0, 0, 0, 0, 0, 0.0, 0.0, 0.0, 0.0, 0, 0, 0, 0, 0, 0, 0, 0, 0, 0, 0, 0, 0, 0, 0, 0, 0, 0, , , 0, 0, , 96850$$ 96810, 0, icon_40_equip_main_SD_Dao_0015, icon_64_equip_main_SD_Dao_0015, 0, , Weapon_SD_Main_1015, , Weapon_SD_Main_1015, Weapon_SD_Main_1015, , , , , 0, , , 29, 2000002, 0, 0, 0, 0, 0, 0, , , 0, , , 2, , , , , , 0, , , 0, 20400010, 3, , , , 
9200143, 神刀·初心, 0, 1, 75, 0, -1, , 1$$ 2$$ 3, 0, , 0, 1, 0, 0, 0, 0, 1, 0, 0, 0, 0, 0, 0, 0, 装备对应职业的主武器，便可获得此职业的2个攻击技能。<br>切换主武器即可切换对应职业技能。<br>主武器不可从装备栏取下，只能进行替换操作。, , 0, 0, 0, , 0, , 0, 0, 0, 0, 0, 20000, 0, 0, , 0, 0, 0, 0.0, , , , 8, 8, 0, 0, , 0, 0, 0, 1, 0, 2, 0, 3435, 3535, 0, 0, 0, 0, 0, 0, 0, 0, 0, 0, 0, 0, 0, 0, 0, 0, 0.0, 0.0, 0.0, 0.0, 0, 0, 0, 0, 0, 0, 0, 0, 0, 0, 0, 0, 0, 0, 0, 0, 0, 0, , , 0, 0, , 96850$$ 96810, 0, icon_40_equip_main_SD_Dao_0015, icon_64_equip_main_SD_Dao_0015, 0, , Weapon_SD_Main_1015, , Weapon_SD_Main_1015, Weapon_SD_Main_1015, , , , , 0, , , 29, 2000002, 0, 0, 0, 0, 0, 0, , , 0, , , 2, , , , , , 0, , , 0, 20400010, 1, , , , 
9200144, 神刀·沸血之光, 5, 5, 75, 0, -1, , 1$$ 2$$ 3, 0, , 0, 1, 0, 0, 0, 0, 1, 0, 0, 0, 0, 0, 0, 0, 装备对应职业的主武器，便可获得此职业的2个攻击技能。<br>切换主武器即可切换对应职业技能。<br>主武器不可从装备栏取下，只能进行替换操作。, , 0, 0, 0, , 0, , 0, 0, 0, 0, 0, 20000, 0, 0, , 0, 0, 0, 0.0, , , , 8, 8, 0, 0, , 0, 0, 0, 1, 0, 2, 0, 5755, 5855, 0, 0, 0, 0, 0, 0, 0, 0, 0, 0, 0, 0, 0, 0, 0, 0, 0.0, 0.0, 0.0, 0.0, 0, 0, 0, 0, 0, 0, 0, 0, 0, 0, 0, 0, 0, 0, 0, 0, 0, 0, , , 0, 0, , 96850$$ 96810, 0, icon_40_equip_main_SD_Dao_5001, icon_64_equip_main_SD_Dao_5001, 0, , Weapon_SD_Main_5001, , Weapon_SD_Main_5001, Weapon_SD_Main_5001, , , , , 0, , , 29, 2000002, 0, 0, 0, 0, 0, 0, , , 0, , , 2, , , , , , 0, , , 0, 20400010, 3, , , , 
9200150, 唐门·雕心, 2, 2, 75, 0, -1, , 1$$ 2$$ 3, 0, , 0, 1, 0, 0, 0, 0, 1, 0, 0, 0, 0, 0, 0, 0, 装备对应职业的主武器，便可获得此职业的2个攻击技能。<br>切换主武器即可切换对应职业技能。<br>主武器不可从装备栏取下，只能进行替换操作。, , 0, 0, 0, , 0, , 0, 0, 0, 0, 0, 20000, 0, 0, , 0, 0, 0, 0.0, , , , 4, 4, 0, 0, , 0, 0, 0, 1, 0, 2, 0, 3855, 3955, 0, 0, 0, 0, 0, 0, 0, 0, 0, 0, 0, 0, 0, 0, 0, 0, 0.0, 0.0, 0.0, 0.0, 0, 0, 0, 0, 0, 0, 0, 0, 0, 0, 0, 0, 0, 0, 0, 0, 0, 0, , , 0, 0, , 96400$$ 96410, 0, icon_40_equip_auxiliary_S_S_TM_0007, icon_64_equip_auxiliary_S_S_TM_0007, 0, , AVATAR_TMP_0003, , AVATAR_TMFP_0003, AVATAR_TMFP_0003, , , , , 0, , , 29, 2000001, 0, 0, 0, 0, 0, 0, , , 0, , , 2, , , , , , 0, , , 0, 20400010, 1, , , , 
9200151, 唐门·慑魄, 3, 3, 75, 0, -1, , 1$$ 2$$ 3, 0, , 0, 1, 0, 0, 0, 0, 1, 0, 0, 0, 0, 0, 0, 0, 装备对应职业的主武器，便可获得此职业的2个攻击技能。<br>切换主武器即可切换对应职业技能。<br>主武器不可从装备栏取下，只能进行替换操作。, , 0, 0, 0, , 0, , 0, 0, 0, 0, 0, 20000, 0, 0, , 0, 0, 0, 0.0, , , , 4, 4, 0, 0, , 0, 0, 0, 1, 0, 2, 0, 4345, 4445, 0, 0, 0, 0, 0, 0, 0, 0, 0, 0, 0, 0, 0, 0, 0, 0, 0.0, 0.0, 0.0, 0.0, 0, 0, 0, 0, 0, 0, 0, 0, 0, 0, 0, 0, 0, 0, 0, 0, 0, 0, , , 0, 0, , 96400$$ 96410, 0, icon_40_equip_auxiliary_S_S_TM_0006, icon_64_equip_auxiliary_S_S_TM_0006, 0, , AVATAR_TMP, , AVATAR_TMFP, AVATAR_TMFP, , , , , 0, , , 29, 2000001, 0, 0, 0, 0, 0, 0, , , 0, , , 2, , , , , , 0, , , 0, 20400010, 2, , , , 
9200152, 唐门·璇玑, 4, 4, 75, 0, -1, , 1$$ 2$$ 3, 0, , 0, 1, 0, 0, 0, 0, 1, 0, 0, 0, 0, 0, 0, 0, 装备对应职业的主武器，便可获得此职业的2个攻击技能。<br>切换主武器即可切换对应职业技能。<br>主武器不可从装备栏取下，只能进行替换操作。, , 0, 0, 0, , 0, , 0, 0, 0, 0, 0, 20000, 0, 0, , 0, 0, 0, 0.0, , , , 4, 4, 0, 0, , 0, 0, 0, 1, 0, 2, 0, 5255, 5355, 0, 0, 0, 0, 0, 0, 0, 0, 0, 0, 0, 0, 0, 0, 0, 0, 0.0, 0.0, 0.0, 0.0, 0, 0, 0, 0, 0, 0, 0, 0, 0, 0, 0, 0, 0, 0, 0, 0, 0, 0, , , 0, 0, , 96400$$ 96410, 0, icon_40_equip_auxiliary_S_S_TM_0008, icon_64_equip_auxiliary_S_S_TM_0008, 0, , AVATAR_TMP_0005, , AVATAR_TMFP_0005, AVATAR_TMFP_0005, , , , , 0, , , 29, 2000001, 0, 0, 0, 0, 0, 0, , , 0, , , 2, , , , , , 0, , , 0, 20400010, 3, , , , 
9200153, 唐门·初心, 0, 1, 75, 0, -1, , 1$$ 2$$ 3, 0, , 0, 1, 0, 0, 0, 0, 1, 0, 0, 0, 0, 0, 0, 0, 装备对应职业的主武器，便可获得此职业的2个攻击技能。<br>切换主武器即可切换对应职业技能。<br>主武器不可从装备栏取下，只能进行替换操作。, , 0, 0, 0, , 0, , 0, 0, 0, 0, 0, 20000, 0, 0, , 0, 0, 0, 0.0, , , , 4, 4, 0, 0, , 0, 0, 0, 1, 0, 2, 0, 3435, 3535, 0, 0, 0, 0, 0, 0, 0, 0, 0, 0, 0, 0, 0, 0, 0, 0, 0.0, 0.0, 0.0, 0.0, 0, 0, 0, 0, 0, 0, 0, 0, 0, 0, 0, 0, 0, 0, 0, 0, 0, 0, , , 0, 0, , 96400$$ 96410, 0, icon_40_equip_auxiliary_S_S_TM_0008, icon_64_equip_auxiliary_S_S_TM_0008, 0, , AVATAR_TMP_0005, , AVATAR_TMFP_0005, AVATAR_TMFP_0005, , , , , 0, , , 29, 2000001, 0, 0, 0, 0, 0, 0, , , 0, , , 2, , , , , , 0, , , 0, 20400010, 1, , , , 
9200154, 唐门·蹑影归去, 5, 5, 75, 0, -1, , 1$$ 2$$ 3, 0, , 0, 1, 0, 0, 0, 0, 1, 0, 0, 0, 0, 0, 0, 0, 装备对应职业的主武器，便可获得此职业的2个攻击技能。<br>切换主武器即可切换对应职业技能。<br>主武器不可从装备栏取下，只能进行替换操作。, , 0, 0, 0, , 0, , 0, 0, 0, 0, 0, 20000, 0, 0, , 0, 0, 0, 0.0, , , , 4, 4, 0, 0, , 0, 0, 0, 1, 0, 2, 0, 5755, 5855, 0, 0, 0, 0, 0, 0, 0, 0, 0, 0, 0, 0, 0, 0, 0, 0, 0.0, 0.0, 0.0, 0.0, 0, 0, 0, 0, 0, 0, 0, 0, 0, 0, 0, 0, 0, 0, 0, 0, 0, 0, , , 0, 0, , 96400$$ 96410, 0, icon_40_equip_main_TM_TMFP_5001, icon_64_equip_main_TM_TMFP_5001, 0, , AVATAR_TMP_5001, , AVATAR_TMFP_5001, AVATAR_TMFP_5001, , , , , 0, , , 29, 2000001, 0, 0, 0, 0, 0, 0, , , 0, , , 2, , , , , , 0, , , 0, 20400010, 3, , , , 
9200160, 天香·洞仙歌, 2, 2, 75, 0, -1, , 2$$ 3, 0, , 0, 1, 0, 0, 0, 0, 1, 0, 0, 0, 0, 0, 0, 0, 装备对应职业的主武器，便可获得此职业的2个攻击技能。<br>切换主武器即可切换对应职业技能。<br>主武器不可从装备栏取下，只能进行替换操作。, , 0, 0, 0, , 0, , 0, 0, 0, 0, 0, 20000, 0, 0, , 0, 0, 0, 0.0, , , , 7, 7, 0, 0, , 0, 0, 0, 1, 0, 2, 0, 3855, 3955, 0, 0, 0, 0, 0, 0, 0, 0, 0, 0, 0, 0, 0, 0, 0, 0, 0.0, 0.0, 0.0, 0.0, 0, 0, 0, 0, 0, 0, 0, 0, 0, 0, 210002, 0, 0, 0, 0, 0, 0, 0, , , 0, 0, , 96340$$ 96310, 0, icon_40_equip_main_TX_SanZD_0116, icon_64_equip_main_TX_SanZD_0116, 0, , , , Weapon_TX_F_Main_1016, Weapon_TX_Z_Main_1016, , , , , 0, , , 29, 2000003, 0, 0, 0, 0, 0, 0, , , 0, , , 2, , , , , , 0, , , 0, 20400010, 1, , , , 
9200161, 天香·天仙子, 3, 3, 75, 0, -1, , 2$$ 3, 0, , 0, 1, 0, 0, 0, 0, 1, 0, 0, 0, 0, 0, 0, 0, 装备对应职业的主武器，便可获得此职业的2个攻击技能。<br>切换主武器即可切换对应职业技能。<br>主武器不可从装备栏取下，只能进行替换操作。, , 0, 0, 0, , 0, , 0, 0, 0, 0, 0, 20000, 0, 0, , 0, 0, 0, 0.0, , , , 7, 7, 0, 0, , 0, 0, 0, 1, 0, 2, 0, 4345, 4445, 0, 0, 0, 0, 0, 0, 0, 0, 0, 0, 0, 0, 0, 0, 0, 0, 0.0, 0.0, 0.0, 0.0, 0, 0, 0, 0, 0, 0, 0, 0, 0, 0, 210002, 0, 0, 0, 0, 0, 0, 0, , , 0, 0, , 96340$$ 96310, 0, icon_40_equip_main_TX_SanZD_0116, icon_64_equip_main_TX_SanZD_0116, 0, , , , Weapon_TX_F_Main_1016, Weapon_TX_Z_Main_1016, , , , , 0, , , 29, 2000003, 0, 0, 0, 0, 0, 0, , , 0, , , 2, , , , , , 0, , , 0, 20400010, 2, , , , 
9200162, 天香·惜芳菲, 4, 4, 75, 0, -1, , 2$$ 3, 0, , 0, 1, 0, 0, 0, 0, 1, 0, 0, 0, 0, 0, 0, 0, 装备对应职业的主武器，便可获得此职业的2个攻击技能。<br>切换主武器即可切换对应职业技能。<br>主武器不可从装备栏取下，只能进行替换操作。, , 0, 0, 0, , 0, , 0, 0, 0, 0, 0, 20000, 0, 0, , 0, 0, 0, 0.0, , , , 7, 7, 0, 0, , 0, 0, 0, 1, 0, 2, 0, 5255, 5355, 0, 0, 0, 0, 0, 0, 0, 0, 0, 0, 0, 0, 0, 0, 0, 0, 0.0, 0.0, 0.0, 0.0, 0, 0, 0, 0, 0, 0, 0, 0, 0, 0, 210002, 0, 0, 0, 0, 0, 0, 0, , , 0, 0, , 96340$$ 96310, 0, icon_40_equip_main_TX_SanZD_0115, icon_64_equip_main_TX_SanZD_0115, 0, , , , Weapon_TX_F_Main_1015, Weapon_TX_Z_Main_1015, , , , , 0, , , 29, 2000003, 0, 0, 0, 0, 0, 0, , , 0, , , 2, , , , , , 0, , , 0, 20400010, 3, , , , 
9200163, 天香·初心, 0, 1, 75, 0, -1, , 2$$ 3, 0, , 0, 1, 0, 0, 0, 0, 1, 0, 0, 0, 0, 0, 0, 0, 装备对应职业的主武器，便可获得此职业的2个攻击技能。<br>切换主武器即可切换对应职业技能。<br>主武器不可从装备栏取下，只能进行替换操作。, , 0, 0, 0, , 0, , 0, 0, 0, 0, 0, 20000, 0, 0, , 0, 0, 0, 0.0, , , , 7, 7, 0, 0, , 0, 0, 0, 1, 0, 2, 0, 3435, 3535, 0, 0, 0, 0, 0, 0, 0, 0, 0, 0, 0, 0, 0, 0, 0, 0, 0.0, 0.0, 0.0, 0.0, 0, 0, 0, 0, 0, 0, 0, 0, 0, 0, 210002, 0, 0, 0, 0, 0, 0, 0, , , 0, 0, , 96340$$ 96310, 0, icon_40_equip_main_TX_SanZD_0115, icon_64_equip_main_TX_SanZD_0115, 0, , , , Weapon_TX_F_Main_1015, Weapon_TX_Z_Main_1015, , , , , 0, , , 29, 2000003, 0, 0, 0, 0, 0, 0, , , 0, , , 2, , , , , , 0, , , 0, 20400010, 1, , , , 
9200164, 天香·九重春色, 5, 5, 75, 0, -1, , 2$$ 3, 0, , 0, 1, 0, 0, 0, 0, 1, 0, 0, 0, 0, 0, 0, 0, 装备对应职业的主武器，便可获得此职业的2个攻击技能。<br>切换主武器即可切换对应职业技能。<br>主武器不可从装备栏取下，只能进行替换操作。, , 0, 0, 0, , 0, , 0, 0, 0, 0, 0, 20000, 0, 0, , 0, 0, 0, 0.0, , , , 7, 7, 0, 0, , 0, 0, 0, 1, 0, 2, 0, 5755, 5855, 0, 0, 0, 0, 0, 0, 0, 0, 0, 0, 0, 0, 0, 0, 0, 0, 0.0, 0.0, 0.0, 0.0, 0, 0, 0, 0, 0, 0, 0, 0, 0, 0, 210002, 0, 0, 0, 0, 0, 0, 0, , , 0, 0, , 96340$$ 96310, 0, icon_40_equip_main_TX_SanZD_5001, icon_64_equip_main_TX_SanZD_5001, 0, , , , Weapon_TX_F_Main_5001, Weapon_TX_Z_Main_5001, , , , , 0, , , 29, 2000003, 0, 0, 0, 0, 0, 0, , , 0, , , 2, , , , , , 0, , , 0, 20400010, 3, , , , 
9200170, 五毒·厉鳌, 2, 2, 75, 0, -1, , 1$$ 2$$ 3, 0, , 0, 1, 0, 0, 0, 0, 1, 0, 0, 0, 0, 0, 0, 0, 装备对应职业的主武器，便可获得此职业的2个攻击技能。<br>切换主武器即可切换对应职业技能。<br>主武器不可从装备栏取下，只能进行替换操作。, , 0, 0, 0, , 0, , 0, 0, 0, 0, 0, 20000, 0, 0, , 0, 0, 0, 0.0, , , , 5, 5, 0, 0, , 0, 0, 0, 1, 0, 2, 0, 3855, 3955, 0, 0, 0, 0, 0, 0, 0, 0, 0, 0, 0, 0, 0, 0, 0, 0, 0.0, 0.0, 0.0, 0.0, 0, 0, 0, 0, 0, 0, 0, 0, 0, 0, 0, 0, 0, 0, 0, 0, 0, 0, , , 0, 0, , 96540$$ 96510, 0, icon_40_equip_main_WD_Dao_1016, icon_64_equip_main_WD_Dao_1016, 0, , Weapon_WD_M_Main_1016, , Weapon_WD_M_Main_1016, Weapon_WD_M_Main_1016, , , , , 0, , , 29, 2000002, 0, 0, 0, 0, 0, 0, , , 0, , , 2, , , , , , 0, , , 0, 20400010, 1, , , , 
9200171, 五毒·月吞, 3, 3, 75, 0, -1, , 1$$ 2$$ 3, 0, , 0, 1, 0, 0, 0, 0, 1, 0, 0, 0, 0, 0, 0, 0, 装备对应职业的主武器，便可获得此职业的2个攻击技能。<br>切换主武器即可切换对应职业技能。<br>主武器不可从装备栏取下，只能进行替换操作。, , 0, 0, 0, , 0, , 0, 0, 0, 0, 0, 20000, 0, 0, , 0, 0, 0, 0.0, , , , 5, 5, 0, 0, , 0, 0, 0, 1, 0, 2, 0, 4345, 4445, 0, 0, 0, 0, 0, 0, 0, 0, 0, 0, 0, 0, 0, 0, 0, 0, 0.0, 0.0, 0.0, 0.0, 0, 0, 0, 0, 0, 0, 0, 0, 0, 0, 0, 0, 0, 0, 0, 0, 0, 0, , , 0, 0, , 96540$$ 96510, 0, icon_40_equip_main_WD_Dao_1016, icon_64_equip_main_WD_Dao_1016, 0, , Weapon_WD_M_Main_1016, , Weapon_WD_M_Main_1016, Weapon_WD_M_Main_1016, , , , , 0, , , 29, 2000002, 0, 0, 0, 0, 0, 0, , , 0, , , 2, , , , , , 0, , , 0, 20400010, 2, , , , 
9200172, 五毒·朱楼, 4, 4, 75, 0, -1, , 1$$ 2$$ 3, 0, , 0, 1, 0, 0, 0, 0, 1, 0, 0, 0, 0, 0, 0, 0, 装备对应职业的主武器，便可获得此职业的2个攻击技能。<br>切换主武器即可切换对应职业技能。<br>主武器不可从装备栏取下，只能进行替换操作。, , 0, 0, 0, , 0, , 0, 0, 0, 0, 0, 20000, 0, 0, , 0, 0, 0, 0.0, , , , 5, 5, 0, 0, , 0, 0, 0, 1, 0, 2, 0, 5255, 5355, 0, 0, 0, 0, 0, 0, 0, 0, 0, 0, 0, 0, 0, 0, 0, 0, 0.0, 0.0, 0.0, 0.0, 0, 0, 0, 0, 0, 0, 0, 0, 0, 0, 0, 0, 0, 0, 0, 0, 0, 0, , , 0, 0, , 96540$$ 96510, 0, icon_40_equip_main_WD_Dao_1015, icon_64_equip_main_WD_Dao_1015, 0, , Weapon_WD_M_Main_1015, , Weapon_WD_M_Main_1015, Weapon_WD_M_Main_1015, , , , , 0, , , 29, 2000002, 0, 0, 0, 0, 0, 0, , , 0, , , 2, , , , , , 0, , , 0, 20400010, 3, , , , 
9200173, 五毒·初心, 0, 1, 75, 0, -1, , 1$$ 2$$ 3, 0, , 0, 1, 0, 0, 0, 0, 1, 0, 0, 0, 0, 0, 0, 0, 装备对应职业的主武器，便可获得此职业的2个攻击技能。<br>切换主武器即可切换对应职业技能。<br>主武器不可从装备栏取下，只能进行替换操作。, , 0, 0, 0, , 0, , 0, 0, 0, 0, 0, 20000, 0, 0, , 0, 0, 0, 0.0, , , , 5, 5, 0, 0, , 0, 0, 0, 1, 0, 2, 0, 3435, 3535, 0, 0, 0, 0, 0, 0, 0, 0, 0, 0, 0, 0, 0, 0, 0, 0, 0.0, 0.0, 0.0, 0.0, 0, 0, 0, 0, 0, 0, 0, 0, 0, 0, 0, 0, 0, 0, 0, 0, 0, 0, , , 0, 0, , 96540$$ 96510, 0, icon_40_equip_main_WD_Dao_1015, icon_64_equip_main_WD_Dao_1015, 0, , Weapon_WD_M_Main_1015, , Weapon_WD_M_Main_1015, Weapon_WD_M_Main_1015, , , , , 0, , , 29, 2000002, 0, 0, 0, 0, 0, 0, , , 0, , , 2, , , , , , 0, , , 0, 20400010, 1, , , , 
9200174, 五毒·圣仙焚月, 5, 5, 75, 0, -1, , 1$$ 2$$ 3, 0, , 0, 1, 0, 0, 0, 0, 1, 0, 0, 0, 0, 0, 0, 0, 装备对应职业的主武器，便可获得此职业的2个攻击技能。<br>切换主武器即可切换对应职业技能。<br>主武器不可从装备栏取下，只能进行替换操作。, , 0, 0, 0, , 0, , 0, 0, 0, 0, 0, 20000, 0, 0, , 0, 0, 0, 0.0, , , , 5, 5, 0, 0, , 0, 0, 0, 1, 0, 2, 0, 5755, 5855, 0, 0, 0, 0, 0, 0, 0, 0, 0, 0, 0, 0, 0, 0, 0, 0, 0.0, 0.0, 0.0, 0.0, 0, 0, 0, 0, 0, 0, 0, 0, 0, 0, 0, 0, 0, 0, 0, 0, 0, 0, , , 0, 0, , 96540$$ 96510, 0, icon_40_equip_main_WD_Dao_5001, icon_64_equip_main_WD_Dao_5001, 0, , Weapon_WD_M_Main_5001, , Weapon_WD_M_Main_5001, Weapon_WD_M_Main_5001, , , , , 0, , , 29, 2000002, 0, 0, 0, 0, 0, 0, , , 0, , , 2, , , , , , 0, , , 0, 20400010, 3, , , , 
9200180, 移花·玉犀\n, 2, 2, 75, 0, -1, , 1$$ 2$$ 3, 0, , 0, 1, 0, 0, 0, 0, 1, 0, 0, 0, 0, 0, 0, 0, 装备对应职业的主武器，便可获得此职业的2个攻击技能。<br>切换主武器即可切换对应职业技能。<br>主武器不可从装备栏取下，只能进行替换操作。, , 0, 0, 0, , 0, , 0, 0, 0, 0, 0, 20000, 0, 0, , 0, 0, 0, 0.0, , , , 9, 9, 0, 0, , 0, 0, 0, 1, 0, 2, 0, 3855, 3955, 0, 0, 0, 0, 0, 0, 0, 0, 0, 0, 0, 0, 0, 0, 0, 0, 0.0, 0.0, 0.0, 0.0, 0, 0, 0, 0, 0, 0, 0, 0, 0, 0, 210003, 0, 0, 0, 0, 0, 0, 0, , , 0, 0, , 97194$$ 97198, 0, Icon_40_equip_YH_Di_0020, Icon_64_equip_YH_Di_0020, 0, , Weapon_YH_M_Main_0020, , Weapon_YH_M_Main_0020, Weapon_YH_M_Main_0020, , , , , 0, , , 29, 2000002, 0, 0, 0, 0, 0, 0, , , 0, , , 2, , , , , , 0, , , 0, 20400010, 1, , , , 
9200181, 移花·舜华\n, 3, 3, 75, 0, -1, , 1$$ 2$$ 3, 0, , 0, 1, 0, 0, 0, 0, 1, 0, 0, 0, 0, 0, 0, 0, 装备对应职业的主武器，便可获得此职业的2个攻击技能。<br>切换主武器即可切换对应职业技能。<br>主武器不可从装备栏取下，只能进行替换操作。, , 0, 0, 0, , 0, , 0, 0, 0, 0, 0, 20000, 0, 0, , 0, 0, 0, 0.0, , , , 9, 9, 0, 0, , 0, 0, 0, 1, 0, 2, 0, 4345, 4445, 0, 0, 0, 0, 0, 0, 0, 0, 0, 0, 0, 0, 0, 0, 0, 0, 0.0, 0.0, 0.0, 0.0, 0, 0, 0, 0, 0, 0, 0, 0, 0, 0, 210003, 0, 0, 0, 0, 0, 0, 0, , , 0, 0, , 97194$$ 97198, 0, Icon_40_equip_YH_Di_0025, Icon_64_equip_YH_Di_0025, 0, , Weapon_YH_M_Main_0025, , Weapon_YH_M_Main_0025, Weapon_YH_M_Main_0025, , , , , 0, , , 29, 2000002, 0, 0, 0, 0, 0, 0, , , 0, , , 2, , , , , , 0, , , 0, 20400010, 2, , , , 
9200182, 移花·栖梧, 4, 4, 75, 0, -1, , 1$$ 2$$ 3, 0, , 0, 1, 0, 0, 0, 0, 1, 0, 0, 0, 0, 0, 0, 0, 装备对应职业的主武器，便可获得此职业的2个攻击技能。<br>切换主武器即可切换对应职业技能。<br>主武器不可从装备栏取下，只能进行替换操作。, , 0, 0, 0, , 0, , 0, 0, 0, 0, 0, 20000, 0, 0, , 0, 0, 0, 0.0, , , , 9, 9, 0, 0, , 0, 0, 0, 1, 0, 2, 0, 5255, 5355, 0, 0, 0, 0, 0, 0, 0, 0, 0, 0, 0, 0, 0, 0, 0, 0, 0.0, 0.0, 0.0, 0.0, 0, 0, 0, 0, 0, 0, 0, 0, 0, 0, 210003, 0, 0, 0, 0, 0, 0, 0, , , 0, 0, , 97194$$ 97198, 0, Icon_40_equip_YH_Di_0031, Icon_64_equip_YH_Di_0031, 0, , Weapon_YH_M_Main_0031, , Weapon_YH_M_Main_0031, Weapon_YH_M_Main_0031, , , , , 0, , , 29, 2000002, 0, 0, 0, 0, 0, 0, , , 0, , , 2, , , , , , 0, , , 0, 20400010, 3, , , , 
9200183, 移花·初心, 0, 1, 75, 0, -1, , 1$$ 2$$ 3, 0, , 0, 1, 0, 0, 0, 0, 1, 0, 0, 0, 0, 0, 0, 0, 装备对应职业的主武器，便可获得此职业的2个攻击技能。<br>切换主武器即可切换对应职业技能。<br>主武器不可从装备栏取下，只能进行替换操作。, , 0, 0, 0, , 0, , 0, 0, 0, 0, 0, 20000, 0, 0, , 0, 0, 0, 0.0, , , , 9, 9, 0, 0, , 0, 0, 0, 1, 0, 2, 0, 3435, 3535, 0, 0, 0, 0, 0, 0, 0, 0, 0, 0, 0, 0, 0, 0, 0, 0, 0.0, 0.0, 0.0, 0.0, 0, 0, 0, 0, 0, 0, 0, 0, 0, 0, 210003, 0, 0, 0, 0, 0, 0, 0, , , 0, 0, , 97194$$ 97198, 0, Icon_40_equip_YH_Di_0027, Icon_64_equip_YH_Di_0027, 0, , Weapon_YH_M_Main_0027, , Weapon_YH_M_Main_0027, Weapon_YH_M_Main_0027, , , , , 0, , , 29, 2000002, 0, 0, 0, 0, 0, 0, , , 0, , , 2, , , , , , 0, , , 0, 20400010, 1, , , , 
9200184, 移花·星海鸾鸣\n, 5, 5, 75, 0, -1, , 1$$ 2$$ 3, 0, , 0, 1, 0, 0, 0, 0, 1, 0, 0, 0, 0, 0, 0, 0, 装备对应职业的主武器，便可获得此职业的2个攻击技能。<br>切换主武器即可切换对应职业技能。<br>主武器不可从装备栏取下，只能进行替换操作。, , 0, 0, 0, , 0, , 0, 0, 0, 0, 0, 20000, 0, 0, , 0, 0, 0, 0.0, , , , 9, 9, 0, 0, , 0, 0, 0, 1, 0, 2, 0, 5755, 5855, 0, 0, 0, 0, 0, 0, 0, 0, 0, 0, 0, 0, 0, 0, 0, 0, 0.0, 0.0, 0.0, 0.0, 0, 0, 0, 0, 0, 0, 0, 0, 0, 0, 210003, 0, 0, 0, 0, 0, 0, 0, , , 0, 0, , 97194$$ 97198, 0, Icon_40_equip_YH_Di_5001, Icon_64_equip_YH_Di_5001, 0, , Weapon_YH_M_Main_5001, , Weapon_YH_M_Main_5001, Weapon_YH_M_Main_5001, , , , , 0, , , 29, 2000002, 0, 0, 0, 0, 0, 0, , , 0, , , 2, , , , , , 0, , , 0, 20400010, 3, , , , 
9200000, 彩锦·画堂灵犀袍, 2, 2, 75, 0, -1, , 1$$ 2$$ 3, 0, , 0, 1, 0, 0, 0, 0, 1, 0, 0, 0, 0, 0, 0, 0, , , 0, 0, 0, , 0, , 0, 0, 0, 0, 0, 20000, 0, 0, , 0, 0, 0, 0.0, , , , -1, -1, 0, 4, , 0, 0, 0, 1, 0, 2, 0, 0, 0, 0, 0, 0, 0, 0, 0, 0, 0, 0, 0, 0, 0, 0, 0, 0, 400, 0.0, 0.0, 0.0, 0.0, 0, 0, 0, 0, 0, 0, 0, 0, 0, 0, 0, 0, 0, 0, 0, 0, 0, 0, , , 0, 0, , , 0, icon_40_equip_coat_M_eRB_Body_0009b, icon_64_equip_coat_M_eRB_Body_0009b, 0, , Armor_DL_M_Tunic_0023, , Armor_DL_F_Tunic_0023, Armor_DL_Z_Tunic_0023, , , , , 0, , , 29, 2000002, 0, 0, 0, 0, 0, 0, , , 0, , , 2, , , , , , 0, , , 0, 20400010, 1, , , , 
9200001, 华绸·画堂灵犀袍, 3, 3, 75, 0, -1, , 1$$ 2$$ 3, 0, , 0, 1, 0, 0, 0, 0, 1, 0, 0, 0, 0, 0, 0, 0, , , 0, 0, 0, , 0, , 0, 0, 0, 0, 0, 20000, 0, 0, , 0, 0, 0, 0.0, , , , -1, -1, 0, 4, , 0, 0, 0, 1, 0, 2, 0, 0, 0, 0, 0, 0, 0, 0, 0, 0, 0, 0, 0, 0, 0, 0, 0, 0, 1000, 0.0, 0.0, 0.0, 0.0, 0, 0, 0, 0, 0, 0, 0, 0, 0, 0, 0, 0, 0, 0, 0, 0, 0, 0, , , 0, 0, , , 0, icon_40_equip_coat_M_eRB_Body_0009b, icon_64_equip_coat_M_eRB_Body_0009b, 0, , Armor_DL_M_Tunic_0023, , Armor_DL_F_Tunic_0023, Armor_DL_Z_Tunic_0023, , , , , 0, , , 29, 2000002, 0, 0, 0, 0, 0, 0, , , 0, , , 2, , , , , , 0, , , 0, 20400010, 2, , , , 
9200002, 宫绡·画堂灵犀袍, 4, 4, 75, 0, -1, , 1$$ 2$$ 3, 0, , 0, 1, 0, 0, 0, 0, 1, 0, 0, 0, 0, 0, 0, 0, , , 0, 0, 0, , 0, , 0, 0, 0, 0, 0, 20000, 0, 0, , 0, 0, 0, 0.0, , , , -1, -1, 0, 4, , 0, 0, 0, 1, 0, 2, 0, 0, 0, 0, 0, 0, 0, 0, 0, 0, 0, 0, 0, 0, 0, 0, 0, 0, 2500, 0.0, 0.0, 0.0, 0.0, 0, 0, 0, 0, 0, 0, 0, 0, 0, 0, 0, 0, 0, 0, 0, 0, 0, 0, , , 0, 0, , , 0, icon_40_equip_coat_M_eRB_Body_0009b, icon_64_equip_coat_M_eRB_Body_0009b, 0, , Armor_DL_M_Tunic_0023, , Armor_DL_F_Tunic_0023, Armor_DL_Z_Tunic_0023, , , , , 0, , , 29, 2000002, 0, 0, 0, 0, 0, 0, , , 0, , , 2, , , , , , 0, , , 0, 20400010, 3, , , , 
9200003, 初心·画堂灵犀袍, 0, 1, 75, 0, -1, , 1$$ 2$$ 3, 0, , 0, 1, 0, 0, 0, 0, 1, 0, 0, 0, 0, 0, 0, 0, , , 0, 0, 0, , 0, , 0, 0, 0, 0, 0, 20000, 0, 0, , 0, 0, 0, 0.0, , , , -1, -1, 0, 4, , 0, 0, 0, 1, 0, 2, 0, 0, 0, 0, 0, 0, 0, 0, 0, 0, 0, 0, 0, 0, 0, 0, 0, 0, 0, 0.0, 0.0, 0.0, 0.0, 0, 0, 0, 0, 0, 0, 0, 0, 0, 0, 0, 0, 0, 0, 0, 0, 0, 0, , , 0, 0, , , 0, icon_40_equip_coat_M_eRB_Body_0009b, icon_64_equip_coat_M_eRB_Body_0009b, 0, , Armor_DL_M_Tunic_0023, , Armor_DL_F_Tunic_0023, Armor_DL_Z_Tunic_0023, , , , , 0, , , 29, 2000002, 0, 0, 0, 0, 0, 0, , , 0, , , 2, , , , , , 0, , , 0, 20400010, 1, , , , 
9200010, 彩锦·画堂灵犀冠, 2, 1, 75, 0, -1, , 1$$ 2$$ 3, 0, , 0, 1, 0, 0, 0, 0, 1, 0, 0, 0, 0, 0, 0, 0, , , 0, 0, 0, , 0, , 0, 0, 0, 0, 0, 20000, 0, 0, , 0, 0, 0, 0.0, , , , -1, -1, 0, 3, , 0, 0, 0, 1, 0, 2, 0, 0, 0, 0, 0, 0, 0, 0, 0, 0, 0, 0, 0, 0, 0, 0, 0, 0, 400, 0.0, 0.0, 0.0, 0.0, 0, 0, 0, 0, 0, 0, 0, 0, 0, 0, 0, 0, 0, 0, 0, 0, 0, 0, , , 0, 0, , , 0, icon_40_equip_head_M_eRB_Head_0009b, icon_64_equip_head_M_eRB_Head_0009b, 0, , Armor_DL_M_Head_0023, , Armor_DL_F_Head_0023, Armor_DL_Z_head_0023, , , , , 0, , , 3, 2000010, 0, 0, 0, 0, 0, 0, , , 0, , , 2, , , , , , 0, , , 0, 20400010, 1, , , , 
9200011, 华绸·画堂灵犀冠, 3, 2, 75, 0, -1, , 1$$ 2$$ 3, 0, , 0, 1, 0, 0, 0, 0, 1, 0, 0, 0, 0, 0, 0, 0, , , 0, 0, 0, , 0, , 0, 0, 0, 0, 0, 20000, 0, 0, , 0, 0, 0, 0.0, , , , -1, -1, 0, 3, , 0, 0, 0, 1, 0, 2, 0, 0, 0, 0, 0, 0, 0, 0, 0, 0, 0, 0, 0, 0, 0, 0, 0, 0, 1000, 0.0, 0.0, 0.0, 0.0, 0, 0, 0, 0, 0, 0, 0, 0, 0, 0, 0, 0, 0, 0, 0, 0, 0, 0, , , 0, 0, , , 0, icon_40_equip_head_M_eRB_Head_0009b, icon_64_equip_head_M_eRB_Head_0009b, 0, , Armor_DL_M_Head_0023, , Armor_DL_F_Head_0023, Armor_DL_Z_head_0023, , , , , 0, , , 3, 2000010, 0, 0, 0, 0, 0, 0, , , 0, , , 2, , , , , , 0, , , 0, 20400010, 2, , , , 
9200012, 宫绡·画堂灵犀冠, 4, 3, 75, 0, -1, , 1$$ 2$$ 3, 0, , 0, 1, 0, 0, 0, 0, 1, 0, 0, 0, 0, 0, 0, 0, , , 0, 0, 0, , 0, , 0, 0, 0, 0, 0, 20000, 0, 0, , 0, 0, 0, 0.0, , , , -1, -1, 0, 3, , 0, 0, 0, 1, 0, 2, 0, 0, 0, 0, 0, 0, 0, 0, 0, 0, 0, 0, 0, 0, 0, 0, 0, 0, 2500, 0.0, 0.0, 0.0, 0.0, 0, 0, 0, 0, 0, 0, 0, 0, 0, 0, 0, 0, 0, 0, 0, 0, 0, 0, , , 0, 0, , , 0, icon_40_equip_head_M_eRB_Head_0009b, icon_64_equip_head_M_eRB_Head_0009b, 0, , Armor_DL_M_Head_0023, , Armor_DL_F_Head_0023, Armor_DL_Z_head_0023, , , , , 0, , , 3, 2000010, 0, 0, 0, 0, 0, 0, , , 0, , , 2, , , , , , 0, , , 0, 20400010, 3, , , , 
9200020, 彩锦·画堂灵犀腕, 2, 1, 75, 0, -1, , 1$$ 2$$ 3, 0, , 0, 1, 0, 0, 0, 0, 1, 0, 0, 0, 0, 0, 0, 0, , , 0, 0, 0, , 0, , 0, 0, 0, 0, 0, 20000, 0, 0, , 0, 0, 0, 0.0, , , , -1, -1, 0, 6, , 0, 0, 0, 1, 0, 2, 0, 0, 0, 0, 0, 0, 0, 0, 0, 0, 0, 0, 0, 0, 0, 0, 0, 0, 400, 0.0, 0.0, 0.0, 0.0, 0, 0, 0, 0, 0, 0, 0, 0, 0, 0, 0, 0, 0, 0, 0, 0, 0, 0, , , 0, 0, , , 0, icon_40_equip_cuff_M_eRB_Cuff_0009b, icon_64_equip_cuff_M_eRB_Cuff_0009b, 0, , Armor_DL_M_Cuff_0023, , Armor_DL_F_Cuff_0023, Armor_DL_Z_Cuff_0023, , , , , 0, , , 6, 2000002, 0, 0, 0, 0, 0, 0, , , 0, , , 2, , , , , , 0, , , 0, 20400010, 1, , , , 
9200021, 华绸·画堂灵犀腕, 3, 2, 75, 0, -1, , 1$$ 2$$ 3, 0, , 0, 1, 0, 0, 0, 0, 1, 0, 0, 0, 0, 0, 0, 0, , , 0, 0, 0, , 0, , 0, 0, 0, 0, 0, 20000, 0, 0, , 0, 0, 0, 0.0, , , , -1, -1, 0, 6, , 0, 0, 0, 1, 0, 2, 0, 0, 0, 0, 0, 0, 0, 0, 0, 0, 0, 0, 0, 0, 0, 0, 0, 0, 1000, 0.0, 0.0, 0.0, 0.0, 0, 0, 0, 0, 0, 0, 0, 0, 0, 0, 0, 0, 0, 0, 0, 0, 0, 0, , , 0, 0, , , 0, icon_40_equip_cuff_M_eRB_Cuff_0009b, icon_64_equip_cuff_M_eRB_Cuff_0009b, 0, , Armor_DL_M_Cuff_0023, , Armor_DL_F_Cuff_0023, Armor_DL_Z_Cuff_0023, , , , , 0, , , 6, 2000002, 0, 0, 0, 0, 0, 0, , , 0, , , 2, , , , , , 0, , , 0, 20400010, 2, , , , 
9200022, 宫绡·画堂灵犀腕, 4, 3, 75, 0, -1, , 1$$ 2$$ 3, 0, , 0, 1, 0, 0, 0, 0, 1, 0, 0, 0, 0, 0, 0, 0, , , 0, 0, 0, , 0, , 0, 0, 0, 0, 0, 20000, 0, 0, , 0, 0, 0, 0.0, , , , -1, -1, 0, 6, , 0, 0, 0, 1, 0, 2, 0, 0, 0, 0, 0, 0, 0, 0, 0, 0, 0, 0, 0, 0, 0, 0, 0, 0, 2500, 0.0, 0.0, 0.0, 0.0, 0, 0, 0, 0, 0, 0, 0, 0, 0, 0, 0, 0, 0, 0, 0, 0, 0, 0, , , 0, 0, , , 0, icon_40_equip_cuff_M_eRB_Cuff_0009b, icon_64_equip_cuff_M_eRB_Cuff_0009b, 0, , Armor_DL_M_Cuff_0023, , Armor_DL_F_Cuff_0023, Armor_DL_Z_Cuff_0023, , , , , 0, , , 6, 2000002, 0, 0, 0, 0, 0, 0, , , 0, , , 2, , , , , , 0, , , 0, 20400010, 3, , , , 
9200030, 彩锦·画堂灵犀履, 2, 1, 75, 0, -1, , 1$$ 2$$ 3, 0, , 0, 1, 0, 0, 0, 0, 1, 0, 0, 0, 0, 0, 0, 0, , , 0, 0, 0, , 0, , 0, 0, 0, 0, 0, 20000, 0, 0, , 0, 0, 0, 0.0, , , , -1, -1, 0, 8, , 0, 0, 0, 1, 0, 2, 0, 0, 0, 0, 0, 0, 0, 0, 0, 0, 0, 0, 0, 0, 0, 0, 0, 0, 400, 0.0, 0.0, 0.0, 0.0, 0, 0, 0, 0, 0, 0, 0, 0, 0, 0, 0, 0, 0, 0, 0, 0, 0, 0, , , 0, 0, , , 0, icon_40_equip_pants_M_eRB_Pants_0009b, icon_64_equip_pants_M_eRB_Pants_0009b, 0, , Armor_DL_M_Pants_0023, , Armor_DL_F_Pants_0023, Armor_DL_Z_Pants_0023, , , , , 0, , , 8, 2000002, 0, 0, 0, 0, 0, 0, , , 0, , , 2, , , , , , 0, , , 0, 20400010, 1, , , , 
9200031, 华绸·画堂灵犀履, 3, 2, 75, 0, -1, , 1$$ 2$$ 3, 0, , 0, 1, 0, 0, 0, 0, 1, 0, 0, 0, 0, 0, 0, 0, , , 0, 0, 0, , 0, , 0, 0, 0, 0, 0, 20000, 0, 0, , 0, 0, 0, 0.0, , , , -1, -1, 0, 8, , 0, 0, 0, 1, 0, 2, 0, 0, 0, 0, 0, 0, 0, 0, 0, 0, 0, 0, 0, 0, 0, 0, 0, 0, 1000, 0.0, 0.0, 0.0, 0.0, 0, 0, 0, 0, 0, 0, 0, 0, 0, 0, 0, 0, 0, 0, 0, 0, 0, 0, , , 0, 0, , , 0, icon_40_equip_pants_M_eRB_Pants_0009b, icon_64_equip_pants_M_eRB_Pants_0009b, 0, , Armor_DL_M_Pants_0023, , Armor_DL_F_Pants_0023, Armor_DL_Z_Pants_0023, , , , , 0, , , 8, 2000002, 0, 0, 0, 0, 0, 0, , , 0, , , 2, , , , , , 0, , , 0, 20400010, 2, , , , 
9200032, 宫绡·画堂灵犀履, 4, 3, 75, 0, -1, , 1$$ 2$$ 3, 0, , 0, 1, 0, 0, 0, 0, 1, 0, 0, 0, 0, 0, 0, 0, , , 0, 0, 0, , 0, , 0, 0, 0, 0, 0, 20000, 0, 0, , 0, 0, 0, 0.0, , , , -1, -1, 0, 8, , 0, 0, 0, 1, 0, 2, 0, 0, 0, 0, 0, 0, 0, 0, 0, 0, 0, 0, 0, 0, 0, 0, 0, 0, 2500, 0.0, 0.0, 0.0, 0.0, 0, 0, 0, 0, 0, 0, 0, 0, 0, 0, 0, 0, 0, 0, 0, 0, 0, 0, , , 0, 0, , , 0, icon_40_equip_pants_M_eRB_Pants_0009b, icon_64_equip_pants_M_eRB_Pants_0009b, 0, , Armor_DL_M_Pants_0023, , Armor_DL_F_Pants_0023, Armor_DL_Z_Pants_0023, , , , , 0, , , 8, 2000002, 0, 0, 0, 0, 0, 0, , , 0, , , 2, , , , , , 0, , , 0, 20400010, 3, , , , 
9200040, 彩锦·画堂灵犀带, 2, 1, 75, 0, -1, , 1$$ 2$$ 3, 0, , 0, 1, 0, 0, 0, 0, 1, 0, 0, 0, 0, 0, 0, 0, , , 0, 0, 0, , 0, , 0, 0, 0, 0, 0, 20000, 0, 0, , 0, 0, 0, 0.0, , , , -1, -1, 0, 5, , 0, 0, 0, 1, 0, 2, 0, 0, 0, 0, 0, 0, 0, 0, 0, 0, 0, 0, 0, 0, 0, 0, 0, 0, 400, 0.0, 0.0, 0.0, 0.0, 0, 0, 0, 0, 0, 0, 0, 0, 0, 0, 0, 0, 0, 0, 0, 0, 0, 0, , , 0, 0, , , 0, icon_40_equip_belt_M_M_eRB_0009b, icon_64_equip_belt_M_M_eRB_0009b, 0, , , , , , , , , , 0, , , 5, 2000010, 0, 0, 0, 0, 0, 0, , , 0, , , 2, , , , , , 0, , , 0, 20400010, 1, , , , 
9200041, 华绸·画堂灵犀带, 3, 2, 75, 0, -1, , 1$$ 2$$ 3, 0, , 0, 1, 0, 0, 0, 0, 1, 0, 0, 0, 0, 0, 0, 0, , , 0, 0, 0, , 0, , 0, 0, 0, 0, 0, 20000, 0, 0, , 0, 0, 0, 0.0, , , , -1, -1, 0, 5, , 0, 0, 0, 1, 0, 2, 0, 0, 0, 0, 0, 0, 0, 0, 0, 0, 0, 0, 0, 0, 0, 0, 0, 0, 1000, 0.0, 0.0, 0.0, 0.0, 0, 0, 0, 0, 0, 0, 0, 0, 0, 0, 0, 0, 0, 0, 0, 0, 0, 0, , , 0, 0, , , 0, icon_40_equip_belt_M_M_eRB_0009b, icon_64_equip_belt_M_M_eRB_0009b, 0, , , , , , , , , , 0, , , 5, 2000010, 0, 0, 0, 0, 0, 0, , , 0, , , 2, , , , , , 0, , , 0, 20400010, 2, , , , 
9200042, 宫绡·画堂灵犀带, 4, 3, 75, 0, -1, , 1$$ 2$$ 3, 0, , 0, 1, 0, 0, 0, 0, 1, 0, 0, 0, 0, 0, 0, 0, , , 0, 0, 0, , 0, , 0, 0, 0, 0, 0, 20000, 0, 0, , 0, 0, 0, 0.0, , , , -1, -1, 0, 5, , 0, 0, 0, 1, 0, 2, 0, 0, 0, 0, 0, 0, 0, 0, 0, 0, 0, 0, 0, 0, 0, 0, 0, 0, 2500, 0.0, 0.0, 0.0, 0.0, 0, 0, 0, 0, 0, 0, 0, 0, 0, 0, 0, 0, 0, 0, 0, 0, 0, 0, , , 0, 0, , , 0, icon_40_equip_belt_M_M_eRB_0009b, icon_64_equip_belt_M_M_eRB_0009b, 0, , , , , , , , , , 0, , , 5, 2000010, 0, 0, 0, 0, 0, 0, , , 0, , , 2, , , , , , 0, , , 0, 20400010, 3, , , , 
9200050, 工铸·剑魄链, 2, 1, 75, 0, -1, , 1$$ 2$$ 3, 0, , 0, 1, 0, 0, 0, 0, 1, 0, 0, 0, 0, 0, 0, 0, , , 0, 0, 0, , 0, , 0, 0, 0, 0, 0, 20000, 0, 0, , 0, 0, 0, 0.0, , , , -1, -1, 0, 9, , 0, 0, 0, 1, 0, 2, 0, 0, 0, 0, 0, 0, 0, 0, 0, 0, 0, 0, 0, 0, 0, 0, 0, 0, 0, 0.0, 0.0, 0.1, 0.0, 0, 0, 0, 0, 0, 0, 0, 0, 0, 0, 0, 0, 0, 0, 0, 0, 0, 0, , , 0, 0, , , 0, ICON_40_equip_xianglian_HB_jianpo, ICON_64_equip_xianglian_HB_jianpo, 0, , , , , , , , , , 0, , , 9, 2000007, 0, 0, 0, 0, 0, 0, , , 0, , , 2, , , , , , 0, , , 0, 20400010, 1, , , , 
9200051, 匠铸·剑魄链, 3, 2, 75, 0, -1, , 1$$ 2$$ 3, 0, , 0, 1, 0, 0, 0, 0, 1, 0, 0, 0, 0, 0, 0, 0, , , 0, 0, 0, , 0, , 0, 0, 0, 0, 0, 20000, 0, 0, , 0, 0, 0, 0.0, , , , -1, -1, 0, 9, , 0, 0, 0, 1, 0, 2, 0, 0, 0, 0, 0, 0, 0, 0, 0, 0, 0, 0, 0, 0, 0, 0, 0, 0, 0, 0.0, 0.0, 0.2, 0.0, 0, 0, 0, 0, 0, 0, 0, 0, 0, 0, 0, 0, 0, 0, 0, 0, 0, 0, , , 0, 0, , , 0, ICON_40_equip_xianglian_HB_jianpo, ICON_64_equip_xianglian_HB_jianpo, 0, , , , , , , , , , 0, , , 9, 2000007, 0, 0, 0, 0, 0, 0, , , 0, , , 2, , , , , , 0, , , 0, 20400010, 2, , , , 
9200052, 师铸·剑魄链, 4, 3, 75, 0, -1, , 1$$ 2$$ 3, 0, , 0, 1, 0, 0, 0, 0, 1, 0, 0, 0, 0, 0, 0, 0, , , 0, 0, 0, , 0, , 0, 0, 0, 0, 0, 20000, 0, 0, , 0, 0, 0, 0.0, , , , -1, -1, 0, 9, , 0, 0, 0, 1, 0, 2, 0, 0, 0, 0, 0, 0, 0, 0, 0, 0, 0, 0, 0, 0, 0, 0, 0, 0, 0, 0.0, 0.0, 0.4, 0.0, 0, 0, 0, 0, 0, 0, 0, 0, 0, 0, 0, 0, 0, 0, 0, 0, 0, 0, , , 0, 0, , , 0, ICON_40_equip_xianglian_HB_jianpo, ICON_64_equip_xianglian_HB_jianpo, 0, , , , , , , , , , 0, , , 9, 2000007, 0, 0, 0, 0, 0, 0, , , 0, , , 2, , , , , , 0, , , 0, 20400010, 3, , , , 
9200060, 工铸·剑魄戒, 2, 1, 75, 0, -1, , 1$$ 2$$ 3, 0, , 0, 1, 0, 0, 0, 0, 1, 0, 0, 0, 0, 0, 0, 0, , , 0, 0, 0, , 0, , 0, 0, 0, 0, 0, 20000, 0, 0, , 0, 0, 0, 0.0, , , , -1, -1, 0, 10, , 0, 0, 0, 1, 0, 2, 0, 0, 0, 0, 0, 0, 0, 0, 0, 0, 0, 0, 0, 0, 0, 0, 0, 0, 0, 0.1, 0.0, 0.0, 0.0, 0, 0, 0, 0, 0, 0, 0, 0, 0, 0, 0, 0, 0, 0, 0, 0, 0, 0, , , 0, 0, , , 0, ICON_40_equip_jiezhi_HB_jianpo, ICON_64_equip_jiezhi_HB_jianpo, 0, , , , , , , , , , 0, , , 10, 2000005, 0, 0, 0, 0, 0, 0, , , 0, , , 2, , , , , , 0, , , 0, 20400010, 1, , , , 
9200061, 匠铸·剑魄戒, 3, 2, 75, 0, -1, , 1$$ 2$$ 3, 0, , 0, 1, 0, 0, 0, 0, 1, 0, 0, 0, 0, 0, 0, 0, , , 0, 0, 0, , 0, , 0, 0, 0, 0, 0, 20000, 0, 0, , 0, 0, 0, 0.0, , , , -1, -1, 0, 10, , 0, 0, 0, 1, 0, 2, 0, 0, 0, 0, 0, 0, 0, 0, 0, 0, 0, 0, 0, 0, 0, 0, 0, 0, 0, 0.2, 0.0, 0.0, 0.0, 0, 0, 0, 0, 0, 0, 0, 0, 0, 0, 0, 0, 0, 0, 0, 0, 0, 0, , , 0, 0, , , 0, ICON_40_equip_jiezhi_HB_jianpo, ICON_64_equip_jiezhi_HB_jianpo, 0, , , , , , , , , , 0, , , 10, 2000005, 0, 0, 0, 0, 0, 0, , , 0, , , 2, , , , , , 0, , , 0, 20400010, 2, , , , 
9200062, 师铸·剑魄戒, 4, 3, 75, 0, -1, , 1$$ 2$$ 3, 0, , 0, 1, 0, 0, 0, 0, 1, 0, 0, 0, 0, 0, 0, 0, , , 0, 0, 0, , 0, , 0, 0, 0, 0, 0, 20000, 0, 0, , 0, 0, 0, 0.0, , , , -1, -1, 0, 10, , 0, 0, 0, 1, 0, 2, 0, 0, 0, 0, 0, 0, 0, 0, 0, 0, 0, 0, 0, 0, 0, 0, 0, 0, 0, 0.4, 0.0, 0.0, 0.0, 0, 0, 0, 0, 0, 0, 0, 0, 0, 0, 0, 0, 0, 0, 0, 0, 0, 0, , , 0, 0, , , 0, ICON_40_equip_jiezhi_HB_jianpo, ICON_64_equip_jiezhi_HB_jianpo, 0, , , , , , , , , , 0, , , 10, 2000005, 0, 0, 0, 0, 0, 0, , , 0, , , 2, , , , , , 0, , , 0, 20400010, 3, , , , 
9200070, 工铸·剑魄镯, 2, 1, 75, 0, -1, , 1$$ 2$$ 3, 0, , 0, 1, 0, 0, 0, 0, 1, 0, 0, 0, 0, 0, 0, 0, , , 0, 0, 0, , 0, , 0, 0, 0, 0, 0, 20000, 0, 0, , 0, 0, 0, 0.0, , , , -1, -1, 0, 12, , 0, 0, 0, 1, 0, 2, 0, 0, 0, 180, 205, 0, 0, 0, 0, 0, 0, 0, 0, 0, 0, 0, 0, 0, 0, 0.0, 0.0, 0.0, 0.0, 0, 0, 0, 0, 0, 0, 0, 0, 0, 0, 0, 0, 0, 0, 0, 0, 0, 0, , , 0, 0, , , 0, ICON_40_equip_shouzhuo_HB_jianpo, ICON_64_equip_shouzhuo_HB_jianpo, 0, , , , , , , , , , 0, , , 11, 2000009, 0, 0, 0, 0, 0, 0, , , 0, , , 2, , , , , , 0, , , 0, 20400010, 1, , , , 
9200071, 匠铸·剑魄镯, 3, 2, 75, 0, -1, , 1$$ 2$$ 3, 0, , 0, 1, 0, 0, 0, 0, 1, 0, 0, 0, 0, 0, 0, 0, , , 0, 0, 0, , 0, , 0, 0, 0, 0, 0, 20000, 0, 0, , 0, 0, 0, 0.0, , , , -1, -1, 0, 12, , 0, 0, 0, 1, 0, 2, 0, 0, 0, 380, 405, 0, 0, 0, 0, 0, 0, 0, 0, 0, 0, 0, 0, 0, 0, 0.0, 0.0, 0.0, 0.0, 0, 0, 0, 0, 0, 0, 0, 0, 0, 0, 0, 0, 0, 0, 0, 0, 0, 0, , , 0, 0, , , 0, ICON_40_equip_shouzhuo_HB_jianpo, ICON_64_equip_shouzhuo_HB_jianpo, 0, , , , , , , , , , 0, , , 11, 2000009, 0, 0, 0, 0, 0, 0, , , 0, , , 2, , , , , , 0, , , 0, 20400010, 2, , , , 
9200072, 师铸·剑魄镯, 4, 3, 75, 0, -1, , 1$$ 2$$ 3, 0, , 0, 1, 0, 0, 0, 0, 1, 0, 0, 0, 0, 0, 0, 0, , , 0, 0, 0, , 0, , 0, 0, 0, 0, 0, 20000, 0, 0, , 0, 0, 0, 0.0, , , , -1, -1, 0, 12, , 0, 0, 0, 1, 0, 2, 0, 0, 0, 780, 805, 0, 0, 0, 0, 0, 0, 0, 0, 0, 0, 0, 0, 0, 0, 0.0, 0.0, 0.0, 0.0, 0, 0, 0, 0, 0, 0, 0, 0, 0, 0, 0, 0, 0, 0, 0, 0, 0, 0, , , 0, 0, , , 0, ICON_40_equip_shouzhuo_HB_jianpo, ICON_64_equip_shouzhuo_HB_jianpo, 0, , , , , , , , , , 0, , , 11, 2000009, 0, 0, 0, 0, 0, 0, , , 0, , , 2, , , , , , 0, , , 0, 20400010, 3, , , , 
9200200, 门派武学·壹, 3, 1, 75, 0, -1, , 1$$ 2$$ 3, 0, , 0, 1, 0, 0, 0, 0, 1, 0, 0, 0, 0, 0, 0, 0, 装备此秘籍可获得门派技能，根据主武器的不同，所给予技能将出现在你的快捷栏中。<br>本秘籍技能大多为位移技，具体技能如下：<br>真武-道生一剑<br>太白-苍龙出水<br>唐门-强化·乳燕归巢<br>天香-香意痕<br>神威-猛虎破<br>丐帮-追风踢<br>五毒-索命诀<br>神刀-踏浪斩<br>移花-踏雪浮云, , 0, 0, 0, , 0, , 0, 0, 0, 0, 0, 20000, 0, 0, , 0, 0, 0, 0.0, , , , -1, -1, 0, 1, , 0, 0, 0, 1, 0, 2, 0, 0, 0, 0, 0, 0, 0, 0, 0, 0, 0, 0, 0, 0, 0, 0, 0, 0, 0, 0.0, 0.0, 0.0, 0.0, 0, 0, 0, 0, 0, 0, 0, 0, 0, 0, 0, 0, 0, 0, 0, 0, 0, 0, , , 0, 0, , , 0, ICON_40_equip_MPJN_01, ICON_64_equip_MPJN_01, 0, , Weapon_ZW_M_Main1_1016;Weapon_ZW_M_Main2_1016, , Weapon_ZW_M_Main1_1016;Weapon_ZW_M_Main2_1016, Weapon_ZW_M_Main1_1016;Weapon_ZW_M_Main2_1016, , , , , 0, 突进技能, , 29, 2000004, 0, 0, 0, 0, 0, 0, , , 0, , , 2, , , , , , 0, , , 0, 20400010, 2, 96130$$ 96210$$ 96440$$ 96320$$ 96730$$ 96630$$ 96530$$ 96800$$ 97207, 0$$ 0$$ 0$$ 0$$ 0$$ 0$$ 0$$ 0$$ 0, 0$$ 1$$ 4$$ 7$$ 2$$ 3$$ 5$$ 8$$ 9, 
9200201, 门派武学·贰, 3, 1, 75, 0, -1, , 1$$ 2$$ 3, 0, , 0, 1, 0, 0, 0, 0, 1, 0, 0, 0, 0, 0, 0, 0, 装备此秘籍可获得门派技能，根据主武器的不同，所给予技能将出现在你的快捷栏中。<br>本秘籍技能大多为群攻技，具体技能如下：<br>真武-破定技·归玄<br>太白-回风落雁<br>唐门-暴雨梨花<br>天香-芳华一瞬<br>神威-断龙枪<br>丐帮-虎尾脚<br>五毒-黑雾刀法<br>神刀-天地风火<br>移花-大音希声, , 0, 0, 0, , 0, , 0, 0, 0, 0, 0, 20000, 0, 0, , 0, 0, 0, 0.0, , , , -1, -1, 0, 2, , 0, 0, 0, 1, 0, 2, 0, 0, 0, 0, 0, 0, 0, 0, 0, 0, 0, 0, 0, 0, 0, 0, 0, 0, 0, 0.0, 0.0, 0.0, 0.0, 0, 0, 0, 0, 0, 0, 0, 0, 0, 0, 0, 0, 0, 0, 0, 0, 0, 0, , , 0, 0, , , 0, ICON_40_equip_MPJN_02, ICON_64_equip_MPJN_02, 0, , Weapon_ZW_M_Main1_1017;Weapon_ZW_M_Main2_1017, , Weapon_ZW_M_Main1_1017;Weapon_ZW_M_Main2_1017, Weapon_ZW_M_Main1_1017;Weapon_ZW_M_Main2_1017, , , , , 0, 破定群攻技能, , 29, 2000004, 0, 0, 0, 0, 0, 0, , , 0, , , 2, , , , , , 0, , , 0, 20400010, 2, 96120$$ 96220$$ 96430$$ 96330$$ 96720$$ 96600$$ 96500$$ 96820$$ 97205, 0$$ 0$$ 0$$ 0$$ 0$$ 0$$ 0$$ 0$$ 0, 0$$ 1$$ 4$$ 7$$ 2$$ 3$$ 5$$ 8$$ 9, 
9200202, 门派武学·叁, 3, 1, 75, 0, -1, , 1$$ 2$$ 3, 0, , 0, 1, 0, 0, 0, 0, 1, 0, 0, 0, 0, 0, 0, 0, 装备此秘籍可获得门派技能，根据主武器的不同，所给予技能将出现在你的快捷栏中。<br>本秘籍技能大多为控制技，具体技能如下：<br>真武-反击技·上善<br>太白-风雷一剑<br>唐门-饮血技·风花饮月<br>天香-饮血技·绝命伞<br>神威-狂龙震<br>丐帮-劈山决<br>五毒-狂蜂追命<br>神刀-饮血技·笑红尘<br>移花-花杀一念, , 0, 0, 0, , 0, , 0, 0, 0, 0, 0, 20000, 0, 0, , 0, 0, 0, 0.0, , , , -1, -1, 0, 11, , 0, 0, 0, 1, 0, 2, 0, 0, 0, 0, 0, 0, 0, 0, 0, 0, 0, 0, 0, 0, 0, 0, 0, 0, 0, 0.0, 0.0, 0.0, 0.0, 0, 0, 0, 0, 0, 0, 0, 0, 0, 0, 0, 0, 0, 0, 0, 0, 0, 0, , , 0, 0, , , 0, ICON_40_equip_MPJN_03, ICON_64_equip_MPJN_03, 0, , Weapon_ZW_M_Main1_1012;Weapon_ZW_M_Main2_1012, , Weapon_ZW_M_Main1_1012;Weapon_ZW_M_Main2_1012, Weapon_ZW_M_Main1_1012;Weapon_ZW_M_Main2_1012, , , , , 0, 饮血技能, , 29, 2000004, 0, 0, 0, 0, 0, 0, , , 0, , , 2, , , , , , 0, , , 0, 20400010, 2, 96110$$ 96230$$ 96420$$ 96300$$ 96700$$ 96650$$ 96520$$ 96830$$ 97204, 0$$ 0$$ 0$$ 0$$ 0$$ 0$$ 0$$ 0$$ 0, 0$$ 1$$ 4$$ 7$$ 2$$ 3$$ 5$$ 8$$ 9, 
9200203, 门派秘籍·壹, 4, 2, 75, 0, -1, , 1$$ 2$$ 3, 0, , 0, 1, 0, 0, 0, 0, 1, 0, 0, 0, 0, 0, 0, 0, 装备此秘籍可获得门派技能，根据主武器的不同，所给予技能将出现在你的快捷栏中。<br>本秘籍技能大多为位移技，具体技能如下：<br>真武-道生一剑<br>太白-苍龙出水<br>唐门-强化·乳燕归巢<br>天香-香意痕<br>神威-猛虎破<br>丐帮-追风踢<br>五毒-索命诀<br>神刀-踏浪斩<br>移花-踏雪浮云, , 0, 0, 0, , 0, , 0, 0, 0, 0, 0, 20000, 0, 0, , 0, 0, 0, 0.0, , , , -1, -1, 0, 1, , 0, 0, 0, 1, 0, 2, 0, 0, 0, 0, 0, 0, 0, 0, 0, 0, 0, 0, 0, 0, 0, 0, 0, 0, 0, 0.0, 0.0, 0.0, 0.0, 0, 0, 0, 0, 0, 0, 0, 0, 0, 0, 0, 0, 0, 0, 0, 0, 0, 0, , , 0, 0, , , 0, ICON_40_equip_MPJN_01, ICON_64_equip_MPJN_01, 0, , Weapon_ZW_M_Main1_1016;Weapon_ZW_M_Main2_1016, , Weapon_ZW_M_Main1_1016;Weapon_ZW_M_Main2_1016, Weapon_ZW_M_Main1_1017;Weapon_ZW_M_Main2_1017, , , , , 0, 突进技能, , 29, 2000004, 0, 0, 0, 0, 0, 0, , , 0, , , 2, , , , , , 0, , , 0, 20400010, 2, 97058$$ 97072$$ 97104$$ 97083$$ 97167$$ 97138$$ 97116$$ 97171$$ 97215, 0$$ 0$$ 0$$ 0$$ 0$$ 0$$ 0$$ 0$$ 0, 0$$ 1$$ 4$$ 7$$ 2$$ 3$$ 5$$ 8$$ 9, 
9200204, 门派秘籍·贰, 4, 2, 75, 0, -1, , 1$$ 2$$ 3, 0, , 0, 1, 0, 0, 0, 0, 1, 0, 0, 0, 0, 0, 0, 0, 装备此秘籍可获得门派技能，根据主武器的不同，所给予技能将出现在你的快捷栏中。<br>本秘籍技能大多为群攻技，具体技能如下：<br>真武-破定技·归玄<br>太白-回风落雁<br>唐门-暴雨梨花<br>天香-芳华一瞬<br>神威-断龙枪<br>丐帮-虎尾脚<br>五毒-黑雾刀法<br>神刀-天地风火<br>移花-大音希声, , 0, 0, 0, , 0, , 0, 0, 0, 0, 0, 20000, 0, 0, , 0, 0, 0, 0.0, , , , -1, -1, 0, 2, , 0, 0, 0, 1, 0, 2, 0, 0, 0, 0, 0, 0, 0, 0, 0, 0, 0, 0, 0, 0, 0, 0, 0, 0, 0, 0.0, 0.0, 0.0, 0.0, 0, 0, 0, 0, 0, 0, 0, 0, 0, 0, 0, 0, 0, 0, 0, 0, 0, 0, , , 0, 0, , , 0, ICON_40_equip_MPJN_02, ICON_64_equip_MPJN_02, 0, , Weapon_ZW_M_Main1_1017;Weapon_ZW_M_Main2_1017, , Weapon_ZW_M_Main1_1017;Weapon_ZW_M_Main2_1017, Weapon_ZW_M_Main1_1017;Weapon_ZW_M_Main2_1017, , , , , 0, 破定群攻技能, , 29, 2000004, 0, 0, 0, 0, 0, 0, , , 0, , , 2, , , , , , 0, , , 0, 20400010, 2, 97055$$ 97073$$ 97101$$ 97087$$ 97163$$ 97123$$ 97105$$ 97183$$ 97213, 0$$ 0$$ 0$$ 0$$ 0$$ 0$$ 0$$ 0$$ 0, 0$$ 1$$ 4$$ 7$$ 2$$ 3$$ 5$$ 8$$ 9, 
9200205, 门派秘籍·叁, 4, 2, 75, 0, -1, , 1$$ 2$$ 3, 0, , 0, 1, 0, 0, 0, 0, 1, 0, 0, 0, 0, 0, 0, 0, 装备此秘籍可获得门派技能，根据主武器的不同，所给予技能将出现在你的快捷栏中。<br>本秘籍技能大多为控制技，具体技能如下：<br>真武-反击技·上善<br>太白-风雷一剑<br>唐门-饮血技·风花饮月<br>天香-饮血技·绝命伞<br>神威-狂龙震<br>丐帮-劈山决<br>五毒-狂蜂追命<br>神刀-饮血技·笑红尘<br>移花-花杀一念, , 0, 0, 0, , 0, , 0, 0, 0, 0, 0, 20000, 0, 0, , 0, 0, 0, 0.0, , , , -1, -1, 0, 11, , 0, 0, 0, 1, 0, 2, 0, 0, 0, 0, 0, 0, 0, 0, 0, 0, 0, 0, 0, 0, 0, 0, 0, 0, 0, 0.0, 0.0, 0.0, 0.0, 0, 0, 0, 0, 0, 0, 0, 0, 0, 0, 0, 0, 0, 0, 0, 0, 0, 0, , , 0, 0, , , 0, ICON_40_equip_MPJN_03, ICON_64_equip_MPJN_03, 0, , Weapon_ZW_M_Main1_1012;Weapon_ZW_M_Main2_1012, , Weapon_ZW_M_Main1_1012;Weapon_ZW_M_Main2_1012, Weapon_ZW_M_Main1_1012;Weapon_ZW_M_Main2_1012, , , , , 0, 饮血技能, , 29, 2000004, 0, 0, 0, 0, 0, 0, , , 0, , , 2, , , , , , 0, , , 0, 20400010, 2, 97047$$ 97074$$ 97097$$ 97088$$ 97154$$ 97149$$ 97114$$ 97187$$ 97212, 0$$ 0$$ 0$$ 0$$ 0$$ 0$$ 0$$ 0$$ 0, 0$$ 1$$ 4$$ 7$$ 2$$ 3$$ 5$$ 8$$ 9, 
9200206, 废弃, 3, 1, 75, 0, -1, , 1$$ 2$$ 3, 0, , 0, 1, 0, 0, 0, 0, 1, 0, 0, 0, 0, 0, 0, 0, 真武：剑气；太白：苍龙；唐门：扇子；天香：绝命伞；神威：狂龙震；丐帮：虎尾脚；五毒：黑雾刀法；神刀：断中流, , 0, 0, 0, , 0, , 0, 0, 0, 0, 0, 20000, 0, 0, , 0, 0, 0, 0.0, , , , -1, 0$$ 1$$ 2$$ 3$$ 4$$ 5$$ 7$$ 8, 0, 9, , 0, 0, 0, 1, 0, 2, 0, 0, 0, 0, 0, 0, 0, 0, 0, 0, 0, 0, 0, 0, 0, 0, 0, 0, 0, 0.0, 0.0, 0.0, 0.0, 0, 0, 0, 0, 0, 0, 0, 0, 0, 0, 0, 0, 0, 0, 0, 0, 0, 0, , , 0, 0, , , 0, icon_40_JY_duanzaoshuLv5, icon_64_JY_duanzaoshuLv5, 0, , Weapon_ZW_M_Main1_1012;Weapon_ZW_M_Main2_1012, , Weapon_ZW_M_Main1_1012;Weapon_ZW_M_Main2_1012, Weapon_ZW_M_Main1_1012;Weapon_ZW_M_Main2_1012, , , , , 0, , , 29, 2000004, 0, 0, 0, 0, 0, 0, , , 0, , , 2, , , , , , 0, , , 0, 20400010, 3, , , , 
9200231, 通用技·震天雷, 3, 1, 75, 0, -1, , 1$$ 2$$ 3, 0, , 0, 1, 0, 0, 0, 0, 1, 0, 0, 0, 0, 0, 0, 0, 装备此秘籍可获得通用技能，使用后将在快捷栏中出现。<br>你最多可装备2个通用技能，如果通用技能已满后使用未装备的通用技能书，老的技能书会被替换放回背包。, , 0, 0, 0, , 0, , 0, 0, 0, 0, 0, 2040101$$ 20000, 0, 0, , 0, 0, 0, 0.0, , , , -1, -1, 0, 13$$ 7, , 0, 0, 0, 1, 0, 2, 0, 0, 0, 0, 0, 0, 0, 0, 0, 0, 0, 0, 0, 0, 0, 0, 0, 0, 0, 0.0, 0.0, 0.0, 0.0, 0, 0, 0, 0, 0, 0, 0, 0, 0, 0, 0, 0, 0, 0, 0, 0, 0, 0, , , 0, 0, , 96020, 0, ICON_40_equip_TYJN_01, ICON_64_equip_TYJN_01, 0, , Weapon_ZW_M_Main1_1012;Weapon_ZW_M_Main2_1012, , Weapon_ZW_M_Main1_1012;Weapon_ZW_M_Main2_1012, Weapon_ZW_M_Main1_1012;Weapon_ZW_M_Main2_1012, , , , , 0, , , 29, 2000004, 0, 0, 0, 0, 0, 0, , , 0, , , 2, , , , , , 0, , , 0, 20400010, 2, , , , 
9200232, 通用技·杀手, 4, 1, 75, 0, -1, , 1$$ 2$$ 3, 0, , 0, 1, 0, 0, 0, 0, 1, 0, 0, 0, 0, 0, 0, 0, 装备此秘籍可获得通用技能，使用后将在快捷栏中出现。<br>你最多可装备2个通用技能，如果通用技能已满后使用未装备的通用技能书，老的技能书会被替换放回背包。, , 0, 0, 0, , 0, , 0, 0, 0, 0, 0, 2040101$$ 20000, 0, 0, , 0, 0, 0, 0.0, , , , -1, -1, 0, 13$$ 7, , 0, 0, 0, 1, 0, 2, 0, 0, 0, 0, 0, 0, 0, 0, 0, 0, 0, 0, 0, 0, 0, 0, 0, 0, 0, 0.0, 0.0, 0.0, 0.0, 0, 0, 0, 0, 0, 0, 0, 0, 0, 0, 0, 0, 0, 0, 0, 0, 0, 0, , , 0, 0, , 96839$$ 96840, 0, ICON_40_equip_TYJN_02, ICON_64_equip_TYJN_02, 0, , Weapon_ZW_M_Main1_1012;Weapon_ZW_M_Main2_1012, , Weapon_ZW_M_Main1_1012;Weapon_ZW_M_Main2_1012, Weapon_ZW_M_Main1_1012;Weapon_ZW_M_Main2_1012, , , , , 0, , , 29, 2000004, 0, 0, 0, 0, 0, 0, , , 0, , , 2, , , , , , 0, , , 0, 20400010, 2, , , , 
9200234, 通用技·陷阱, 3, 1, 75, 0, -1, , 1$$ 2$$ 3, 0, , 0, 1, 0, 0, 0, 0, 1, 0, 0, 0, 0, 0, 0, 0, 装备此秘籍可获得通用技能，使用后将在快捷栏中出现。<br>你最多可装备2个通用技能，如果通用技能已满后使用未装备的通用技能书，老的技能书会被替换放回背包。, , 0, 0, 0, , 0, , 0, 0, 0, 0, 0, 2040101$$ 20000, 0, 0, , 0, 0, 0, 0.0, , , , -1, -1, 0, 13$$ 7, , 0, 0, 0, 1, 0, 2, 0, 0, 0, 0, 0, 0, 0, 0, 0, 0, 0, 0, 0, 0, 0, 0, 0, 0, 0, 0.0, 0.0, 0.0, 0.0, 0, 0, 0, 0, 0, 0, 0, 0, 0, 0, 0, 0, 0, 0, 0, 0, 0, 0, , , 0, 0, , 96841$$ 96860, 0, ICON_40_equip_TYJN_03, ICON_64_equip_TYJN_03, 0, , Weapon_ZW_M_Main1_1012;Weapon_ZW_M_Main2_1012, , Weapon_ZW_M_Main1_1012;Weapon_ZW_M_Main2_1012, Weapon_ZW_M_Main1_1012;Weapon_ZW_M_Main2_1012, , , , , 0, , , 29, 2000004, 0, 0, 0, 0, 0, 0, , , 0, , , 2, , , , , , 0, , , 0, 20400010, 2, , , , 
9200235, 通用技·落马镖, 3, 1, 75, 0, -1, , 1$$ 2$$ 3, 0, , 0, 1, 0, 0, 0, 0, 1, 0, 0, 0, 0, 0, 0, 0, 装备此秘籍可获得通用技能，使用后将在快捷栏中出现。<br>你最多可装备2个通用技能，如果通用技能已满后使用未装备的通用技能书，老的技能书会被替换放回背包。, , 0, 0, 0, , 0, , 0, 0, 0, 0, 0, 2040101$$ 20000, 0, 0, , 0, 0, 0, 0.0, , , , -1, -1, 0, 13$$ 7, , 0, 0, 0, 1, 0, 2, 0, 0, 0, 0, 0, 0, 0, 0, 0, 0, 0, 0, 0, 0, 0, 0, 0, 0, 0, 0.0, 0.0, 0.0, 0.0, 0, 0, 0, 0, 0, 0, 0, 0, 0, 0, 0, 0, 0, 0, 0, 0, 0, 0, , , 0, 0, , 96843, 0, ICON_40_equip_TYJN_04, ICON_64_equip_TYJN_04, 0, , Weapon_ZW_M_Main1_1012;Weapon_ZW_M_Main2_1012, , Weapon_ZW_M_Main1_1012;Weapon_ZW_M_Main2_1012, Weapon_ZW_M_Main1_1012;Weapon_ZW_M_Main2_1012, , , , , 0, , , 29, 2000004, 0, 0, 0, 0, 0, 0, , , 0, , , 2, , , , , , 0, , , 0, 20400010, 2, , , , 
9200236, 通用技·秘藏, 4, 1, 75, 0, -1, , 1$$ 2$$ 3, 0, , 0, 1, 0, 0, 0, 0, 1, 0, 0, 0, 0, 0, 0, 0, 装备此秘籍可获得通用技能，使用后将在快捷栏中出现。<br>你最多可装备2个通用技能，如果通用技能已满后使用未装备的通用技能书，老的技能书会被替换放回背包。, , 0, 0, 0, , 0, , 0, 0, 0, 0, 0, 2040101$$ 20000, 0, 0, , 0, 0, 0, 0.0, , , , -1, -1, 0, 13$$ 7, , 0, 0, 0, 1, 0, 2, 0, 0, 0, 0, 0, 0, 0, 0, 0, 0, 0, 0, 0, 0, 0, 0, 0, 0, 0, 0.0, 0.0, 0.0, 0.0, 0, 0, 0, 0, 0, 0, 0, 0, 0, 0, 0, 0, 0, 0, 0, 0, 0, 0, , , 0, 0, , 96844$$ 96866, 0, ICON_40_equip_TYJN_05, ICON_64_equip_TYJN_05, 0, , Weapon_ZW_M_Main1_1012;Weapon_ZW_M_Main2_1012, , Weapon_ZW_M_Main1_1012;Weapon_ZW_M_Main2_1012, Weapon_ZW_M_Main1_1012;Weapon_ZW_M_Main2_1012, , , , , 0, , , 29, 2000004, 0, 0, 0, 0, 0, 0, , , 0, , , 2, , , , , , 0, , , 0, 20400010, 2, , , , 
9200237, 通用技·抓捕, 3, 1, 75, 0, -1, , 1$$ 2$$ 3, 0, , 0, 1, 0, 0, 0, 0, 1, 0, 0, 0, 0, 0, 0, 0, 装备此秘籍可获得通用技能，使用后将在快捷栏中出现。<br>你最多可装备2个通用技能，如果通用技能已满后使用未装备的通用技能书，老的技能书会被替换放回背包。, , 0, 0, 0, , 0, , 0, 0, 0, 0, 0, 2040101$$ 20000, 0, 0, , 0, 0, 0, 0.0, , , , -1, -1, 0, 13$$ 7, , 0, 0, 0, 1, 0, 2, 0, 0, 0, 0, 0, 0, 0, 0, 0, 0, 0, 0, 0, 0, 0, 0, 0, 0, 0, 0.0, 0.0, 0.0, 0.0, 0, 0, 0, 0, 0, 0, 0, 0, 0, 0, 0, 0, 0, 0, 0, 0, 0, 0, , , 0, 0, , 96845, 0, ICON_40_equip_TYJN_06, ICON_64_equip_TYJN_06, 0, , Weapon_ZW_M_Main1_1012;Weapon_ZW_M_Main2_1012, , Weapon_ZW_M_Main1_1012;Weapon_ZW_M_Main2_1012, Weapon_ZW_M_Main1_1012;Weapon_ZW_M_Main2_1012, , , , , 0, , , 29, 2000004, 0, 0, 0, 0, 0, 0, , , 0, , , 2, , , , , , 0, , , 0, 20400010, 2, , , , 
9200238, 通用技·变身, 3, 1, 75, 0, -1, , 1$$ 2$$ 3, 0, , 0, 1, 0, 0, 0, 0, 1, 0, 0, 0, 0, 0, 0, 0, 装备此秘籍可获得通用技能，使用后将在快捷栏中出现。<br>你最多可装备2个通用技能，如果通用技能已满后使用未装备的通用技能书，老的技能书会被替换放回背包。, , 0, 0, 0, , 0, , 0, 0, 0, 0, 0, 2040101$$ 20000, 0, 0, , 0, 0, 0, 0.0, , , , -1, -1, 0, 13$$ 7, , 0, 0, 0, 1, 0, 2, 0, 0, 0, 0, 0, 0, 0, 0, 0, 0, 0, 0, 0, 0, 0, 0, 0, 0, 0, 0.0, 0.0, 0.0, 0.0, 0, 0, 0, 0, 0, 0, 0, 0, 0, 0, 0, 0, 0, 0, 0, 0, 0, 0, , , 0, 0, , 96849, 0, ICON_40_equip_TYJN_07, ICON_64_equip_TYJN_07, 0, , Weapon_ZW_M_Main1_1012;Weapon_ZW_M_Main2_1012, , Weapon_ZW_M_Main1_1012;Weapon_ZW_M_Main2_1012, Weapon_ZW_M_Main1_1012;Weapon_ZW_M_Main2_1012, , , , , 0, , , 29, 2000004, 0, 0, 0, 0, 0, 0, , , 0, , , 2, , , , , , 0, , , 0, 20400010, 2, , , , 
9200250, 强化·震天雷, 3, 1, 75, 0, -1, , 1$$ 2$$ 3, 0, , 0, 1, 0, 0, 0, 0, 1, 0, 0, 0, 0, 0, 0, 0, 装备此秘籍\n可强化对应招式\n强化震天雷：命中目标时，减少15秒调息时间, , 0, 0, 0, , 0, , 0, 0, 0, 0, 0, 20000, 0, 0, , 0, 0, 0, 0.0, , , , -1, -1, 0, 14, , 0, 0, 0, 1, 0, 2, 0, 0, 0, 0, 0, 0, 0, 0, 0, 0, 0, 0, 0, 0, 0, 0, 0, 0, 0, 0.0, 0.0, 0.0, 0.0, 0, 0, 0, 0, 0, 0, 0, 0, 0, 0, 0, 0, 0, 0, 0, 0, 0, 0, , , 0, 0, 210500001, , 0, ICON_40_equip_TYJN_01_QH, ICON_64_equip_TYJN_01_QH, 0, , Weapon_ZW_M_Main1_1012;Weapon_ZW_M_Main2_1012, , Weapon_ZW_M_Main1_1012;Weapon_ZW_M_Main2_1012, Weapon_ZW_M_Main1_1012;Weapon_ZW_M_Main2_1012, , , , , 0, , , 29, 2000004, 0, 0, 0, 0, 0, 0, , , 0, , , 2, , , , , , 0, , , 0, 20400010, 2, , , , 
9200251, 强化·杀手, 3, 1, 75, 0, -1, , 1$$ 2$$ 3, 0, , 0, 1, 0, 0, 0, 0, 1, 0, 0, 0, 0, 0, 0, 0, 装备此秘籍\n可强化对应招式\n强化隐匿：提升移速50%\n强化龙鳞刺：有20%几率造成目标最大生命值90%的伤害, , 0, 0, 0, , 0, , 0, 0, 0, 0, 0, 20000, 0, 0, , 0, 0, 0, 0.0, , , , -1, -1, 0, 14, , 0, 0, 0, 1, 0, 2, 0, 0, 0, 0, 0, 0, 0, 0, 0, 0, 0, 0, 0, 0, 0, 0, 0, 0, 0, 0.0, 0.0, 0.0, 0.0, 0, 0, 0, 0, 0, 0, 0, 0, 0, 0, 0, 0, 0, 0, 0, 0, 0, 0, , , 0, 0, 210500002, , 0, ICON_40_equip_TYJN_02_QH, ICON_64_equip_TYJN_02_QH, 0, , Weapon_ZW_M_Main1_1012;Weapon_ZW_M_Main2_1012, , Weapon_ZW_M_Main1_1012;Weapon_ZW_M_Main2_1012, Weapon_ZW_M_Main1_1012;Weapon_ZW_M_Main2_1012, , , , , 0, , , 29, 2000004, 0, 0, 0, 0, 0, 0, , , 0, , , 2, , , , , , 0, , , 0, 20400010, 2, , , , 
9200252, 强化·陷阱, 3, 1, 75, 0, -1, , 1$$ 2$$ 3, 0, , 0, 1, 0, 0, 0, 0, 1, 0, 0, 0, 0, 0, 0, 0, 装备此秘籍\n可强化对应招式\n强化陷阱：存在时间延长至240秒, , 0, 0, 0, , 0, , 0, 0, 0, 0, 0, 20000, 0, 0, , 0, 0, 0, 0.0, , , , -1, -1, 0, 14, , 0, 0, 0, 1, 0, 2, 0, 0, 0, 0, 0, 0, 0, 0, 0, 0, 0, 0, 0, 0, 0, 0, 0, 0, 0, 0.0, 0.0, 0.0, 0.0, 0, 0, 0, 0, 0, 0, 0, 0, 0, 0, 0, 0, 0, 0, 0, 0, 0, 0, , , 0, 0, 210500007, , 0, ICON_40_equip_TYJN_03_QH, ICON_64_equip_TYJN_03_QH, 0, , Weapon_ZW_M_Main1_1012;Weapon_ZW_M_Main2_1012, , Weapon_ZW_M_Main1_1012;Weapon_ZW_M_Main2_1012, Weapon_ZW_M_Main1_1012;Weapon_ZW_M_Main2_1012, , , , , 0, , , 29, 2000004, 0, 0, 0, 0, 0, 0, , , 0, , , 2, , , , , , 0, , , 0, 20400010, 2, , , , 
9200253, 强化·落马镖, 3, 1, 75, 0, -1, , 1$$ 2$$ 3, 0, , 0, 1, 0, 0, 0, 0, 1, 0, 0, 0, 0, 0, 0, 0, 装备此秘籍\n可强化对应招式\n强化落马镖：对目标附加50%减速效果，持续20秒。若击落马上目标，则额外消耗其70%内息。, , 0, 0, 0, , 0, , 0, 0, 0, 0, 0, 20000, 0, 0, , 0, 0, 0, 0.0, , , , -1, -1, 0, 14, , 0, 0, 0, 1, 0, 2, 0, 0, 0, 0, 0, 0, 0, 0, 0, 0, 0, 0, 0, 0, 0, 0, 0, 0, 0, 0.0, 0.0, 0.0, 0.0, 0, 0, 0, 0, 0, 0, 0, 0, 0, 0, 0, 0, 0, 0, 0, 0, 0, 0, , , 0, 0, 210500004, , 0, ICON_40_equip_TYJN_04_QH, ICON_64_equip_TYJN_04_QH, 0, , Weapon_ZW_M_Main1_1012;Weapon_ZW_M_Main2_1012, , Weapon_ZW_M_Main1_1012;Weapon_ZW_M_Main2_1012, Weapon_ZW_M_Main1_1012;Weapon_ZW_M_Main2_1012, , , , , 0, , , 29, 2000004, 0, 0, 0, 0, 0, 0, , , 0, , , 2, , , , , , 0, , , 0, 20400010, 2, , , , 
9200254, 强化·秘藏, 3, 1, 75, 0, -1, , 1$$ 2$$ 3, 0, , 0, 1, 0, 0, 0, 0, 1, 0, 0, 0, 0, 0, 0, 0, 装备此秘籍\n可强化对应招式\n强化秘藏：有30%概率额外召唤一个秘藏守护。, , 0, 0, 0, , 0, , 0, 0, 0, 0, 0, 20000, 0, 0, , 0, 0, 0, 0.0, , , , -1, -1, 0, 14, , 0, 0, 0, 1, 0, 2, 0, 0, 0, 0, 0, 0, 0, 0, 0, 0, 0, 0, 0, 0, 0, 0, 0, 0, 0, 0.0, 0.0, 0.0, 0.0, 0, 0, 0, 0, 0, 0, 0, 0, 0, 0, 0, 0, 0, 0, 0, 0, 0, 0, , , 0, 0, 210500005, , 0, ICON_40_equip_TYJN_05_QH, ICON_64_equip_TYJN_05_QH, 0, , Weapon_ZW_M_Main1_1012;Weapon_ZW_M_Main2_1012, , Weapon_ZW_M_Main1_1012;Weapon_ZW_M_Main2_1012, Weapon_ZW_M_Main1_1012;Weapon_ZW_M_Main2_1012, , , , , 0, , , 29, 2000004, 0, 0, 0, 0, 0, 0, , , 0, , , 2, , , , , , 0, , , 0, 20400010, 2, , , , 
9200255, 强化·抓捕, 3, 1, 75, 0, -1, , 1$$ 2$$ 3, 0, , 0, 1, 0, 0, 0, 0, 1, 0, 0, 0, 0, 0, 0, 0, 装备此秘籍\n可强化对应招式\n强化抓捕：获得抓捕二段：可将目标拖拽至周围。, , 0, 0, 0, , 0, , 0, 0, 0, 0, 0, 20000, 0, 0, , 0, 0, 0, 0.0, , , , -1, -1, 0, 14, , 0, 0, 0, 1, 0, 2, 0, 0, 0, 0, 0, 0, 0, 0, 0, 0, 0, 0, 0, 0, 0, 0, 0, 0, 0, 0.0, 0.0, 0.0, 0.0, 0, 0, 0, 0, 0, 0, 0, 0, 0, 0, 0, 0, 0, 0, 0, 0, 0, 0, , , 0, 0, 210500008, , 0, ICON_40_equip_TYJN_06_QH, ICON_64_equip_TYJN_06_QH, 0, , Weapon_ZW_M_Main1_1012;Weapon_ZW_M_Main2_1012, , Weapon_ZW_M_Main1_1012;Weapon_ZW_M_Main2_1012, Weapon_ZW_M_Main1_1012;Weapon_ZW_M_Main2_1012, , , , , 0, , , 29, 2000004, 0, 0, 0, 0, 0, 0, , , 0, , , 2, , , , , , 0, , , 0, 20400010, 2, , , , 
9200256, 强化·变身, 3, 1, 75, 0, -1, , 1$$ 2$$ 3, 0, , 0, 1, 0, 0, 0, 0, 1, 0, 0, 0, 0, 0, 0, 0, 装备此秘籍\n可强化对应招式\n强化变身：受到玩家攻击时，有50%几率闪躲。变身状态下可以触发陷阱，但免疫束缚效果。, , 0, 0, 0, , 0, , 0, 0, 0, 0, 0, 20000, 0, 0, , 0, 0, 0, 0.0, , , , -1, -1, 0, 14, , 0, 0, 0, 1, 0, 2, 0, 0, 0, 0, 0, 0, 0, 0, 0, 0, 0, 0, 0, 0, 0, 0, 0, 0, 0, 0.0, 0.0, 0.0, 0.0, 0, 0, 0, 0, 0, 0, 0, 0, 0, 0, 0, 0, 0, 0, 0, 0, 0, 0, , , 0, 0, 210500006, , 0, ICON_40_equip_TYJN_07_QH, ICON_64_equip_TYJN_07_QH, 0, , Weapon_ZW_M_Main1_1012;Weapon_ZW_M_Main2_1012, , Weapon_ZW_M_Main1_1012;Weapon_ZW_M_Main2_1012, Weapon_ZW_M_Main1_1012;Weapon_ZW_M_Main2_1012, , , , , 0, , , 29, 2000004, 0, 0, 0, 0, 0, 0, , , 0, , , 2, , , , , , 0, , , 0, 20400010, 2, , , , 
