shenbingSkillId,shenbingId,skillLevel,isChapterLastLevel,zero,zhiliaoJiesuo?,b?,c,d,e,f,g,itemIdList,countListcount,skillLogicalId,killDecoList,h,i,j,k,
100, 1, 0, 0, 0, 0, 0, , , , , 0, 1080101$$ 1080102$$ 1080103, 1$$ 1$$ 1, , , 0, 0, 0, 0, 
101, 1, 1, 0, 0, 0, 0, , , , , 0, 1082002, 1, 122501709, , 0, 0, 0, 0, 
102, 1, 2, 0, 0, 1, 4, , , , , 0, 1082002, 1, 122501710, , 0, 0, 0, 0, 
103, 1, 3, 0, 0, 2, 4, , , , , 0, 1082002, 1, 122501711, , 0, 0, 0, 0, 
104, 1, 4, 1, 0, 3, 4, , , , 14012, 0, 1082002, 2, 122501712, , 0, 0, 0, 0, 
105, 1, 5, 0, 0, 3, 4, , , , , 0, 1082002, 2, 122501713, , 0, 0, 0, 0, 
106, 1, 6, 0, 0, 1, 8, , , , , 0, 1082002, 2, 122501714, , 0, 0, 0, 0, 
107, 1, 7, 0, 0, 2, 8, , , , , 0, 1082002, 2, 122501715, , 0, 0, 0, 0, 
108, 1, 8, 1, 0, 3, 8, , , , 14014, 0, 1082002, 3, 122501716, , 0, 0, 0, 0, 
109, 1, 9, 0, 0, 3, 8, , , , , 0, 1082002, 3, 122501717, , 0, 0, 0, 0, 
110, 1, 10, 0, 0, 1, 12, , , , , 0, 1082002, 3, 122501718, , 0, 0, 0, 0, 
111, 1, 11, 0, 0, 2, 12, , , , , 0, 1082002, 3, 122501719, , 0, 0, 0, 0, 
112, 1, 12, 1, 0, 3, 12, , , , , 0, 1082002, 4, 122501720, , 0, 0, 0, 0, 
113, 1, 13, 0, 0, 3, 12, , , , , 0, 1082002, 4, 122501721, , 0, 0, 0, 0, 
114, 1, 14, 0, 0, 1, 16, , , , , 0, 1082002, 4, 122501722, , 0, 0, 0, 0, 
115, 1, 15, 0, 0, 2, 16, , , , , 0, 1082002, 4, 122501723, , 0, 0, 0, 0, 
116, 1, 16, 1, 0, 3, 16, , , , , 0, 1082002, 5, 122501724, , 41013, 0, 0, 0, 
200, 2, 0, 0, 0, 0, 0, , , , , 0, 1080201$$ 1080202$$ 1080203, 1$$ 1$$ 1, , , 0, 0, 0, 0, 
201, 2, 1, 0, 0, 0, 0, , , , , 0, 1082002, 1, 122501725, , 0, 0, 0, 0, 
202, 2, 2, 0, 0, 1, 4, , , , , 0, 1082002, 1, 122501726, , 0, 0, 0, 0, 
203, 2, 3, 0, 0, 2, 4, , , , , 0, 1082002, 1, 122501727, , 0, 0, 0, 0, 
204, 2, 4, 1, 0, 3, 4, , , , , 0, 1082002, 2, 122501728, , 0, 0, 0, 0, 
205, 2, 5, 0, 0, 3, 4, , , , , 0, 1082002, 2, 122501729, , 0, 0, 0, 0, 
206, 2, 6, 0, 0, 1, 8, , , , , 0, 1082002, 2, 122501730, , 0, 0, 0, 0, 
207, 2, 7, 0, 0, 2, 8, , , , , 0, 1082002, 2, 122501731, , 0, 0, 0, 0, 
208, 2, 8, 1, 0, 3, 8, , , , 19102, 0, 1082002, 3, 122501732, , 0, 0, 0, 0, 
209, 2, 9, 0, 0, 3, 8, , , , , 0, 1082002, 3, 122501733, , 0, 0, 0, 0, 
210, 2, 10, 0, 0, 1, 12, , , , , 0, 1082002, 3, 122501734, , 0, 0, 0, 0, 
211, 2, 11, 0, 0, 2, 12, , , , , 0, 1082002, 3, 122501735, , 0, 0, 0, 0, 
212, 2, 12, 1, 0, 3, 12, , , , , 0, 1082002, 4, 122501736, , 0, 0, 0, 0, 
213, 2, 13, 0, 0, 3, 12, , , , , 0, 1082002, 4, 122501737, , 0, 0, 0, 0, 
214, 2, 14, 0, 0, 1, 16, , , , , 0, 1082002, 4, 122501738, , 0, 0, 0, 0, 
215, 2, 15, 0, 0, 2, 16, , , , , 0, 1082002, 4, 122501739, , 0, 0, 0, 0, 
216, 2, 16, 1, 0, 3, 16, , , , , 0, 1082002, 5, 122501740, , 41014, 0, 0, 0, 
300, 3, 0, 0, 0, 0, 0, , , , , 0, 1080301$$ 1080302$$ 1080303, 1$$ 1$$ 1, , , 0, 0, 0, 0, 
301, 3, 1, 0, 0, 0, 0, , , , , 0, 1082002, 1, 122501741, , 0, 0, 0, 0, 
302, 3, 2, 0, 0, 1, 4, , , , , 0, 1082002, 1, 122501742, , 0, 0, 0, 0, 
303, 3, 3, 0, 0, 2, 4, , , , , 0, 1082002, 1, 122501743, , 0, 0, 0, 0, 
304, 3, 4, 1, 0, 3, 4, , , , , 0, 1082002, 2, 122501744, , 0, 0, 0, 0, 
305, 3, 5, 0, 0, 3, 4, , , , , 0, 1082002, 2, 122501745, , 0, 0, 0, 0, 
306, 3, 6, 0, 0, 1, 8, , , , , 0, 1082002, 2, 122501746, , 0, 0, 0, 0, 
307, 3, 7, 0, 0, 2, 8, , , , , 0, 1082002, 2, 122501747, , 0, 0, 0, 0, 
308, 3, 8, 1, 0, 3, 8, , , , , 0, 1082002, 3, 122501748, , 0, 0, 0, 0, 
309, 3, 9, 0, 0, 3, 8, , , , , 0, 1082002, 3, 122501749, , 0, 0, 0, 0, 
310, 3, 10, 0, 0, 1, 12, , , , , 0, 1082002, 3, 122501750, , 0, 0, 0, 0, 
311, 3, 11, 0, 0, 2, 12, , , , , 0, 1082002, 3, 122501751, , 0, 0, 0, 0, 
312, 3, 12, 1, 0, 3, 12, , , , , 0, 1082002, 4, 122501752, , 0, 0, 0, 0, 
313, 3, 13, 0, 0, 3, 12, , , , , 0, 1082002, 4, 122501753, , 0, 0, 0, 0, 
314, 3, 14, 0, 0, 1, 16, , , , , 0, 1082002, 4, 122501754, , 0, 0, 0, 0, 
315, 3, 15, 0, 0, 2, 16, , , , , 0, 1082002, 4, 122501755, , 0, 0, 0, 0, 
316, 3, 16, 1, 0, 3, 16, , , , , 0, 1082002, 5, 122501756, , 41015, 0, 0, 0, 
400, 4, 0, 0, 0, 0, 0, , , , , 0, 1080401$$ 1080402$$ 1080403, 1$$ 1$$ 1, , , 0, 0, 0, 0, 
401, 4, 1, 0, 0, 0, 0, , , , , 0, 1082002, 1, 122501757, , 0, 0, 0, 0, 
402, 4, 2, 0, 0, 1, 4, , , , , 0, 1082002, 1, 122501758, , 0, 0, 0, 0, 
403, 4, 3, 0, 0, 2, 4, , , , , 0, 1082002, 1, 122501759, , 0, 0, 0, 0, 
404, 4, 4, 1, 0, 3, 4, , , , , 0, 1082002, 2, 122501760, , 0, 0, 0, 0, 
405, 4, 5, 0, 0, 3, 4, , , , , 0, 1082002, 2, 122501761, , 0, 0, 0, 0, 
406, 4, 6, 0, 0, 1, 8, , , , , 0, 1082002, 2, 122501762, , 0, 0, 0, 0, 
407, 4, 7, 0, 0, 2, 8, , , , , 0, 1082002, 2, 122501763, , 0, 0, 0, 0, 
408, 4, 8, 1, 0, 3, 8, , , , , 0, 1082002, 3, 122501764, , 0, 0, 0, 0, 
409, 4, 9, 0, 0, 3, 8, , , , , 0, 1082002, 3, 122501765, , 0, 0, 0, 0, 
410, 4, 10, 0, 0, 1, 12, , , , , 0, 1082002, 3, 122501766, , 0, 0, 0, 0, 
411, 4, 11, 0, 0, 2, 12, , , , , 0, 1082002, 3, 122501767, , 0, 0, 0, 0, 
412, 4, 12, 1, 0, 3, 12, , , , , 0, 1082002, 4, 122501768, , 0, 0, 0, 0, 
413, 4, 13, 0, 0, 3, 12, , , , , 0, 1082002, 4, 122501769, , 0, 0, 0, 0, 
414, 4, 14, 0, 0, 1, 16, , , , , 0, 1082002, 4, 122501770, , 0, 0, 0, 0, 
415, 4, 15, 0, 0, 2, 16, , , , , 0, 1082002, 4, 122501771, , 0, 0, 0, 0, 
416, 4, 16, 1, 0, 3, 16, , , , , 0, 1082002, 5, 122501772, , 41016, 0, 0, 0, 
500, 5, 0, 0, 0, 0, 0, , , , , 0, 1080501$$ 1080502$$ 1080503, 1$$ 1$$ 1, , , 0, 0, 0, 0, 
501, 5, 1, 0, 0, 0, 0, , , , , 0, 1082002, 1, 122501773, , 0, 0, 0, 0, 
502, 5, 2, 0, 0, 1, 4, , , , , 0, 1082002, 1, 122501774, , 0, 0, 0, 0, 
503, 5, 3, 0, 0, 2, 4, , , , , 0, 1082002, 1, 122501775, , 0, 0, 0, 0, 
504, 5, 4, 1, 0, 3, 4, , , , 19065, 0, 1082002, 2, 122501776, , 0, 0, 0, 0, 
505, 5, 5, 0, 0, 3, 4, , , , , 0, 1082002, 2, 122501777, , 0, 0, 0, 0, 
506, 5, 6, 0, 0, 1, 8, , , , , 0, 1082002, 2, 122501778, , 0, 0, 0, 0, 
507, 5, 7, 0, 0, 2, 8, , , , , 0, 1082002, 2, 122501779, , 0, 0, 0, 0, 
508, 5, 8, 1, 0, 3, 8, , , , 19067, 0, 1082002, 3, 122501780, , 0, 0, 0, 0, 
509, 5, 9, 0, 0, 3, 8, , , , , 0, 1082002, 3, 122501781, , 0, 0, 0, 0, 
510, 5, 10, 0, 0, 1, 12, , , , , 0, 1082002, 3, 122501782, , 0, 0, 0, 0, 
511, 5, 11, 0, 0, 2, 12, , , , , 0, 1082002, 3, 122501783, , 0, 0, 0, 0, 
512, 5, 12, 1, 0, 3, 12, , , , , 0, 1082002, 4, 122501784, , 0, 0, 0, 0, 
513, 5, 13, 0, 0, 3, 12, , , , , 0, 1082002, 4, 122501785, , 0, 0, 0, 0, 
514, 5, 14, 0, 0, 1, 16, , , , , 0, 1082002, 4, 122501786, , 0, 0, 0, 0, 
515, 5, 15, 0, 0, 2, 16, , , , , 0, 1082002, 4, 122501787, , 0, 0, 0, 0, 
516, 5, 16, 1, 0, 3, 16, , , , , 0, 1082002, 5, 122501788, , 41017, 0, 0, 0, 
600, 6, 0, 0, 0, 0, 0, , , , , 0, 1080601$$ 1080602$$ 1080603, 1$$ 1$$ 1, , , 0, 0, 0, 0, 
601, 6, 1, 0, 0, 0, 0, , , , , 0, 1082002, 4, 122501789, , 0, 0, 0, 0, 
602, 6, 2, 0, 0, 1, 4, , , , , 0, 1082002, 4, 122501790, , 0, 0, 0, 0, 
603, 6, 3, 0, 0, 2, 4, , , , , 0, 1082002, 8, 122501791, , 0, 0, 0, 0, 
604, 6, 4, 1, 0, 3, 4, , 23521, , 19043, 0, 1082002, 8, 122501792, , 0, 0, 0, 0, 
605, 6, 5, 0, 0, 3, 4, , , , , 0, 1082002, 12, 122501793, , 0, 0, 0, 0, 
606, 6, 6, 0, 0, 1, 8, , , , , 0, 1082002, 12, 122501794, , 0, 0, 0, 0, 
607, 6, 7, 0, 0, 2, 8, , , , , 0, 1082002, 16, 122501795, , 0, 0, 0, 0, 
608, 6, 8, 1, 0, 3, 8, , , , 19045, 0, 1082002, 16, 122501796, , 0, 0, 0, 0, 
609, 6, 9, 0, 0, 3, 8, , , , , 0, 1082002, 20, 122501797, , 0, 0, 0, 0, 
610, 6, 10, 0, 0, 1, 12, , , , , 0, 1082002, 20, 122501798, , 0, 0, 0, 0, 
611, 6, 11, 0, 0, 2, 12, , , , , 0, 1082002, 24, 122501799, , 0, 0, 0, 0, 
612, 6, 12, 1, 0, 3, 12, , , , , 0, 1082002, 24, 122501800, , 0, 0, 0, 0, 
613, 6, 13, 0, 0, 3, 12, , , , , 0, 1082002, 28, 122501801, , 0, 0, 0, 0, 
614, 6, 14, 0, 0, 1, 16, , , , , 0, 1082002, 28, 122501802, , 0, 0, 0, 0, 
615, 6, 15, 0, 0, 2, 16, , , , , 0, 1082002, 32, 122501803, , 0, 0, 0, 0, 
616, 6, 16, 1, 0, 3, 16, , , , , 0, 1082002, 40, 122501804, , 41018, 0, 0, 0, 
700, 7, 0, 0, 0, 0, 0, , , , , 0, 1080701$$ 1080702$$ 1080703, 1$$ 1$$ 1, , , 0, 0, 0, 0, 
701, 7, 1, 0, 0, 0, 0, , , , , 0, 1082002, 4, 122501805, , 0, 0, 0, 0, 
702, 7, 2, 0, 0, 1, 4, , , , , 0, 1082002, 4, 122501806, , 0, 0, 0, 0, 
703, 7, 3, 0, 0, 2, 4, , , , , 0, 1082002, 8, 122501807, , 0, 0, 0, 0, 
704, 7, 4, 1, 0, 3, 4, , 27522, , 19046, 0, 1082002, 8, 122501808, , 0, 0, 0, 0, 
705, 7, 5, 0, 0, 3, 4, , , , , 0, 1082002, 12, 122501809, , 0, 0, 0, 0, 
706, 7, 6, 0, 0, 1, 8, , , , , 0, 1082002, 12, 122501810, , 0, 0, 0, 0, 
707, 7, 7, 0, 0, 2, 8, , , , , 0, 1082002, 16, 122501811, , 0, 0, 0, 0, 
708, 7, 8, 1, 0, 3, 8, , , , 19049, 0, 1082002, 16, 122501812, , 0, 0, 0, 0, 
709, 7, 9, 0, 0, 3, 8, , , , , 0, 1082002, 20, 122501813, , 0, 0, 0, 0, 
710, 7, 10, 0, 0, 1, 12, , , , , 0, 1082002, 20, 122501814, , 0, 0, 0, 0, 
711, 7, 11, 0, 0, 2, 12, , , , , 0, 1082002, 24, 122501815, , 0, 0, 0, 0, 
712, 7, 12, 1, 0, 3, 12, , , , , 0, 1082002, 24, 122501816, , 0, 0, 0, 0, 
713, 7, 13, 0, 0, 3, 12, , , , , 0, 1082002, 28, 122501817, , 0, 0, 0, 0, 
714, 7, 14, 0, 0, 1, 16, , , , , 0, 1082002, 28, 122501818, , 0, 0, 0, 0, 
715, 7, 15, 0, 0, 2, 16, , , , , 0, 1082002, 32, 122501819, , 0, 0, 0, 0, 
716, 7, 16, 1, 0, 3, 16, , , , , 0, 1082002, 40, 122501820, , 41019, 0, 0, 0, 
800, 8, 0, 0, 0, 0, 0, , , , , 0, 1080801$$ 1080802$$ 1080803, 1$$ 1$$ 1, , , 0, 0, 0, 0, 
801, 8, 1, 0, 0, 0, 0, , , , , 0, 1082002, 4, 122501821, , 0, 0, 0, 0, 
802, 8, 2, 0, 0, 1, 4, , , , , 0, 1082002, 4, 122501822, , 0, 0, 0, 0, 
803, 8, 3, 0, 0, 2, 4, , , , , 0, 1082002, 8, 122501823, , 0, 0, 0, 0, 
804, 8, 4, 1, 0, 3, 4, , 23517, , 19039, 0, 1082002, 8, 122501824, , 0, 0, 0, 0, 
805, 8, 5, 0, 0, 3, 4, , , , , 0, 1082002, 12, 122501825, , 0, 0, 0, 0, 
806, 8, 6, 0, 0, 1, 8, , , , , 0, 1082002, 12, 122501826, , 0, 0, 0, 0, 
807, 8, 7, 0, 0, 2, 8, , , , , 0, 1082002, 16, 122501827, , 0, 0, 0, 0, 
808, 8, 8, 1, 0, 3, 8, , , , 19040, 0, 1082002, 16, 122501828, , 0, 0, 0, 0, 
809, 8, 9, 0, 0, 3, 8, , , , , 0, 1082002, 20, 122501829, , 0, 0, 0, 0, 
810, 8, 10, 0, 0, 1, 12, , , , , 0, 1082002, 20, 122501830, , 0, 0, 0, 0, 
811, 8, 11, 0, 0, 2, 12, , , , , 0, 1082002, 24, 122501831, , 0, 0, 0, 0, 
812, 8, 12, 1, 0, 3, 12, , , , , 0, 1082002, 24, 122501832, , 0, 0, 0, 0, 
813, 8, 13, 0, 0, 3, 12, , , , , 0, 1082002, 28, 122501833, , 0, 0, 0, 0, 
814, 8, 14, 0, 0, 1, 16, , , , , 0, 1082002, 28, 122501834, , 0, 0, 0, 0, 
815, 8, 15, 0, 0, 2, 16, , , , , 0, 1082002, 32, 122501835, , 0, 0, 0, 0, 
816, 8, 16, 1, 0, 3, 16, , , , , 0, 1082002, 40, 122501836, , 41020, 0, 0, 0, 
900, 9, 0, 0, 0, 0, 0, , , , , 0, 1080901$$ 1080902$$ 1080903, 1$$ 1$$ 1, , , 0, 0, 0, 0, 
901, 9, 1, 0, 0, 0, 0, , , , , 0, 1082002, 4, 122501837, , 0, 0, 0, 0, 
902, 9, 2, 0, 0, 1, 4, , , , , 0, 1082002, 4, 122501838, , 0, 0, 0, 0, 
903, 9, 3, 0, 0, 2, 4, , , , , 0, 1082002, 8, 122501839, , 0, 0, 0, 0, 
904, 9, 4, 1, 0, 3, 4, , 27229, , 19050, 0, 1082002, 8, 122501840, , 0, 0, 0, 0, 
905, 9, 5, 0, 0, 3, 4, , , , , 0, 1082002, 12, 122501841, , 0, 0, 0, 0, 
906, 9, 6, 0, 0, 1, 8, , , , , 0, 1082002, 12, 122501842, , 0, 0, 0, 0, 
907, 9, 7, 0, 0, 2, 8, , , , , 0, 1082002, 16, 122501843, , 0, 0, 0, 0, 
908, 9, 8, 1, 0, 3, 8, , , , 19052, 0, 1082002, 16, 122501844, , 0, 0, 0, 0, 
909, 9, 9, 0, 0, 3, 8, , , , , 0, 1082002, 20, 122501845, , 0, 0, 0, 0, 
910, 9, 10, 0, 0, 1, 12, , , , , 0, 1082002, 20, 122501846, , 0, 0, 0, 0, 
911, 9, 11, 0, 0, 2, 12, , , , , 0, 1082002, 24, 122501847, , 0, 0, 0, 0, 
912, 9, 12, 1, 0, 3, 12, , , , , 0, 1082002, 24, 122501848, , 0, 0, 0, 0, 
913, 9, 13, 0, 0, 3, 12, , , , , 0, 1082002, 28, 122501849, , 0, 0, 0, 0, 
914, 9, 14, 0, 0, 1, 16, , , , , 0, 1082002, 28, 122501850, , 0, 0, 0, 0, 
915, 9, 15, 0, 0, 2, 16, , , , , 0, 1082002, 32, 122501851, , 0, 0, 0, 0, 
916, 9, 16, 1, 0, 3, 16, , , , , 0, 1082002, 40, 122501852, , 41021, 0, 0, 0, 
1000, 10, 0, 0, 0, 0, 0, , , , , 0, 1081001$$ 1081002$$ 1081003, 1$$ 1$$ 1, , , 0, 0, 0, 0, 
1001, 10, 1, 0, 0, 0, 0, , , , , 0, 1082002, 4, 122501853, , 0, 0, 0, 0, 
1002, 10, 2, 0, 0, 1, 4, , , , , 0, 1082002, 4, 122501854, , 0, 0, 0, 0, 
1003, 10, 3, 0, 0, 2, 4, , , , , 0, 1082002, 8, 122501855, , 0, 0, 0, 0, 
1004, 10, 4, 1, 0, 3, 4, , 14592, , , 0, 1082002, 8, 122501856, , 0, 0, 0, 0, 
1005, 10, 5, 0, 0, 3, 4, , , , , 0, 1082002, 12, 122501857, , 0, 0, 0, 0, 
1006, 10, 6, 0, 0, 1, 8, , , , , 0, 1082002, 12, 122501858, , 0, 0, 0, 0, 
1007, 10, 7, 0, 0, 2, 8, , , , , 0, 1082002, 16, 122501859, , 0, 0, 0, 0, 
1008, 10, 8, 1, 0, 3, 8, , , , , 0, 1082002, 16, 122501860, , 0, 0, 0, 0, 
1009, 10, 9, 0, 0, 3, 8, , , , , 0, 1082002, 20, 122501861, , 0, 0, 0, 0, 
1010, 10, 10, 0, 0, 1, 12, , , , , 0, 1082002, 20, 122501862, , 0, 0, 0, 0, 
1011, 10, 11, 0, 0, 2, 12, , , , , 0, 1082002, 24, 122501863, , 0, 0, 0, 0, 
1012, 10, 12, 1, 0, 3, 12, , , , , 0, 1082002, 24, 122501864, 251021110$$ 251021111, 0, 0, 0, 0, 
1013, 10, 13, 0, 0, 3, 12, , , , , 0, 1082002, 28, 122501865, 251021110$$ 251021111, 0, 0, 0, 0, 
1014, 10, 14, 0, 0, 1, 16, , , , , 0, 1082002, 28, 122501866, 251021110$$ 251021111, 0, 0, 0, 0, 
1015, 10, 15, 0, 0, 2, 16, , , , , 0, 1082002, 32, 122501867, 251021110$$ 251021111, 0, 0, 0, 0, 
1016, 10, 16, 1, 0, 3, 16, , , , , 0, 1082002, 40, 122501868, 251021110$$ 251021111$$ 251021120$$ 251021121, 41022, 0, 0, 0, 
1100, 11, 0, 0, 0, 0, 0, , , , , 0, 1081101$$ 1081102$$ 1081103, 1$$ 1$$ 1, , , 0, 0, 0, 0, 
1101, 11, 1, 0, 0, 0, 0, , , , , 0, 1082002, 4, 122501869, , 0, 0, 0, 0, 
1102, 11, 2, 0, 0, 1, 4, , , , , 0, 1082002, 4, 122501870, , 0, 0, 0, 0, 
1103, 11, 3, 0, 0, 2, 4, , , , , 0, 1082002, 8, 122501871, , 0, 0, 0, 0, 
1104, 11, 4, 1, 0, 3, 4, , 27241, , 19105, 0, 1082002, 8, 122501872, , 0, 0, 0, 0, 
1105, 11, 5, 0, 0, 3, 4, , , , , 0, 1082002, 12, 122501873, , 0, 0, 0, 0, 
1106, 11, 6, 0, 0, 1, 8, , , , , 0, 1082002, 12, 122501874, , 0, 0, 0, 0, 
1107, 11, 7, 0, 0, 2, 8, , , , , 0, 1082002, 16, 122501875, , 0, 0, 0, 0, 
1108, 11, 8, 1, 0, 3, 8, , , , , 0, 1082002, 16, 122501876, , 0, 0, 0, 0, 
1109, 11, 9, 0, 0, 3, 8, , , , , 0, 1082002, 20, 122501877, , 0, 0, 0, 0, 
1110, 11, 10, 0, 0, 1, 12, , , , , 0, 1082002, 20, 122501878, , 0, 0, 0, 0, 
1111, 11, 11, 0, 0, 2, 12, , , , , 0, 1082002, 24, 122501879, , 0, 0, 0, 0, 
1112, 11, 12, 1, 0, 3, 12, , , , , 0, 1082002, 24, 122501880, , 0, 0, 0, 0, 
1113, 11, 13, 0, 0, 3, 12, , , , , 0, 1082002, 28, 122501881, , 0, 0, 0, 0, 
1114, 11, 14, 0, 0, 1, 16, , , , , 0, 1082002, 28, 122501882, , 0, 0, 0, 0, 
1115, 11, 15, 0, 0, 2, 16, , , , , 0, 1082002, 32, 122501883, , 0, 0, 0, 0, 
1116, 11, 16, 1, 0, 3, 16, , , , , 0, 1082002, 40, 122501884, , 41023, 0, 0, 0, 
1200, 12, 0, 0, 0, 0, 0, , , , , 0, 1081201$$ 1081202$$ 1081203, 1$$ 1$$ 1, , , 0, 0, 0, 0, 
1201, 12, 1, 0, 0, 0, 0, , , , , 0, 1082002, 4, 122501885, , 0, 0, 0, 0, 
1202, 12, 2, 0, 0, 1, 4, , , , , 0, 1082002, 4, 122501886, , 0, 0, 0, 0, 
1203, 12, 3, 0, 0, 2, 4, , , , , 0, 1082002, 8, 122501887, , 0, 0, 0, 0, 
1204, 12, 4, 1, 0, 3, 4, , 27504, , , 0, 1082002, 8, 122501888, , 0, 0, 0, 0, 
1205, 12, 5, 0, 0, 3, 4, , , , , 0, 1082002, 12, 122501889, , 0, 0, 0, 0, 
1206, 12, 6, 0, 0, 1, 8, , , , , 0, 1082002, 12, 122501890, , 0, 0, 0, 0, 
1207, 12, 7, 0, 0, 2, 8, , , , , 0, 1082002, 16, 122501891, , 0, 0, 0, 0, 
1208, 12, 8, 1, 0, 3, 8, , , , , 0, 1082002, 16, 122501892, , 0, 0, 0, 0, 
1209, 12, 9, 0, 0, 3, 8, , , , , 0, 1082002, 20, 122501893, , 0, 0, 0, 0, 
1210, 12, 10, 0, 0, 1, 12, , , , , 0, 1082002, 20, 122501894, , 0, 0, 0, 0, 
1211, 12, 11, 0, 0, 2, 12, , , , , 0, 1082002, 24, 122501895, , 0, 0, 0, 0, 
1212, 12, 12, 1, 0, 3, 12, , , , , 0, 1082002, 24, 122501896, , 0, 0, 0, 0, 
1213, 12, 13, 0, 0, 3, 12, , , , , 0, 1082002, 28, 122501897, , 0, 0, 0, 0, 
1214, 12, 14, 0, 0, 1, 16, , , , , 0, 1082002, 28, 122501898, , 0, 0, 0, 0, 
1215, 12, 15, 0, 0, 2, 16, , , , , 0, 1082002, 32, 122501899, , 0, 0, 0, 0, 
1216, 12, 16, 1, 0, 3, 16, , , , , 0, 1082002, 40, 122501900, , 41024, 0, 0, 0, 
1300, 13, 0, 0, 0, 0, 0, , , , , 0, 1081301$$ 1081302$$ 1081303, 1$$ 1$$ 1, , , 0, 0, 0, 0, 
1301, 13, 1, 0, 0, 0, 0, , , , , 0, 1082002, 40, 122501901, , 0, 0, 0, 0, 
1302, 13, 2, 0, 0, 1, 4, , , , , 0, 1082002, 40, 122501902, , 0, 0, 0, 0, 
1303, 13, 3, 0, 0, 2, 4, , , , , 0, 1082002, 80, 122501903, , 0, 0, 0, 0, 
1304, 13, 4, 1, 0, 3, 4, , 10825, , , 0, 1082002$$ 1082003, 80$$ 10, 122501904, , 0, 0, 0, 0, 
1305, 13, 5, 0, 0, 3, 4, , , , , 0, 1082002, 120, 122501905, , 0, 0, 0, 0, 
1306, 13, 6, 0, 0, 1, 8, , , , , 0, 1082002, 120, 122501906, , 0, 0, 0, 0, 
1307, 13, 7, 0, 0, 2, 8, , , , , 0, 1082002, 160, 122501907, , 0, 0, 0, 0, 
1308, 13, 8, 1, 0, 3, 8, , , , , 0, 1082002$$ 1082003, 160$$ 40, 122501908, , 0, 0, 0, 0, 
1309, 13, 9, 0, 0, 3, 8, , , , , 0, 1082002, 200, 122501909, , 0, 0, 0, 0, 
1310, 13, 10, 0, 0, 1, 12, , , , , 0, 1082002, 200, 122501910, , 0, 0, 0, 0, 
1311, 13, 11, 0, 0, 2, 12, , , , , 0, 1082002, 240, 122501911, , 0, 0, 0, 0, 
1312, 13, 12, 1, 0, 3, 12, , , , , 0, 1082002$$ 1082003, 240$$ 80, 122501912, , 41025, 0, 0, 0, 
1313, 13, 13, 0, 0, 3, 12, , , , , 0, 1082002, 280, 122501913, , 0, 0, 0, 0, 
1314, 13, 14, 0, 0, 1, 16, , , , , 0, 1082002, 280, 122501914, , 0, 0, 0, 0, 
1315, 13, 15, 0, 0, 2, 16, , , , , 0, 1082002, 320, 122501915, , 0, 0, 0, 0, 
1316, 13, 16, 1, 0, 3, 16, , , , , 0, 1082002$$ 1082003, 400$$ 150, 122501916, , 0, 1088013, 1, 300067, 
1400, 14, 0, 0, 0, 0, 0, , , , , 0, 1081401$$ 1081402$$ 1081403, 1$$ 1$$ 1, , , 0, 0, 0, 0, 
1401, 14, 1, 0, 0, 0, 0, , , , , 0, 1082002, 40, 122501917, , 0, 0, 0, 0, 
1402, 14, 2, 0, 0, 1, 4, , , , , 0, 1082002, 40, 122501918, , 0, 0, 0, 0, 
1403, 14, 3, 0, 0, 2, 4, , , , , 0, 1082002, 80, 122501919, , 0, 0, 0, 0, 
1404, 14, 4, 1, 0, 3, 4, , 23430, , , 0, 1082002$$ 1082003, 80$$ 10, 122501920, , 0, 0, 0, 0, 
1405, 14, 5, 0, 0, 3, 4, , , , , 0, 1082002, 120, 122501921, , 0, 0, 0, 0, 
1406, 14, 6, 0, 0, 1, 8, , , , , 0, 1082002, 120, 122501922, , 0, 0, 0, 0, 
1407, 14, 7, 0, 0, 2, 8, , , , , 0, 1082002, 160, 122501923, , 0, 0, 0, 0, 
1408, 14, 8, 1, 0, 3, 8, , , , , 0, 1082002$$ 1082003, 160$$ 40, 122501924, , 0, 0, 0, 0, 
1409, 14, 9, 0, 0, 3, 8, , , , , 0, 1082002, 200, 122501925, , 0, 0, 0, 0, 
1410, 14, 10, 0, 0, 1, 12, , , , , 0, 1082002, 200, 122501926, , 0, 0, 0, 0, 
1411, 14, 11, 0, 0, 2, 12, , , , , 0, 1082002, 240, 122501927, , 0, 0, 0, 0, 
1412, 14, 12, 1, 0, 3, 12, , , , , 0, 1082002$$ 1082003, 240$$ 80, 122501928, , 0, 0, 0, 0, 
1413, 14, 13, 0, 0, 3, 12, , , , , 0, 1082002, 280, 122501929, , 0, 0, 0, 0, 
1414, 14, 14, 0, 0, 1, 16, , , , , 0, 1082002, 280, 122501930, , 0, 0, 0, 0, 
1415, 14, 15, 0, 0, 2, 16, , , , , 0, 1082002, 320, 122501931, , 0, 0, 0, 0, 
1416, 14, 16, 1, 0, 3, 16, , , , , 0, 1082002$$ 1082003, 400$$ 150, 122501932, , 41026, 0, 0, 0, 
1500, 15, 0, 0, 0, 0, 0, , , , , 0, 1081401$$ 1081402$$ 1081403, 9999$$ 9999$$ 9999, , , 0, 0, 0, 0, 
1501, 15, 1, 0, 0, 0, 0, , , , , 0, , , , , 0, 0, 0, 0, 
1502, 15, 2, 0, 0, 0, 0, , , , , 0, , , , , 0, 0, 0, 0, 
1503, 15, 3, 0, 0, 0, 0, , , , , 0, , , , , 0, 0, 0, 0, 
1504, 15, 4, 1, 0, 0, 0, , , , , 0, , , , , 0, 0, 0, 0, 
1505, 15, 5, 0, 0, 0, 0, , , , , 0, , , , , 0, 0, 0, 0, 
1506, 15, 6, 0, 0, 0, 0, , , , , 0, , , , , 0, 0, 0, 0, 
1507, 15, 7, 0, 0, 0, 0, , , , , 0, , , , , 0, 0, 0, 0, 
1508, 15, 8, 1, 0, 0, 0, , , , , 0, , , , , 0, 0, 0, 0, 
1509, 15, 9, 0, 0, 0, 0, , , , , 0, , , , , 0, 0, 0, 0, 
1510, 15, 10, 0, 0, 0, 0, , , , , 0, , , , , 0, 0, 0, 0, 
1511, 15, 11, 0, 0, 0, 0, , , , , 0, , , , , 0, 0, 0, 0, 
1512, 15, 12, 1, 0, 0, 0, , , , , 0, , , , , 0, 0, 0, 0, 
1513, 15, 13, 0, 0, 0, 0, , , , , 0, , , , , 0, 0, 0, 0, 
1514, 15, 14, 0, 0, 0, 0, , , , , 0, , , , , 0, 0, 0, 0, 
1515, 15, 15, 0, 0, 0, 0, , , , , 0, , , , , 0, 0, 0, 0, 
1516, 15, 16, 1, 0, 0, 0, , , , , 0, , , , , 41026, 0, 0, 0, 
