id,name,level,jiangxinLV,yelinglong,suiyin,props,deco,texiao
10100, 纳海, 0, 0, 0, 0, 空, 空, 空
10101, 纳海, 1, 14, 40, 600000, 纳海：全基础属性+12, 空, 空
10102, 纳海, 2, 18, 90, 1350000, 纳海：全基础属性+17, 空, 空
10103, 纳海, 3, 21, 150, 2250000, 纳海：全基础属性+21, 空, 空
10104, 纳海, 4, 23, 200, 3000000, 纳海：全基础属性+26, 空, 空
10105, 纳海, 5, 24, 0, 0, 纳海：全基础属性+30, 空, 空
10200, 朝山, 0, 0, 0, 0, 空, 空, 空
10201, 朝山, 1, 0, 30, 450000, 朝山：气血上限+400, 空, 空
10202, 朝山, 2, 18, 60, 900000, 朝山：气血上限+550, 空, 空
10203, 朝山, 3, 21, 100, 1500000, 朝山：气血上限+700, 空, 空
10204, 朝山, 4, 23, 150, 2250000, 朝山：气血上限+850, 空, 空
10205, 朝山, 5, 24, 0, 0, 朝山：气血上限+1000, 空, 空
10300, 烈光, 0, 0, 0, 0, 空, 空, 空
10301, 烈光, 1, 14, 60, 900000, 烈光：外功攻击+120, 空, 空
10302, 烈光, 2, 18, 120, 1800000, 烈光：外功攻击+165, 空, 空
10303, 烈光, 3, 23, 200, 3000000, 烈光：外功攻击+210, 空, 空
10304, 烈光, 4, 24, 300, 4500000, 烈光：外功攻击+255, 空, 空
10305, 烈光, 5, 25, 0, 0, 烈光：外功攻击+300, 空, 空
10400, 寒宸, 0, 0, 0, 0, 空, 空, 空
10401, 寒宸, 1, 14, 60, 900000, 寒宸：内功攻击+80, 空, 空
10402, 寒宸, 2, 18, 120, 1800000, 寒宸：内功攻击+110, 空, 空
10403, 寒宸, 3, 23, 200, 3000000, 寒宸：内功攻击+140, 空, 空
10404, 寒宸, 4, 24, 300, 4500000, 寒宸：内功攻击+170, 空, 空
10405, 寒宸, 5, 25, 0, 0, 寒宸：内功攻击+200, 空, 空
10500, 灵焰, 0, 0, 0, 0, 空, 空, 空
10501, 灵焰, 1, 14, 60, 900000, 灵焰：会心伤害+12%, 空, 空
10502, 灵焰, 2, 18, 120, 1800000, 灵焰：会心伤害+16.5%, 空, 空
10503, 灵焰, 3, 23, 200, 3000000, 灵焰：会心伤害+21%, 空, 空
10504, 灵焰, 4, 24, 300, 4500000, 灵焰：会心伤害+25.5%, 空, 空
10505, 灵焰, 5, 25, 0, 0, 灵焰：会心伤害+30%, 空, 空
10600, 心芒, 0, 0, 0, 0, 空, 空, 空
10601, 心芒, 1, 14, 60, 900000, 心芒：会心率+4%, 空, 空
10602, 心芒, 2, 18, 120, 1800000, 心芒：会心率+5.5%, 空, 空
10603, 心芒, 3, 23, 200, 3000000, 心芒：会心率+7%, 空, 空
10604, 心芒, 4, 24, 300, 4500000, 心芒：会心率+8.5%, 空, 空
10605, 心芒, 5, 25, 0, 0, 心芒：会心率+10%, 空, 空
10700, 薄魄, 0, 0, 0, 0, 空, 空, 空
10701, 薄魄, 1, 14, 60, 900000, 薄魄：内功免伤+20, 空, 空
10702, 薄魄, 2, 18, 120, 1800000, 薄魄：内功免伤+28, 空, 空
10703, 薄魄, 3, 23, 200, 3000000, 薄魄：内功免伤+35, 空, 空
10704, 薄魄, 4, 24, 300, 4500000, 薄魄：内功免伤+42, 空, 空
10705, 薄魄, 5, 25, 0, 0, 薄魄：内功免伤+50, 空, 空
10800, 孤魂, 0, 0, 0, 0, 空, 空, 空
10801, 孤魂, 1, 14, 60, 900000, 孤魂：外功免伤+60, 空, 空
10802, 孤魂, 2, 18, 120, 1800000, 孤魂：外功免伤+83, 空, 空
10803, 孤魂, 3, 23, 200, 3000000, 孤魂：外功免伤+105, 空, 空
10804, 孤魂, 4, 24, 300, 4500000, 孤魂：外功免伤+128, 空, 空
10805, 孤魂, 5, 25, 0, 0, 孤魂：外功免伤+150, 空, 空
10900, 柔念, 0, 0, 0, 0, 空, 空, 空
10901, 柔念, 1, 14, 60, 900000, 柔念：韧劲+4%, 空, 空
10902, 柔念, 2, 18, 120, 1800000, 柔念：韧劲+5.5%, 空, 空
10903, 柔念, 3, 23, 200, 3000000, 柔念：韧劲+7%, 空, 空
10904, 柔念, 4, 24, 300, 4500000, 柔念：韧劲+8.5%, 空, 空
10905, 柔念, 5, 25, 0, 0, 柔念：韧劲+10%, 空, 空
11000, 逐风, 0, 0, 0, 0, 空, 空, 空
11001, 逐风, 1, 14, 60, 900000, 逐风：外功防御+200$$内功防御+200, 空, 空
11002, 逐风, 2, 18, 120, 1800000, 逐风：外功防御+275$$内功防御+275, 空, 空
11003, 逐风, 3, 23, 200, 3000000, 逐风：外功防御+350$$内功防御+350, 空, 空
11004, 逐风, 4, 24, 300, 4500000, 逐风：外功防御+425$$内功防御+425, 空, 空
11005, 逐风, 5, 25, 0, 0, 逐风：外功防御+500$$内功防御+500, 空, 空
11100, 专情, 0, 0, 0, 0, 空, 空, 空
11101, 专情, 1, 14, 60, 900000, 专情：命中率+8%, 空, 空
11102, 专情, 2, 18, 120, 1800000, 专情：命中率+11%, 空, 空
11103, 专情, 3, 23, 200, 3000000, 专情：命中率+14%, 空, 空
11104, 专情, 4, 24, 300, 4500000, 专情：命中率+17%, 空, 空
11105, 专情, 5, 25, 0, 0, 专情：命中率+20%, 空, 空
11200, 屏月, 0, 0, 0, 0, 空, 空, 空
11201, 屏月, 1, 14, 60, 900000, 屏月：格挡率+8%, 空, 空
11202, 屏月, 2, 18, 120, 1800000, 屏月：格挡率+11%, 空, 空
11203, 屏月, 3, 23, 200, 3000000, 屏月：格挡率+14%, 空, 空
11204, 屏月, 4, 24, 300, 4500000, 屏月：格挡率+17%, 空, 空
11205, 屏月, 5, 25, 0, 0, 屏月：格挡率+20%, 空, 空
100, , 0, 0, 0, 0, 空, 空, 空
101, 精纯冶玲珑·壹, 1, 0, 0, 0, 空, 空, 空
200, , 0, 0, 0, 0, 空, 空, 空
201, 劫火冶玲珑·壹, 1, 0, 0, 0, 空, 空, 空
300, , 0, 0, 0, 0, 空, 空, 空
301, 玄天冶玲珑·壹, 1, 0, 0, 0, 空, 空, 空
400, , 0, 0, 0, 0, 空, 空, 空
401, 精纯冶玲珑·贰, 1, 0, 0, 0, 空, 空, 空
500, , 0, 0, 0, 0, 空, 空, 空
501, 劫火冶玲珑·贰, 1, 0, 0, 0, 空, 空, 空
600, , 0, 0, 0, 0, 空, 空, 空
601, 玄天冶玲珑·贰, 1, 0, 0, 0, 空, 空, 空
11300, 苍龙出水·劲松, 0, 0, 0, 0, 空, 空, 空
11301, 苍龙出水·劲松, 1, 0, 40, 1200000, 空, 苍龙出水宽度增加0.2米, 空
11302, 苍龙出水·劲松, 2, 21, 60, 1800000, 空, 苍龙出水宽度增加0.4米, 空
11303, 苍龙出水·劲松, 3, 24, 80, 2400000, 空, 苍龙出水宽度增加0.6米, 空
11304, 苍龙出水·劲松, 4, 25, 120, 3600000, 空, 苍龙出水宽度增加0.8米, 空
11305, 苍龙出水·劲松, 5, 33, 0, 0, 空, 苍龙出水宽度增加1米, 改变太白招式《苍龙出水》表现
11400, 回风落雁·劲松, 0, 0, 0, 0, 空, 空, 空
11401, 回风落雁·劲松, 1, 18, 40, 1200000, 空, 回风落雁范围提升0.2米, 空
11402, 回风落雁·劲松, 2, 21, 60, 1800000, 空, 回风落雁范围提升0.4米, 空
11403, 回风落雁·劲松, 3, 24, 80, 2400000, 空, 回风落雁范围提升0.6米, 空
11404, 回风落雁·劲松, 4, 25, 120, 3600000, 空, 回风落雁范围提升0.8米, 空
11405, 回风落雁·劲松, 5, 33, 0, 0, 空, 回风落雁范围提升1米, 改变太白招式《回风落雁》表现
11500, 断龙枪·劲松, 0, 0, 0, 0, 空, 空, 空
11501, 断龙枪·劲松, 1, 18, 40, 1200000, 空, 断龙枪攻击范围提高0.2米, 空
11502, 断龙枪·劲松, 2, 21, 60, 1800000, 空, 断龙枪攻击范围提高0.4米, 空
11503, 断龙枪·劲松, 3, 24, 80, 2400000, 空, 断龙枪攻击范围提高0.6米, 空
11504, 断龙枪·劲松, 4, 25, 120, 3600000, 空, 断龙枪攻击范围提高0.8米, 空
11505, 断龙枪·劲松, 5, 33, 0, 0, 空, 断龙枪攻击范围提高1米, 改变神威招式《断龙枪》表现
11600, 贯甲箭·龙泽, 0, 0, 0, 0, 空, 空, 空
11601, 贯甲箭·龙泽, 1, 18, 40, 1200000, 空, 贯甲箭破甲持续时间延长0.4秒, 空
11602, 贯甲箭·龙泽, 2, 21, 60, 1800000, 空, 贯甲箭破甲持续时间延长0.8秒, 空
11603, 贯甲箭·龙泽, 3, 24, 80, 2400000, 空, 贯甲箭破甲持续时间延长1.2秒, 空
11604, 贯甲箭·龙泽, 4, 25, 120, 3600000, 空, 贯甲箭破甲持续时间延长1.6秒, 空
11605, 贯甲箭·龙泽, 5, 33, 0, 0, 空, 贯甲箭破甲持续时间延长2秒, 改变神威招式《贯甲箭》表现
11700, 虎尾脚·长辛, 0, 0, 0, 0, 空, 空, 空
11701, 虎尾脚·长辛, 1, 18, 40, 1200000, 空, 虎尾脚提高会心率2%, 空
11702, 虎尾脚·长辛, 2, 21, 60, 1800000, 空, 虎尾脚提高会心率4%, 空
11703, 虎尾脚·长辛, 3, 24, 80, 2400000, 空, 虎尾脚提高会心率6%, 空
11704, 虎尾脚·长辛, 4, 25, 120, 3600000, 空, 虎尾脚提高会心率8%, 空
11705, 虎尾脚·长辛, 5, 33, 0, 0, 空, 虎尾脚提高会心率10%, 改变丐帮招式《虎尾脚》表现
11800, 倒提壶·观复, 0, 0, 0, 0, 空, 空, 空
11801, 倒提壶·观复, 1, 18, 40, 1200000, 空, 倒提壶后恢复力5点。, 空
11802, 倒提壶·观复, 2, 21, 60, 1800000, 空, 倒提壶后恢复力10点。, 空
11803, 倒提壶·观复, 3, 24, 80, 2400000, 空, 倒提壶后恢复力15点。, 空
11804, 倒提壶·观复, 4, 25, 120, 3600000, 空, 倒提壶后恢复力20点。, 空
11805, 倒提壶·观复, 5, 33, 0, 0, 空, 倒提壶后恢复力25点。, 改变丐帮招式《倒提壶》表现
11900, 乳燕归巢·怀柔, 0, 0, 0, 0, 空, 空, 空
11901, 乳燕归巢·怀柔, 1, 18, 40, 1200000, 空, 乳燕归巢强化准备时间0.1秒，会心几率提高1%, 空
11902, 乳燕归巢·怀柔, 2, 21, 60, 1800000, 空, 乳燕归巢强化准备时间0.2秒，会心几率提高2%, 空
11903, 乳燕归巢·怀柔, 3, 24, 80, 2400000, 空, 乳燕归巢强化准备时间0.3秒，会心几率提高3%, 空
11904, 乳燕归巢·怀柔, 4, 25, 120, 3600000, 空, 乳燕归巢强化准备时间0.4秒，会心几率提高4%, 空
11905, 乳燕归巢·怀柔, 5, 33, 0, 0, 空, 乳燕归巢强化准备时间0.5秒，会心几率提高5%, 改变唐门招式《乳燕归巢》表现
12000, 千魂裂·长辛, 0, 0, 0, 0, 空, 空, 空
12001, 千魂裂·长辛, 1, 18, 40, 1200000, 空, 千魂裂机巧消耗降低1点, 空
12002, 千魂裂·长辛, 2, 21, 60, 1800000, 空, 千魂裂机巧消耗降低2点, 空
12003, 千魂裂·长辛, 3, 24, 80, 2400000, 空, 千魂裂机巧消耗降低3点, 空
12004, 千魂裂·长辛, 4, 25, 120, 3600000, 空, 千魂裂机巧消耗降低4点, 空
12005, 千魂裂·长辛, 5, 33, 0, 0, 空, 千魂裂机巧消耗降低5点, 改变唐门招式《千魂裂》表现
12100, 驱影·长辛, 0, 0, 0, 0, 空, 空, 空
12101, 驱影·长辛, 1, 18, 40, 1200000, 空, 驱影伤害增加0.3%, 空
12102, 驱影·长辛, 2, 21, 60, 1800000, 空, 驱影伤害增加0.6%, 空
12103, 驱影·长辛, 3, 24, 80, 2400000, 空, 驱影伤害增加0.9%, 空
12104, 驱影·长辛, 4, 25, 120, 3600000, 空, 驱影伤害增加0.12%, 空
12105, 驱影·长辛, 5, 33, 0, 0, 空, 驱影伤害增加0.15%, 改变真武招式《驱影》表现
12200, 芳华一瞬·长辛, 0, 0, 0, 0, 空, 空, 空
12201, 芳华一瞬·长辛, 1, 18, 40, 1200000, 空, 芳华一瞬伤害增加1%, 空
12202, 芳华一瞬·长辛, 2, 21, 60, 1800000, 空, 芳华一瞬伤害增加2%, 空
12203, 芳华一瞬·长辛, 3, 24, 80, 2400000, 空, 芳华一瞬伤害增加3%, 空
12204, 芳华一瞬·长辛, 4, 25, 120, 3600000, 空, 芳华一瞬伤害增加4%, 空
12205, 芳华一瞬·长辛, 5, 33, 0, 0, 空, 芳华一瞬伤害增加5%, 改变天香招式《芳华一瞬》表现
12300, 伞舞旋·劲松, 0, 0, 0, 0, 空, 空, 空
12301, 伞舞旋·劲松, 1, 18, 40, 1200000, 空, 伞舞旋技能宽度增加0.2米, 空
12302, 伞舞旋·劲松, 2, 21, 60, 1800000, 空, 伞舞旋技能宽度增加0.4米, 空
12303, 伞舞旋·劲松, 3, 24, 80, 2400000, 空, 伞舞旋技能宽度增加0.6米, 空
12304, 伞舞旋·劲松, 4, 25, 120, 3600000, 空, 伞舞旋技能宽度增加0.8米, 空
12305, 伞舞旋·劲松, 5, 33, 0, 0, 空, 伞舞旋技能宽度增加1米, 改变天香招式《伞舞旋》表现
12400, 索命诀·怀柔, 0, 0, 0, 0, 空, 空, 空
12401, 索命诀·怀柔, 1, 18, 40, 1200000, 空, 索命诀CD降低0.4秒, 空
12402, 索命诀·怀柔, 2, 21, 60, 1800000, 空, 索命诀CD降低0.8秒, 空
12403, 索命诀·怀柔, 3, 24, 80, 2400000, 空, 索命诀CD降低1.2秒, 空
12404, 索命诀·怀柔, 4, 25, 120, 3600000, 空, 索命诀CD降低1.6秒, 空
12405, 索命诀·怀柔, 5, 33, 0, 0, 空, 索命诀CD降低2秒, 改变五毒招式《索命诀》表现
12500, 灵蛇刺骨·观复, 0, 0, 0, 0, 空, 空, 空
12501, 灵蛇刺骨·观复, 1, 18, 40, 1200000, 空, 灵蛇刺骨回复1%蜃气, 空
12502, 灵蛇刺骨·观复, 2, 21, 60, 1800000, 空, 灵蛇刺骨回复2%蜃气, 空
12503, 灵蛇刺骨·观复, 3, 24, 80, 2400000, 空, 灵蛇刺骨回复3%蜃气, 空
12504, 灵蛇刺骨·观复, 4, 25, 120, 3600000, 空, 灵蛇刺骨回复4%蜃气, 空
12505, 灵蛇刺骨·观复, 5, 33, 0, 0, 空, 灵蛇刺骨回复5%蜃气, 改变五毒招式《灵蛇刺骨》表现
2000, 苍龙出水·长辛, 0, 0, 0, 0, 空, 空, 空
2001, 苍龙出水·长辛, 1, 0, 15, 2000000, 屏月：格挡+3%, 苍龙出水伤害提高5%，命中目标后3秒内提高移动速度50%, 空
2002, 苍龙出水·长辛, 2, 1, 30, 3500000, 屏月：格挡+3.5%, 苍龙出水伤害提高9%，命中目标后3秒内提高移动速度50%, 空
2003, 苍龙出水·长辛, 3, 2, 45, 5000000, 屏月：格挡+4%, 苍龙出水伤害提高13%，命中目标后3秒内提高移动速度50%, 空
2004, 苍龙出水·长辛, 4, 3, 2, 7500000, 屏月：格挡+4.5%, 苍龙出水伤害提高17%，命中目标后3秒内提高移动速度50%, 空
2005, 苍龙出水·长辛, 5, 5, 50, 10000000, 屏月：格挡+6.5%, 苍龙出水伤害提高25%，命中目标后5秒内提高移动速度50%, 空
2006, 苍龙出水·长辛, 6, 8, 100, 12500000, 屏月：格挡+7%, 苍龙出水伤害提高29%，命中目标后5秒内提高移动速度50%, 空
2007, 苍龙出水·长辛, 7, 12, 150, 15000000, 屏月：格挡+7.5%, 苍龙出水伤害提高33%，命中目标后5秒内提高移动速度50%, 空
2008, 苍龙出水·长辛, 8, 16, 2, 50000000, 屏月：格挡+8%, 苍龙出水伤害提高37%，命中目标后5秒内提高移动速度50%, 空
2009, 苍龙出水·长辛, 9, 20, 0, 0, 屏月：格挡+8%, 苍龙出水伤害提高41%，命中目标后5秒内提高移动速度50%, 改变太白招式《苍龙出水》表现
2100, 回风落雁·天罡, 0, 0, 0, 0, 空, 空, 空
2101, 回风落雁·天罡, 1, 0, 30, 3200000, 专情：命中+3%, 回风落雁施放后6秒内提高内功防御、外功防御各50点, 空
2102, 回风落雁·天罡, 2, 1, 60, 5600000, 专情：命中+3.5%, 回风落雁施放后6秒内提高内功防御、外功防御各90点, 空
2103, 回风落雁·天罡, 3, 2, 90, 8000000, 专情：命中+4%, 回风落雁施放后6秒内提高内功防御、外功防御各130点, 空
2104, 回风落雁·天罡, 4, 3, 3, 12000000, 专情：命中+4.5%, 回风落雁施放后6秒内提高内功防御、外功防御各170点, 空
2105, 回风落雁·天罡, 5, 5, 75, 16000000, 专情：命中+6.5%, 回风落雁施放后6秒内提高内功防御、外功防御各250点, 空
2106, 回风落雁·天罡, 6, 8, 150, 20000000, 专情：命中+7%, 回风落雁施放后6秒内提高内功防御、外功防御各290点, 空
2107, 回风落雁·天罡, 7, 12, 225, 24000000, 专情：命中+7.5%, 回风落雁施放后6秒内提高内功防御、外功防御各330点, 空
2108, 回风落雁·天罡, 8, 16, 3, 80000000, 专情：命中+8%, 回风落雁施放后6秒内提高内功防御、外功防御各370点, 空
2109, 回风落雁·天罡, 9, 20, 0, 0, 专情：命中+8%, 回风落雁施放后6秒内提高内功防御、外功防御各410点, 改变太白招式《回风落雁》表现
2200, 雨落云飞·地煞, 0, 0, 0, 0, 空, 空, 空
2201, 雨落云飞·地煞, 1, 0, 90, 3850000, 长鸿：韧劲+2%, 雨落云飞伤害提升1%, 空
2202, 雨落云飞·地煞, 2, 1, 180, 6700000, 长鸿：韧劲+2.5%, 雨落云飞伤害提升1.5%, 空
2203, 雨落云飞·地煞, 3, 2, 270, 9600000, 长鸿：韧劲+3%, 雨落云飞伤害提升2%, 空
2204, 雨落云飞·地煞, 4, 3, 4, 14400000, 长鸿：韧劲+3.5%, 雨落云飞伤害提升2.5%, 空
2205, 雨落云飞·地煞, 5, 5, 95, 19200000, 长鸿：韧劲+4%, 雨落云飞伤害提升3%$$命中目标后降低目标命中3%持续4秒, 空
2206, 雨落云飞·地煞, 6, 8, 190, 24000000, 长鸿：韧劲+4.5%, 雨落云飞伤害提升3.5%$$命中目标后降低目标命中6%持续4秒, 空
2207, 雨落云飞·地煞, 7, 12, 280, 28800000, 长鸿：韧劲+5%, 雨落云飞伤害提升4%$$命中目标后降低目标命中9%持续4秒, 空
2208, 雨落云飞·地煞, 8, 16, 4, 96000000, 长鸿：韧劲+5.5%, 雨落云飞伤害提升4.5%$$命中目标后降低目标命中12%持续4秒, 空
2209, 雨落云飞·地煞, 9, 20, 0, 0, 长鸿：韧劲+6%, 雨落云飞伤害提升5%$$命中目标后降低目标命中15%持续4秒, 改变太白招式《雨落云飞》表现
2300, 飞燕逐月·长辛, 0, 0, 0, 0, 空, 空, 空
2301, 飞燕逐月·长辛, 1, 0, 115, 4600000, 犀照：会心率+3%, 飞燕逐月释放完成时额外附加4点定力伤害, 空
2302, 飞燕逐月·长辛, 2, 1, 225, 8050000, 犀照：会心率+3.5%, 飞燕逐月释放完成时额外附加5点定力伤害, 空
2303, 飞燕逐月·长辛, 3, 2, 340, 11500000, 犀照：会心率+4%, 飞燕逐月释放完成时额外附加6点定力伤害, 空
2304, 飞燕逐月·长辛, 4, 3, 5, 17300000, 犀照：会心率+4.5%, 飞燕逐月释放完成时额外附加7点定力伤害, 空
2305, 飞燕逐月·长辛, 5, 5, 120, 23050000, 犀照：会心率+5%, 飞燕逐月伤害增加2%，飞燕逐月释放完成时额外附加8点定力伤害, 空
2306, 飞燕逐月·长辛, 6, 8, 240, 28800000, 犀照：会心率+5.5%, 飞燕逐月伤害增加4%，飞燕逐月释放完成时额外附加9点定力伤害, 空
2307, 飞燕逐月·长辛, 7, 12, 350, 34550000, 犀照：会心率+6%, 飞燕逐月伤害增加6%，飞燕逐月释放完成时额外附加10点定力伤害, 空
2308, 飞燕逐月·长辛, 8, 16, 5, 115200000, 犀照：会心率+6.5%, 飞燕逐月伤害增加8%，飞燕逐月释放完成时额外附加11点定力伤害, 空
2309, 飞燕逐月·长辛, 9, 20, 0, 0, 犀照：会心率+7%, 飞燕逐月伤害增加10%，飞燕逐月释放完成时额外附加12点定力伤害, 改变太白招式《飞燕逐月》表现
2400, 断龙枪·劲松, 0, 0, 0, 0, 空, 空, 空
2401, 断龙枪·劲松, 1, 0, 15, 2000000, 屏月：格挡+3%, 断龙枪直接施放不用于追加时，定力伤害提升5%，范围增加0.1米, 空
2402, 断龙枪·劲松, 2, 1, 30, 3500000, 屏月：格挡+3.5%, 断龙枪直接施放不用于追加时，定力伤害提升9%，范围增加0.2米, 空
2403, 断龙枪·劲松, 3, 2, 45, 5000000, 屏月：格挡+4%, 断龙枪直接施放不用于追加时，定力伤害提升13%，范围增加0.3米, 空
2404, 断龙枪·劲松, 4, 3, 2, 7500000, 屏月：格挡+4.5%, 断龙枪直接施放不用于追加时，定力伤害提升17%，范围增加0.4米, 空
2405, 断龙枪·劲松, 5, 5, 50, 10000000, 屏月：格挡+6.5%, 断龙枪直接施放不用于追加时，定力伤害提升25%，范围增加0.5米, 空
2406, 断龙枪·劲松, 6, 8, 100, 12500000, 屏月：格挡+7%, 断龙枪直接施放不用于追加时，定力伤害提升29%，范围增加0.6米, 空
2407, 断龙枪·劲松, 7, 12, 150, 15000000, 屏月：格挡+7.5%, 断龙枪直接施放不用于追加时，定力伤害提升33%，范围增加0.7米, 空
2408, 断龙枪·劲松, 8, 16, 2, 50000000, 屏月：格挡+8%, 断龙枪直接施放不用于追加时，定力伤害提升37%，范围增加0.8米, 空
2409, 断龙枪·劲松, 9, 20, 0, 0, 屏月：格挡+8%, 断龙枪直接施放不用于追加时，定力伤害提升41%，范围增加0.9米, 改变神威招式《断龙枪》表现
2500, 伏龙枪·长辛, 0, 0, 0, 0, 空, 空, 空
2501, 伏龙枪·长辛, 1, 0, 90, 3850000, 长鸿：韧劲+2%, 伏龙枪及伏龙枪接续断龙枪的增加伤害2%, 空
2502, 伏龙枪·长辛, 2, 1, 180, 6700000, 长鸿：韧劲+2.5%, 伏龙枪及伏龙枪接续断龙枪的增加伤害4%, 空
2503, 伏龙枪·长辛, 3, 2, 270, 9600000, 长鸿：韧劲+3%, 伏龙枪及伏龙枪接续断龙枪的增加伤害6%, 空
2504, 伏龙枪·长辛, 4, 3, 4, 14400000, 长鸿：韧劲+3.5%, 伏龙枪及伏龙枪接续断龙枪的增加伤害8%, 空
2505, 伏龙枪·长辛, 5, 5, 95, 19200000, 长鸿：韧劲+4%, 伏龙枪及伏龙枪接续断龙枪的增加伤害10%，十字枪会心机率提升2%, 空
2506, 伏龙枪·长辛, 6, 8, 190, 24000000, 长鸿：韧劲+4.5%, 伏龙枪及伏龙枪接续断龙枪的增加伤害12%，十字枪会心机率提升3%, 空
2507, 伏龙枪·长辛, 7, 12, 280, 28800000, 长鸿：韧劲+5%, 伏龙枪及伏龙枪接续断龙枪的增加伤害14%，十字枪会心机率提升4%, 空
2508, 伏龙枪·长辛, 8, 16, 4, 96000000, 长鸿：韧劲+5.5%, 伏龙枪及伏龙枪接续断龙枪的增加伤害16%，十字枪会心机率提升5%, 空
2509, 伏龙枪·长辛, 9, 20, 0, 0, 长鸿：韧劲+6%, 伏龙枪及伏龙枪接续断龙枪的增加伤害18%，十字枪会心机率提升6%, 改变神威招式《伏龙枪》表现
2600, 疾风枪·长辛, 0, 0, 0, 0, 空, 空, 空
2601, 疾风枪·长辛, 1, 0, 115, 4600000, 犀照：会心率+3%, 疾风枪及疾风枪追加断龙枪的伤害提升2%, 空
2602, 疾风枪·长辛, 2, 1, 225, 8050000, 犀照：会心率+3.5%, 疾风枪及疾风枪追加断龙枪的伤害提升4%, 空
2603, 疾风枪·长辛, 3, 2, 340, 11500000, 犀照：会心率+4%, 疾风枪及疾风枪追加断龙枪的伤害提升6%, 空
2604, 疾风枪·长辛, 4, 3, 5, 17300000, 犀照：会心率+4.5%, 疾风枪及疾风枪追加断龙枪的伤害提升8%, 空
2605, 疾风枪·长辛, 5, 5, 120, 23050000, 犀照：会心率+5%, 疾风枪及疾风枪追加断龙枪的伤害提升10%，十字枪伤害提升1%, 空
2606, 疾风枪·长辛, 6, 8, 240, 28800000, 犀照：会心率+5.5%, 疾风枪及疾风枪追加断龙枪的伤害提升12%，十字枪伤害提升2%, 空
2607, 疾风枪·长辛, 7, 12, 350, 34550000, 犀照：会心率+6%, 疾风枪及疾风枪追加断龙枪的伤害提升14%，十字枪伤害提升3%, 空
2608, 疾风枪·长辛, 8, 16, 5, 115200000, 犀照：会心率+6.5%, 疾风枪及疾风枪追加断龙枪的伤害提升16%，十字枪伤害提升4%, 空
2609, 疾风枪·长辛, 9, 20, 0, 0, 犀照：会心率+7%, 疾风枪及疾风枪追加断龙枪的伤害提升18%，十字枪伤害提升5%, 改变神威招式《疾风枪》表现
2700, 狂龙震·观复, 0, 0, 0, 0, 空, 空, 空
2701, 狂龙震·观复, 1, 0, 30, 3200000, 专情：命中+3%, 狂龙震定力伤害提升6%, 空
2702, 狂龙震·观复, 2, 1, 60, 5600000, 专情：命中+3.5%, 狂龙震定力伤害提升7%, 空
2703, 狂龙震·观复, 3, 2, 90, 8000000, 专情：命中+4%, 狂龙震定力伤害提升8%, 空
2704, 狂龙震·观复, 4, 3, 3, 12000000, 专情：命中+4.5%, 狂龙震定力伤害提升9%, 空
2705, 狂龙震·观复, 5, 5, 75, 16000000, 专情：命中+6.5%, 狂龙震定力伤害提升10%，命中时回复5%霸气, 空
2706, 狂龙震·观复, 6, 8, 150, 20000000, 专情：命中+7%, 狂龙震定力伤害提升11%，命中时回复6%霸气, 空
2707, 狂龙震·观复, 7, 12, 225, 24000000, 专情：命中+7.5%, 狂龙震定力伤害提升12%，命中时回复7%霸气, 空
2708, 狂龙震·观复, 8, 16, 3, 80000000, 专情：命中+8%, 狂龙震定力伤害提升13%，命中时回复8%霸气, 空
2709, 狂龙震·观复, 9, 20, 0, 0, 专情：命中+8%, 狂龙震定力伤害提升14%，命中时回复9%霸气, 改变神威招式《狂龙震》表现
2800, 虎尾脚·长辛, 0, 0, 0, 0, 空, 空, 空
2801, 虎尾脚·长辛, 1, 0, 15, 2000000, 屏月：格挡+3%, 虎尾脚会心几率提高5%, 空
2802, 虎尾脚·长辛, 2, 1, 30, 3500000, 屏月：格挡+3.5%, 虎尾脚会心几率提高6%, 空
2803, 虎尾脚·长辛, 3, 2, 45, 5000000, 屏月：格挡+4%, 虎尾脚会心几率提高7%, 空
2804, 虎尾脚·长辛, 4, 3, 2, 7500000, 屏月：格挡+4.5%, 虎尾脚会心几率提高8%, 空
2805, 虎尾脚·长辛, 5, 5, 50, 10000000, 屏月：格挡+6.5%, 虎尾脚会心几率提高10%, 空
2806, 虎尾脚·长辛, 6, 8, 100, 12500000, 屏月：格挡+7%, 虎尾脚会心几率提高11%, 空
2807, 虎尾脚·长辛, 7, 12, 150, 15000000, 屏月：格挡+7.5%, 虎尾脚会心几率提高12%, 空
2808, 虎尾脚·长辛, 8, 16, 2, 50000000, 屏月：格挡+8%, 虎尾脚会心几率提高13%, 空
2809, 虎尾脚·长辛, 9, 20, 0, 0, 屏月：格挡+8%, 虎尾脚会心几率提高14%, 改变丐帮招式《虎尾脚》表现
2900, 倒提壶·观复, 0, 0, 0, 0, 空, 空, 空
2901, 倒提壶·观复, 1, 0, 30, 3200000, 专情：命中+3%, 倒提壶后恢复力5点。, 空
2902, 倒提壶·观复, 2, 1, 60, 5600000, 专情：命中+3.5%, 倒提壶后恢复力10点。, 空
2903, 倒提壶·观复, 3, 2, 90, 8000000, 专情：命中+4%, 倒提壶后恢复力15点。, 空
2904, 倒提壶·观复, 4, 3, 3, 12000000, 专情：命中+4.5%, 倒提壶后恢复力20点。, 空
2905, 倒提壶·观复, 5, 5, 75, 16000000, 专情：命中+6.5%, 倒提壶后恢复力25点，加速效果额外提升5%, 空
2906, 倒提壶·观复, 6, 8, 150, 20000000, 专情：命中+7%, 倒提壶后恢复力25点，加速效果额外提升10%, 空
2907, 倒提壶·观复, 7, 12, 225, 24000000, 专情：命中+7.5%, 倒提壶后恢复力25点，加速效果额外提升15%, 空
2908, 倒提壶·观复, 8, 16, 3, 80000000, 专情：命中+8%, 倒提壶后恢复力25点，加速效果额外提升20%, 空
2909, 倒提壶·观复, 9, 20, 0, 0, 专情：命中+8%, 倒提壶后恢复力25点，加速效果额外提升25%, 改变丐帮招式《倒提壶》表现
3000, 劈山诀·劲松, 0, 0, 0, 0, 空, 空, 空
3001, 劈山诀·劲松, 1, 0, 115, 4600000, 犀照：会心率+3%, 劈山诀的伤害范围扩大2%, 空
3002, 劈山诀·劲松, 2, 1, 225, 8050000, 犀照：会心率+3.5%, 劈山诀的伤害范围扩大4%, 空
3003, 劈山诀·劲松, 3, 2, 340, 11500000, 犀照：会心率+4%, 劈山诀的伤害范围扩大6%, 空
3004, 劈山诀·劲松, 4, 3, 5, 17300000, 犀照：会心率+4.5%, 劈山诀的伤害范围扩大8%, 空
3005, 劈山诀·劲松, 5, 5, 120, 23050000, 犀照：会心率+5%, 劈山诀的伤害范围扩大10%伤害增加1%, 空
3006, 劈山诀·劲松, 6, 8, 240, 28800000, 犀照：会心率+5.5%, 劈山诀的伤害范围扩大12%伤害增加2%, 空
3007, 劈山诀·劲松, 7, 12, 350, 34550000, 犀照：会心率+6%, 劈山诀的伤害范围扩大14%伤害增加3%, 空
3008, 劈山诀·劲松, 8, 16, 5, 115200000, 犀照：会心率+6.5%, 劈山诀的伤害范围扩大16%伤害增加4%, 空
3009, 劈山诀·劲松, 9, 20, 0, 0, 犀照：会心率+7%, 劈山诀的伤害范围扩大18%伤害增加5%, 改变丐帮招式《劈山诀》表现
3100, 百裂脚·长辛, 0, 0, 0, 0, 空, 空, 空
3101, 百裂脚·长辛, 1, 0, 90, 3850000, 长鸿：韧劲+2%, 百裂脚伤害提升1%, 空
3102, 百裂脚·长辛, 2, 1, 180, 6700000, 长鸿：韧劲+2.5%, 百裂脚伤害增加2%, 空
3103, 百裂脚·长辛, 3, 2, 270, 9600000, 长鸿：韧劲+3%, 百裂脚伤害增加3%, 空
3104, 百裂脚·长辛, 4, 3, 4, 14400000, 长鸿：韧劲+3.5%, 百裂脚伤害增加4%, 空
3105, 百裂脚·长辛, 5, 5, 95, 19200000, 长鸿：韧劲+4%, 百裂脚伤害增加5%满技状态下最后一击伤害额增加2%, 空
3106, 百裂脚·长辛, 6, 8, 190, 24000000, 长鸿：韧劲+4.5%, 百裂脚伤害增加6%满技状态下最后一击伤害额增加3%, 空
3107, 百裂脚·长辛, 7, 12, 280, 28800000, 长鸿：韧劲+5%, 百裂脚伤害增加7%满技状态下最后一击伤害额增加4%, 空
3108, 百裂脚·长辛, 8, 16, 4, 96000000, 长鸿：韧劲+5.5%, 百裂脚伤害增加8%满技状态下最后一击伤害额增加5%, 空
3109, 百裂脚·长辛, 9, 20, 0, 0, 长鸿：韧劲+6%, 百裂脚伤害增加9%满技状态下最后一击伤害额增加6%, 改变丐帮招式《百裂脚》表现
3200, 乳燕归巢·劲松, 0, 0, 0, 0, 空, 空, 空
3201, 乳燕归巢·劲松, 1, 0, 90, 3850000, 长鸿：韧劲+2%, 乳燕归巢宽度增加1%, 空
3202, 乳燕归巢·劲松, 2, 1, 180, 6700000, 长鸿：韧劲+2.5%, 乳燕归巢宽度增加2%, 空
3203, 乳燕归巢·劲松, 3, 2, 270, 9600000, 长鸿：韧劲+3%, 乳燕归巢宽度增加3%, 空
3204, 乳燕归巢·劲松, 4, 3, 4, 14400000, 长鸿：韧劲+3.5%, 乳燕归巢宽度增加4%, 空
3205, 乳燕归巢·劲松, 5, 5, 95, 19200000, 长鸿：韧劲+4%, 乳燕归巢宽度增加5%，命中单体目标时伤害增加2%，群体目标时伤害增加4%, 空
3206, 乳燕归巢·劲松, 6, 8, 190, 24000000, 长鸿：韧劲+4.5%, 乳燕归巢宽度增加6%，命中单体目标时伤害增加4%，群体目标时伤害增加8%, 空
3207, 乳燕归巢·劲松, 7, 12, 280, 28800000, 长鸿：韧劲+5%, 乳燕归巢宽度增加7%，命中单体目标时伤害增加6%，群体目标时伤害增加12%, 空
3208, 乳燕归巢·劲松, 8, 16, 4, 96000000, 长鸿：韧劲+5.5%, 乳燕归巢宽度增加8%，命中单体目标时伤害增加8%，群体目标时伤害增加16%, 空
3209, 乳燕归巢·劲松, 9, 20, 0, 0, 长鸿：韧劲+6%, 乳燕归巢宽度增加9%，命中单体目标时伤害增加10%，群体目标时伤害增加20%, 改变唐门招式《乳燕归巢》表现
3300, 千魂裂·怀柔, 0, 0, 0, 0, 空, 空, 空
3301, 千魂裂·怀柔, 1, 0, 15, 2000000, 屏月：格挡+3%, 千魂裂机巧消耗降低1点, 空
3302, 千魂裂·怀柔, 2, 1, 30, 3500000, 屏月：格挡+3.5%, 千魂裂机巧消耗降低2点, 空
3303, 千魂裂·怀柔, 3, 2, 45, 5000000, 屏月：格挡+4%, 千魂裂机巧消耗降低3点, 空
3304, 千魂裂·怀柔, 4, 3, 2, 7500000, 屏月：格挡+4.5%, 千魂裂机巧消耗降低4点, 空
3305, 千魂裂·怀柔, 5, 5, 50, 10000000, 屏月：格挡+6.5%, 千魂裂机巧消耗降低5点，定力伤害提升5%, 空
3306, 千魂裂·怀柔, 6, 8, 100, 12500000, 屏月：格挡+7%, 千魂裂机巧消耗降低5点，定力伤害提升14%, 空
3307, 千魂裂·怀柔, 7, 12, 150, 15000000, 屏月：格挡+7.5%, 千魂裂机巧消耗降低5点，定力伤害提升23%, 空
3308, 千魂裂·怀柔, 8, 16, 2, 50000000, 屏月：格挡+8%, 千魂裂机巧消耗降低5点，定力伤害提升32%, 空
3309, 千魂裂·怀柔, 9, 20, 0, 0, 屏月：格挡+8%, 千魂裂机巧消耗降低5点，定力伤害提升41%, 改变唐门招式《千魂裂》表现
3400, 爆天星·观复, 0, 0, 0, 0, 空, 空, 空
3401, 爆天星·观复, 1, 0, 30, 3200000, 专情：命中+3%, 爆天星第二段打空时回复1点机巧，对霸体目标伤害提升5%, 空
3402, 爆天星·观复, 2, 1, 60, 5600000, 专情：命中+3.5%, 爆天星第二段打空时回复2点机巧，对霸体目标伤害提升8%, 空
3403, 爆天星·观复, 3, 2, 90, 8000000, 专情：命中+4%, 爆天星第二段打空时回复3点机巧，对霸体目标伤害提升11%, 空
3404, 爆天星·观复, 4, 3, 3, 12000000, 专情：命中+4.5%, 爆天星第二段打空时回复4点机巧，对霸体目标伤害提升14%, 空
3405, 爆天星·观复, 5, 5, 75, 16000000, 专情：命中+6.5%, 爆天星第二段打空时回复5点机巧，对霸体目标伤害提升20%, 空
3406, 爆天星·观复, 6, 8, 150, 20000000, 专情：命中+7%, 爆天星第二段打空时回复5点机巧，对霸体目标伤害提升26%, 空
3407, 爆天星·观复, 7, 12, 225, 24000000, 专情：命中+7.5%, 爆天星第二段打空时回复5点机巧，对霸体目标伤害提升32%, 空
3408, 爆天星·观复, 8, 16, 3, 80000000, 专情：命中+8%, 爆天星第二段打空时回复5点机巧，对霸体目标伤害提升38%, 空
3409, 爆天星·观复, 9, 20, 0, 0, 专情：命中+8%, 爆天星第二段打空时回复5点机巧，对霸体目标伤害提升44%, 改变唐门招式《爆天星》表现
3500, 暴雨梨花·观复, 0, 0, 0, 0, 空, 空, 空
3501, 暴雨梨花·观复, 1, 0, 115, 4600000, 犀照：会心率+3%, 暴雨梨花每一击命中回复1点机巧, 空
3502, 暴雨梨花·观复, 2, 1, 225, 8050000, 犀照：会心率+3.5%, 暴雨梨花每一击命中回复2点机巧, 空
3503, 暴雨梨花·观复, 3, 2, 340, 11500000, 犀照：会心率+4%, 暴雨梨花每一击命中回复3点机巧, 空
3504, 暴雨梨花·观复, 4, 3, 5, 17300000, 犀照：会心率+4.5%, 暴雨梨花每一击命中回复4点机巧, 空
3505, 暴雨梨花·观复, 5, 5, 120, 23050000, 犀照：会心率+5%, 暴雨梨花每一击命中回复5点机巧，二段伤害提高25%, 空
3506, 暴雨梨花·观复, 6, 8, 240, 28800000, 犀照：会心率+5.5%, 暴雨梨花每一击命中回复5点机巧，二段伤害提高40%, 空
3507, 暴雨梨花·观复, 7, 12, 350, 34550000, 犀照：会心率+6%, 暴雨梨花每一击命中回复5点机巧，二段伤害提高55%, 空
3508, 暴雨梨花·观复, 8, 16, 5, 115200000, 犀照：会心率+6.5%, 暴雨梨花每一击命中回复5点机巧，二段伤害提高70%, 空
3509, 暴雨梨花·观复, 9, 20, 0, 0, 犀照：会心率+7%, 暴雨梨花每一击命中回复5点机巧，二段伤害提高85%, 改变唐门招式《暴雨梨花》表现
3600, 道法天地·长辛, 0, 0, 0, 0, 空, 空, 空
3601, 道法天地·长辛, 1, 0, 15, 2000000, 屏月：格挡+3%, 道法天地，道法天地追加驱影，以及冲盈道法天地的伤害和定力伤害提高5%, 空
3602, 道法天地·长辛, 2, 1, 30, 3500000, 屏月：格挡+3.5%, 道法天地，道法天地追加驱影，以及冲盈道法天地的伤害和定力伤害提高7%, 空
3603, 道法天地·长辛, 3, 2, 45, 5000000, 屏月：格挡+4%, 道法天地，道法天地追加驱影，以及冲盈道法天地的伤害和定力伤害提高9%, 空
3604, 道法天地·长辛, 4, 3, 2, 7500000, 屏月：格挡+4.5%, 道法天地，道法天地追加驱影，以及冲盈道法天地的伤害和定力伤害提高11%, 空
3605, 道法天地·长辛, 5, 5, 50, 10000000, 屏月：格挡+6.5%, 道法天地，道法天地追加驱影，以及冲盈道法天地的伤害和定力伤害提高15%, 空
3606, 道法天地·长辛, 6, 8, 100, 12500000, 屏月：格挡+7%, 道法天地，道法天地追加驱影，以及冲盈道法天地的伤害和定力伤害提高17%, 空
3607, 道法天地·长辛, 7, 12, 150, 15000000, 屏月：格挡+7.5%, 道法天地，道法天地追加驱影，以及冲盈道法天地的伤害和定力伤害提高19%, 空
3608, 道法天地·长辛, 8, 16, 2, 50000000, 屏月：格挡+8%, 道法天地，道法天地追加驱影，以及冲盈道法天地的伤害和定力伤害提高21%, 空
3609, 道法天地·长辛, 9, 20, 0, 0, 屏月：格挡+8%, 道法天地，道法天地追加驱影，以及冲盈道法天地的伤害和定力伤害提高23%, 改变真武招式《道法天地》表现
3700, 和光同尘·怀柔, 0, 0, 0, 0, 空, 空, 空
3701, 和光同尘·怀柔, 1, 0, 30, 3200000, 专情：命中+3%, 和光同尘，和光同尘追加驱影，以及冲盈和光同尘每次命中回复1点定力, 空
3702, 和光同尘·怀柔, 2, 1, 60, 5600000, 专情：命中+3.5%, 和光同尘，和光同尘追加驱影，以及冲盈和光同尘每次命中回复2点定力, 空
3703, 和光同尘·怀柔, 3, 2, 90, 8000000, 专情：命中+4%, 和光同尘，和光同尘追加驱影，以及冲盈和光同尘每次命中回复3点定力, 空
3704, 和光同尘·怀柔, 4, 3, 3, 12000000, 专情：命中+4.5%, 和光同尘，和光同尘追加驱影，以及冲盈和光同尘每次命中回复4点定力, 空
3705, 和光同尘·怀柔, 5, 5, 75, 16000000, 专情：命中+6.5%, 和光同尘，和光同尘追加驱影，以及冲盈和光同尘每次命中回复5点定力，造成的伤害提升2.5%, 空
3706, 和光同尘·怀柔, 6, 8, 150, 20000000, 专情：命中+7%, 和光同尘，和光同尘追加驱影，以及冲盈和光同尘每次命中回复5点定力，造成的伤害提升5%, 空
3707, 和光同尘·怀柔, 7, 12, 225, 24000000, 专情：命中+7.5%, 和光同尘，和光同尘追加驱影，以及冲盈和光同尘每次命中回复5点定力，造成的伤害提升7.5%, 空
3708, 和光同尘·怀柔, 8, 16, 3, 80000000, 专情：命中+8%, 和光同尘，和光同尘追加驱影，以及冲盈和光同尘每次命中回复5点定力，造成的伤害提升10%, 空
3709, 和光同尘·怀柔, 9, 20, 0, 0, 专情：命中+8%, 和光同尘，和光同尘追加驱影，以及冲盈和光同尘每次命中回复5点定力，造成的伤害提升12.5%, 改变真武招式《和光同尘》表现
3800, 道生一剑·长辛, 0, 0, 0, 0, 空, 空, 空
3801, 道生一剑·长辛, 1, 0, 90, 3850000, 长鸿：韧劲+2%, 道生一剑伤害提升3%, 空
3802, 道生一剑·长辛, 2, 1, 180, 6700000, 长鸿：韧劲+2.5%, 道生一剑伤害提升6%, 空
3803, 道生一剑·长辛, 3, 2, 270, 9600000, 长鸿：韧劲+3%, 道生一剑伤害提升9%, 空
3804, 道生一剑·长辛, 4, 3, 4, 14400000, 长鸿：韧劲+3.5%, 道生一剑伤害提升12%, 空
3805, 道生一剑·长辛, 5, 5, 95, 19200000, 长鸿：韧劲+4%, 道生一剑伤害提升15%, 空
3806, 道生一剑·长辛, 6, 8, 190, 24000000, 长鸿：韧劲+4.5%, 道生一剑伤害提升18%, 空
3807, 道生一剑·长辛, 7, 12, 280, 28800000, 长鸿：韧劲+5%, 道生一剑伤害提升21%, 空
3808, 道生一剑·长辛, 8, 16, 4, 96000000, 长鸿：韧劲+5.5%, 道生一剑伤害提升24%, 空
3809, 道生一剑·长辛, 9, 20, 0, 0, 长鸿：韧劲+6%, 道生一剑伤害提升27%, 改变真武招式《道生一剑》表现
3900, 微明生灭·长辛, 0, 0, 0, 0, 空, 空, 空
3901, 微明生灭·长辛, 1, 0, 115, 4600000, 犀照：会心率+3%, 微明生灭命中对手时增加自身命中1%，持续2秒, 空
3902, 微明生灭·长辛, 2, 1, 225, 8050000, 犀照：会心率+3.5%, 微明生灭命中对手时增加自身命中2%，持续2秒, 空
3903, 微明生灭·长辛, 3, 2, 340, 11500000, 犀照：会心率+4%, 微明生灭命中对手时增加自身命中3%，持续2秒, 空
3904, 微明生灭·长辛, 4, 3, 5, 17300000, 犀照：会心率+4.5%, 微明生灭命中对手时增加自身命中4%，持续2秒, 空
3905, 微明生灭·长辛, 5, 5, 120, 23050000, 犀照：会心率+5%, 微明生灭伤害提升1%，命中对手时增加自身命中5%，持续2秒, 空
3906, 微明生灭·长辛, 6, 8, 240, 28800000, 犀照：会心率+5.5%, 微明生灭伤害提升3%，命中对手时增加自身命中6%，持续2秒, 空
3907, 微明生灭·长辛, 7, 12, 350, 34550000, 犀照：会心率+6%, 微明生灭伤害提升5%，命中对手时增加自身命中7%，持续2秒, 空
3908, 微明生灭·长辛, 8, 16, 5, 115200000, 犀照：会心率+6.5%, 微明生灭伤害提升7%，命中对手时增加自身命中8%，持续2秒, 空
3909, 微明生灭·长辛, 9, 20, 0, 0, 犀照：会心率+7%, 微明生灭伤害提升10%，命中对手时增加自身命中9%，持续2秒, 改变真武招式《微明生灭》表现
4000, 芳华一瞬·追月, 0, 0, 0, 0, 空, 空, 空
4001, 芳华一瞬·追月, 1, 0, 15, 2000000, 屏月：格挡+3%, 芳华一瞬命中后3秒内移动速度提升25%, 空
4002, 芳华一瞬·追月, 2, 1, 30, 3500000, 屏月：格挡+3.5%, 芳华一瞬命中后3秒内移动速度提升30%, 空
4003, 芳华一瞬·追月, 3, 2, 45, 5000000, 屏月：格挡+4%, 芳华一瞬命中后3秒内移动速度提升35%, 空
4004, 芳华一瞬·追月, 4, 3, 2, 7500000, 屏月：格挡+4.5%, 芳华一瞬命中后3秒内移动速度提升40%, 空
4005, 芳华一瞬·追月, 5, 5, 50, 10000000, 屏月：格挡+6.5%, 芳华一瞬伤害提升5%，命中后3秒内移动速度提升50%。, 空
4006, 芳华一瞬·追月, 6, 8, 100, 12500000, 屏月：格挡+7%, 芳华一瞬伤害提升10%，命中后3秒内移动速度提升50%。, 空
4007, 芳华一瞬·追月, 7, 12, 150, 15000000, 屏月：格挡+7.5%, 芳华一瞬伤害提升15%，命中后3秒内移动速度提升50%。, 空
4008, 芳华一瞬·追月, 8, 16, 2, 50000000, 屏月：格挡+8%, 芳华一瞬伤害提升20%，命中后3秒内移动速度提升50%。, 空
4009, 芳华一瞬·追月, 9, 20, 0, 0, 屏月：格挡+8%, 芳华一瞬伤害提升25%，命中后3秒内移动速度提升50%。, 改变天香招式《芳华一瞬》表现
4100, 伞舞旋·长辛, 0, 0, 0, 0, 空, 空, 空
4101, 伞舞旋·长辛, 1, 0, 115, 4600000, 犀照：会心率+3%, 伞舞旋定力伤害增加1%, 空
4102, 伞舞旋·长辛, 2, 1, 225, 8050000, 犀照：会心率+3.5%, 伞舞旋定力伤害增加2%, 空
4103, 伞舞旋·长辛, 3, 2, 340, 11500000, 犀照：会心率+4%, 伞舞旋定力伤害增加3%, 空
4104, 伞舞旋·长辛, 4, 3, 5, 17300000, 犀照：会心率+4.5%, 伞舞旋定力伤害增加4%, 空
4105, 伞舞旋·长辛, 5, 5, 120, 23050000, 犀照：会心率+5%, 伞舞旋定力伤害增加5%$$伤害增加1%, 空
4106, 伞舞旋·长辛, 6, 8, 240, 28800000, 犀照：会心率+5.5%, 伞舞旋定力伤害增加6%$$伤害增加2%, 空
4107, 伞舞旋·长辛, 7, 12, 350, 34550000, 犀照：会心率+6%, 伞舞旋定力伤害增加7%$$伤害增加3%, 空
4108, 伞舞旋·长辛, 8, 16, 5, 115200000, 犀照：会心率+6.5%, 伞舞旋定力伤害增加8%$$伤害增加4%, 空
4109, 伞舞旋·长辛, 9, 20, 0, 0, 犀照：会心率+7%, 伞舞旋定力伤害增加9%$$伤害增加5%, 改变天香招式《伞舞旋》表现
4200, 香意痕·长辛, 0, 0, 0, 0, 空, 空, 空
4201, 香意痕·长辛, 1, 0, 90, 3850000, 长鸿：韧劲+2%, 香意痕伤害增加1%, 空
4202, 香意痕·长辛, 2, 1, 180, 6700000, 长鸿：韧劲+2.5%, 香意痕伤害增加2%, 空
4203, 香意痕·长辛, 3, 2, 270, 9600000, 长鸿：韧劲+3%, 香意痕伤害增加3%, 空
4204, 香意痕·长辛, 4, 3, 4, 14400000, 长鸿：韧劲+3.5%, 香意痕伤害增加4%, 空
4205, 香意痕·长辛, 5, 5, 95, 19200000, 长鸿：韧劲+4%, 香意痕伤害增加5%，香意痕每次命中对手恢复自身定力，最多回复9点, 空
4206, 香意痕·长辛, 6, 8, 190, 24000000, 长鸿：韧劲+4.5%, 香意痕伤害增加6%，香意痕每次命中对手恢复自身定力，最多回复15点, 空
4207, 香意痕·长辛, 7, 12, 280, 28800000, 长鸿：韧劲+5%, 香意痕伤害增加7%，香意痕每次命中对手恢复自身定力，最多回复21点, 空
4208, 香意痕·长辛, 8, 16, 4, 96000000, 长鸿：韧劲+5.5%, 香意痕伤害增加8%，香意痕每次命中对手恢复自身定力，最多回复27点, 空
4209, 香意痕·长辛, 9, 20, 0, 0, 长鸿：韧劲+6%, 香意痕伤害增加9%，香意痕每次命中对手恢复自身定力，最多回复36点, 改变天香招式《香意痕》表现
4300, 国色天香·观复, 0, 0, 0, 0, 空, 空, 空
4301, 国色天香·观复, 1, 0, 30, 3200000, 专情：命中+3%, 国色天香触发时回复2点香意, 空
4302, 国色天香·观复, 2, 1, 60, 5600000, 专情：命中+3.5%, 国色天香触发时回复4点香意, 空
4303, 国色天香·观复, 3, 2, 90, 8000000, 专情：命中+4%, 国色天香触发时回复6点香意, 空
4304, 国色天香·观复, 4, 3, 3, 12000000, 专情：命中+4.5%, 国色天香触发时回复8点香意, 空
4305, 国色天香·观复, 5, 5, 75, 16000000, 专情：命中+6.5%, 国色天香触发时回复10点香意，调息时间降低5秒, 空
4306, 国色天香·观复, 6, 8, 150, 20000000, 专情：命中+7%, 国色天香触发时回复10点香意，调息时间降低10秒, 空
4307, 国色天香·观复, 7, 12, 225, 24000000, 专情：命中+7.5%, 国色天香触发时回复10点香意，调息时间降低15秒, 空
4308, 国色天香·观复, 8, 16, 3, 80000000, 专情：命中+8%, 国色天香触发时回复10点香意，调息时间降低20秒, 空
4309, 国色天香·观复, 9, 20, 0, 0, 专情：命中+8%, 国色天香触发时回复10点香意，调息时间降低25秒, 改变天香招式《国色天香》表现
4400, 索命诀·长辛, 0, 0, 0, 0, 空, 空, 空
4401, 索命诀·长辛, 1, 0, 115, 4600000, 犀照：会心率+3%, 索命诀定力伤害增加2%, 空
4402, 索命诀·长辛, 2, 1, 225, 8050000, 犀照：会心率+3.5%, 索命诀定力伤害增加4%, 空
4403, 索命诀·长辛, 3, 2, 340, 11500000, 犀照：会心率+4%, 索命诀定力伤害增加6%, 空
4404, 索命诀·长辛, 4, 3, 5, 17300000, 犀照：会心率+4.5%, 索命诀定力伤害增加8%, 空
4405, 索命诀·长辛, 5, 5, 120, 23050000, 犀照：会心率+5%, 索命诀定力伤害增加10%$$40%触发噬魂蛊$$潜行状态锁定目标时，也会触发噬魂蛊效果, 空
4406, 索命诀·长辛, 6, 8, 240, 28800000, 犀照：会心率+5.5%, 索命诀定力伤害增加12%$$50%触发噬魂蛊$$潜行状态锁定目标时，也会触发噬魂蛊效果, 空
4407, 索命诀·长辛, 7, 12, 350, 34550000, 犀照：会心率+6%, 索命诀定力伤害增加14%$$60%触发噬魂蛊$$潜行状态锁定目标时，也会触发噬魂蛊效果, 空
4408, 索命诀·长辛, 8, 16, 5, 115200000, 犀照：会心率+6.5%, 索命诀定力伤害增加16%$$70%触发噬魂蛊$$潜行状态锁定目标时，也会触发噬魂蛊效果, 空
4409, 索命诀·长辛, 9, 20, 0, 0, 犀照：会心率+7%, 索命诀定力伤害增加18%$$100%触发噬魂蛊$$潜行状态锁定目标时，也会触发噬魂蛊效果, 改变五毒招式《索命诀》表现
4500, 灵蛇刺骨·劲松, 0, 0, 0, 0, 空, 空, 空
4501, 灵蛇刺骨·劲松, 1, 0, 15, 2000000, 屏月：格挡+3%, 灵蛇刺骨距离延长0.4米, 空
4502, 灵蛇刺骨·劲松, 2, 1, 30, 3500000, 屏月：格挡+3.5%, 灵蛇刺骨距离延长0.8米, 空
4503, 灵蛇刺骨·劲松, 3, 2, 45, 5000000, 屏月：格挡+4%, 灵蛇刺骨距离延长1.2米, 空
4504, 灵蛇刺骨·劲松, 4, 3, 2, 7500000, 屏月：格挡+4.5%, 灵蛇刺骨距离延长1.6米, 空
4505, 灵蛇刺骨·劲松, 5, 5, 50, 10000000, 屏月：格挡+6.5%, 灵蛇刺骨距离延长2米, 空
4506, 灵蛇刺骨·劲松, 6, 8, 100, 12500000, 屏月：格挡+7%, 灵蛇刺骨距离延长2米，命中时有40%几率触发噬魂蛊, 空
4507, 灵蛇刺骨·劲松, 7, 12, 150, 15000000, 屏月：格挡+7.5%, 灵蛇刺骨距离延长2米，命中时有55%几率触发噬魂蛊, 空
4508, 灵蛇刺骨·劲松, 8, 16, 2, 50000000, 屏月：格挡+8%, 灵蛇刺骨距离延长2米，命中时有70%几率触发噬魂蛊, 空
4509, 灵蛇刺骨·劲松, 9, 20, 0, 0, 屏月：格挡+8%, 灵蛇刺骨距离延长2米，命中时有85%几率触发噬魂蛊, 改变五毒招式《灵蛇刺骨》表现
4600, 黑雾刀法·长辛, 0, 0, 0, 0, 空, 空, 空
4601, 黑雾刀法·长辛, 1, 0, 90, 3850000, 长鸿：韧劲+2%, 黑雾刀法伤害提升5%, 空
4602, 黑雾刀法·长辛, 2, 1, 180, 6700000, 长鸿：韧劲+2.5%, 黑雾刀法伤害提升10%, 空
4603, 黑雾刀法·长辛, 3, 2, 270, 9600000, 长鸿：韧劲+3%, 黑雾刀法伤害提升15%, 空
4604, 黑雾刀法·长辛, 4, 3, 4, 14400000, 长鸿：韧劲+3.5%, 黑雾刀法伤害提升20%, 空
4605, 黑雾刀法·长辛, 5, 5, 95, 19200000, 长鸿：韧劲+4%, 黑雾刀法伤害提升25%定力伤害提高5%, 空
4606, 黑雾刀法·长辛, 6, 8, 190, 24000000, 长鸿：韧劲+4.5%, 黑雾刀法伤害提升30%定力伤害提高10%, 空
4607, 黑雾刀法·长辛, 7, 12, 280, 28800000, 长鸿：韧劲+5%, 黑雾刀法伤害提升35%定力伤害提高15%, 空
4608, 黑雾刀法·长辛, 8, 16, 4, 96000000, 长鸿：韧劲+5.5%, 黑雾刀法伤害提升40%定力伤害提高20%, 空
4609, 黑雾刀法·长辛, 9, 20, 0, 0, 长鸿：韧劲+6%, 黑雾刀法伤害提升45%定力伤害提高25%, 改变五毒招式《黑雾刀法》表现
4700, 飞雀夺怀·天罡, 0, 0, 0, 0, 空, 空, 空
4701, 飞雀夺怀·天罡, 1, 0, 30, 3200000, 专情：命中+3%, 飞雀夺怀命中多个敌人时，每额外攻击到一人，在6秒内获得8%伤害降低效果，最多获得40%减伤, 空
4702, 飞雀夺怀·天罡, 2, 1, 60, 5600000, 专情：命中+3.5%, 飞雀夺怀命中多个敌人时，每额外攻击到一人，在6秒内获得9%伤害降低效果，最多获得45%减伤, 空
4703, 飞雀夺怀·天罡, 3, 2, 90, 8000000, 专情：命中+4%, 飞雀夺怀命中多个敌人时，每额外攻击到一人，在6秒内获得10%伤害降低效果，最多获得50%减伤, 空
4704, 飞雀夺怀·天罡, 4, 3, 3, 12000000, 专情：命中+4.5%, 飞雀夺怀命中多个敌人时，每额外攻击到一人，在6秒内获得11%伤害降低效果，最多获得55%减伤, 空
4705, 飞雀夺怀·天罡, 5, 5, 75, 16000000, 专情：命中+6.5%, 飞雀夺怀命中多个敌人时，每额外攻击到一人，在6秒内获得12%伤害降低效果，最多获得60%减伤；对带有噬魂蛊的目标，追踪半径提高1米, 空
4706, 飞雀夺怀·天罡, 6, 8, 150, 20000000, 专情：命中+7%, 飞雀夺怀命中多个敌人时，每额外攻击到一人，在6秒内获得12%伤害降低效果，最多获得60%减伤；对带有噬魂蛊的目标，追踪半径提高2米, 空
4707, 飞雀夺怀·天罡, 7, 12, 225, 24000000, 专情：命中+7.5%, 飞雀夺怀命中多个敌人时，每额外攻击到一人，在6秒内获得12%伤害降低效果，最多获得60%减伤；对带有噬魂蛊的目标，追踪半径提高4米, 空
4708, 飞雀夺怀·天罡, 8, 16, 3, 80000000, 专情：命中+8%, 飞雀夺怀命中多个敌人时，每额外攻击到一人，在6秒内获得12%伤害降低效果，最多获得60%减伤；对带有噬魂蛊的目标，追踪半径提高6米, 空
4709, 飞雀夺怀·天罡, 9, 20, 0, 0, 专情：命中+8%, 飞雀夺怀命中多个敌人时，每额外攻击到一人，在6秒内获得12%伤害降低效果，最多获得60%减伤；对带有噬魂蛊的目标，追踪半径提高8米, 改变五毒招式《飞雀夺怀》表现
4800, 断中流·长辛, 0, 0, 0, 0, 空, 空, 空
4801, 断中流·长辛, 1, 0, 30, 3200000, 专情：命中+3%, 断中流伤害提升3%, 空
4802, 断中流·长辛, 2, 1, 60, 5600000, 专情：命中+3.5%, 断中流伤害提升4%, 空
4803, 断中流·长辛, 3, 2, 90, 8000000, 专情：命中+4%, 断中流伤害提升5%, 空
4804, 断中流·长辛, 4, 3, 3, 12000000, 专情：命中+4.5%, 断中流伤害提升6%, 空
4805, 断中流·长辛, 5, 5, 75, 16000000, 专情：命中+6.5%, 断中流伤害提升10%, 空
4806, 断中流·长辛, 6, 8, 150, 20000000, 专情：命中+7%, 断中流伤害提升12%, 空
4807, 断中流·长辛, 7, 12, 225, 24000000, 专情：命中+7.5%, 断中流伤害提升14%, 空
4808, 断中流·长辛, 8, 16, 3, 80000000, 专情：命中+8%, 断中流伤害提升16%, 空
4809, 断中流·长辛, 9, 20, 0, 0, 专情：命中+8%, 断中流伤害提升18%, 改变神刀招式《断中流》表现
4900, 狂风刀·天罡, 0, 0, 0, 0, 空, 空, 空
4901, 狂风刀·天罡, 1, 0, 115, 4600000, 犀照：会心率+3%, 狂风刀伤害提升1%, 空
4902, 狂风刀·天罡, 2, 1, 225, 8050000, 犀照：会心率+3.5%, 狂风刀伤害提升2%, 空
4903, 狂风刀·天罡, 3, 2, 340, 11500000, 犀照：会心率+4%, 狂风刀伤害提升3%, 空
4904, 狂风刀·天罡, 4, 3, 5, 17300000, 犀照：会心率+4.5%, 狂风刀伤害提升4%, 空
4905, 狂风刀·天罡, 5, 5, 120, 23050000, 犀照：会心率+5%, 狂风刀伤害提升5%，释放过程中受到的伤害降低2%, 空
4906, 狂风刀·天罡, 6, 8, 240, 28800000, 犀照：会心率+5.5%, 狂风刀伤害提升6%，释放过程中受到的伤害降低4%, 空
4907, 狂风刀·天罡, 7, 12, 350, 34550000, 犀照：会心率+6%, 狂风刀伤害提升7%，释放过程中受到的伤害降低6%, 空
4908, 狂风刀·天罡, 8, 16, 5, 115200000, 犀照：会心率+6.5%, 狂风刀伤害提升8%，释放过程中受到的伤害降低8%, 空
4909, 狂风刀·天罡, 9, 20, 0, 0, 犀照：会心率+7%, 狂风刀伤害提升9%，释放过程中受到的伤害降低10%, 改变神刀招式《狂风刀》表现
5000, 踏浪斩·怀柔, 0, 0, 0, 0, 空, 空, 空
5001, 踏浪斩·怀柔, 1, 0, 15, 2000000, 屏月：格挡+3%, 踏浪斩命中近距离目标时会心几率提高10%, 空
5002, 踏浪斩·怀柔, 2, 1, 30, 3500000, 屏月：格挡+3.5%, 踏浪斩命中近距离目标时会心几率提高18%, 空
5003, 踏浪斩·怀柔, 3, 2, 45, 5000000, 屏月：格挡+4%, 踏浪斩命中近距离目标时会心几率提高26%, 空
5004, 踏浪斩·怀柔, 4, 3, 2, 7500000, 屏月：格挡+4.5%, 踏浪斩命中近距离目标时会心几率提高34%, 空
5005, 踏浪斩·怀柔, 5, 5, 50, 10000000, 屏月：格挡+6.5%, 踏浪斩命中近距离目标时会心几率提高50%, 空
5006, 踏浪斩·怀柔, 6, 8, 100, 12500000, 屏月：格挡+7%, 踏浪斩伤害提升5%，命中近距离目标时会心几率提高50%, 空
5007, 踏浪斩·怀柔, 7, 12, 150, 15000000, 屏月：格挡+7.5%, 踏浪斩伤害提升10%，命中近距离目标时会心几率提高50%, 空
5008, 踏浪斩·怀柔, 8, 16, 2, 50000000, 屏月：格挡+8%, 踏浪斩伤害提升15%，命中近距离目标时会心几率提高50%, 空
5009, 踏浪斩·怀柔, 9, 20, 0, 0, 屏月：格挡+8%, 踏浪斩伤害提升20%，命中近距离目标时会心几率提高50%, 改变神刀招式《踏浪斩》表现
5100, 天地风火·追月, 0, 0, 0, 0, 空, 空, 空
5101, 天地风火·追月, 1, 0, 90, 3850000, 长鸿：韧劲+2%, 天地风火伤害提升1%, 空
5102, 天地风火·追月, 2, 1, 180, 6700000, 长鸿：韧劲+2.5%, 天地风火伤害提升2%, 空
5103, 天地风火·追月, 3, 2, 270, 9600000, 长鸿：韧劲+3%, 天地风火伤害提升3%, 空
5104, 天地风火·追月, 4, 3, 4, 14400000, 长鸿：韧劲+3.5%, 天地风火伤害提升4%, 空
5105, 天地风火·追月, 5, 5, 95, 19200000, 长鸿：韧劲+4%, 天地风火伤害提升5%，释放过程中受到的伤害降低2%, 空
5106, 天地风火·追月, 6, 8, 190, 24000000, 长鸿：韧劲+4.5%, 天地风火伤害提升6%，释放过程中受到的伤害降低4%, 空
5107, 天地风火·追月, 7, 12, 280, 28800000, 长鸿：韧劲+5%, 天地风火伤害提升7%，释放过程中受到的伤害降低6%, 空
5108, 天地风火·追月, 8, 16, 4, 96000000, 长鸿：韧劲+5.5%, 天地风火伤害提升8%，释放过程中受到的伤害降低8%, 空
5109, 天地风火·追月, 9, 20, 0, 0, 长鸿：韧劲+6%, 天地风火伤害提升9%，释放过程中受到的伤害降低10%, 改变神刀招式《天地风火》表现
700, , 0, 0, 0, 0, 空, 空, 空
701, 精纯冶玲珑, 1, 0, 0, 0, 空, 空, 空
800, , 0, 0, 0, 0, 空, 空, 空
801, 劫火冶玲珑, 1, 0, 0, 0, 空, 空, 空
900, , 0, 0, 0, 0, 空, 空, 空
901, 玲珑心·壹, 1, 0, 0, 0, 空, 空, 空
1000, , 0, 0, 0, 0, 空, 空, 空
1001, 玲珑心·贰, 1, 0, 0, 0, 空, 空, 空
1100, , 0, 0, 0, 0, 空, 空, 空
1101, 精纯冶玲珑·上衣, 1, 0, 0, 0, 空, 空, 空
1200, , 0, 0, 0, 0, 空, 空, 空
1201, 玲珑心·壹·上衣, 1, 0, 0, 0, 空, 空, 空
5200, 风雷一剑·长辛, 0, 0, 0, 0, 空, 空, 空
5201, 风雷一剑·长辛, 1, 0, 135, 5050000, 秋水：气血上限+400, 风雷一剑伤害增加0.5%, 空
5202, 风雷一剑·长辛, 2, 1, 270, 8850000, 秋水：气血上限+450, 风雷一剑伤害增加1%, 空
5203, 风雷一剑·长辛, 3, 2, 405, 12650000, 秋水：气血上限+500, 风雷一剑伤害增加1.5%, 空
5204, 风雷一剑·长辛, 4, 3, 6, 19000000, 秋水：气血上限+600, 风雷一剑伤害增加2%, 空
5205, 风雷一剑·长辛, 5, 5, 130, 25350000, 秋水：气血上限+700, 风雷一剑伤害增加2.5%, 空
5206, 风雷一剑·长辛, 6, 8, 260, 31650000, 秋水：气血上限+800, 风雷一剑伤害增加3%, 空
5207, 风雷一剑·长辛, 7, 12, 385, 38000000, 秋水：气血上限+850, 风雷一剑伤害增加3.5%, 空
5208, 风雷一剑·长辛, 8, 16, 6, 126700000, 秋水：气血上限+900, 风雷一剑伤害增加4%, 空
5209, 风雷一剑·长辛, 9, 20, 0, 0, 秋水：气血上限+900, 风雷一剑伤害增加4.5%, 改变太白招式《风雷一剑》表现
5300, 天峰五云剑·长辛, 0, 0, 0, 0, 空, 空, 空
5301, 天峰五云剑·长辛, 1, 0, 165, 5550000, 贯日：外功攻击+50, 天峰五云剑伤害增加1%, 空
5302, 天峰五云剑·长辛, 2, 1, 335, 9700000, 贯日：外功攻击+60, 天峰五云剑伤害增加2%, 空
5303, 天峰五云剑·长辛, 3, 2, 505, 13900000, 贯日：外功攻击+65, 天峰五云剑伤害增加3%, 空
5304, 天峰五云剑·长辛, 4, 3, 7, 20900000, 贯日：外功攻击+75, 天峰五云剑伤害增加4%, 空
5305, 天峰五云剑·长辛, 5, 5, 140, 27850000, 贯日：外功攻击+90, 天峰五云剑伤害增加5%, 空
5306, 天峰五云剑·长辛, 6, 8, 285, 34800000, 贯日：外功攻击+100, 天峰五云剑伤害增加6%, 空
5307, 天峰五云剑·长辛, 7, 12, 420, 41800000, 贯日：外功攻击+110, 天峰五云剑伤害增加7%, 空
5308, 天峰五云剑·长辛, 8, 16, 6, 139350000, 贯日：外功攻击+115, 天峰五云剑伤害增加8%, 空
5309, 天峰五云剑·长辛, 9, 20, 0, 0, 贯日：外功攻击+115, 天峰五云剑伤害增加9%, 改变太白招式《天峰五云剑》表现
5400, 烈风枪·长辛, 0, 0, 0, 0, 空, 空, 空
5401, 烈风枪·长辛, 1, 0, 135, 5050000, 秋水：气血上限+400, 烈风枪及烈风枪追加断龙枪伤害提升0.5%, 空
5402, 烈风枪·长辛, 2, 1, 270, 8850000, 秋水：气血上限+450, 烈风枪及烈风枪追加断龙枪伤害提升1%, 空
5403, 烈风枪·长辛, 3, 2, 405, 12650000, 秋水：气血上限+500, 烈风枪及烈风枪追加断龙枪伤害提升1.5%, 空
5404, 烈风枪·长辛, 4, 3, 6, 19000000, 秋水：气血上限+600, 烈风枪及烈风枪追加断龙枪伤害提升2%, 空
5405, 烈风枪·长辛, 5, 5, 130, 25350000, 秋水：气血上限+700, 烈风枪及烈风枪追加断龙枪伤害提升2.5%, 空
5406, 烈风枪·长辛, 6, 8, 260, 31650000, 秋水：气血上限+800, 烈风枪及烈风枪追加断龙枪伤害提升3%, 空
5407, 烈风枪·长辛, 7, 12, 385, 38000000, 秋水：气血上限+850, 烈风枪及烈风枪追加断龙枪伤害提升3.5%, 空
5408, 烈风枪·长辛, 8, 16, 6, 126700000, 秋水：气血上限+900, 烈风枪及烈风枪追加断龙枪伤害提升4%, 空
5409, 烈风枪·长辛, 9, 20, 0, 0, 秋水：气血上限+900, 烈风枪及烈风枪追加断龙枪伤害提升4.5%, 改变神威招式《烈风枪》表现
5500, 云龙五现·长辛, 0, 0, 0, 0, 空, 空, 空
5501, 云龙五现·长辛, 1, 0, 165, 5550000, 贯日：外功攻击+50, 云龙五现伤害提升1%, 空
5502, 云龙五现·长辛, 2, 1, 335, 9700000, 贯日：外功攻击+60, 云龙五现伤害提升2%, 空
5503, 云龙五现·长辛, 3, 2, 505, 13900000, 贯日：外功攻击+65, 云龙五现伤害提升3%, 空
5504, 云龙五现·长辛, 4, 3, 7, 20900000, 贯日：外功攻击+75, 云龙五现伤害提升4%, 空
5505, 云龙五现·长辛, 5, 5, 140, 27850000, 贯日：外功攻击+90, 云龙五现伤害提升5%, 空
5506, 云龙五现·长辛, 6, 8, 285, 34800000, 贯日：外功攻击+100, 云龙五现伤害提升6%, 空
5507, 云龙五现·长辛, 7, 12, 420, 41800000, 贯日：外功攻击+110, 云龙五现伤害提升7%, 空
5508, 云龙五现·长辛, 8, 16, 6, 139350000, 贯日：外功攻击+115, 云龙五现伤害提升8%, 空
5509, 云龙五现·长辛, 9, 20, 0, 0, 贯日：外功攻击+115, 云龙五现伤害提升9%, 改变神威招式《云龙五现》表现
5600, 奔雷拳·长辛, 0, 0, 0, 0, 空, 空, 空
5601, 奔雷拳·长辛, 1, 0, 135, 5050000, 秋水：气血上限+400, 奔雷拳伤害提升1%, 空
5602, 奔雷拳·长辛, 2, 1, 270, 8850000, 秋水：气血上限+450, 奔雷拳伤害提升2%, 空
5603, 奔雷拳·长辛, 3, 2, 405, 12650000, 秋水：气血上限+500, 奔雷拳伤害提升3%, 空
5604, 奔雷拳·长辛, 4, 3, 6, 19000000, 秋水：气血上限+600, 奔雷拳伤害提升4%, 空
5605, 奔雷拳·长辛, 5, 5, 130, 25350000, 秋水：气血上限+700, 奔雷拳伤害提升5%, 空
5606, 奔雷拳·长辛, 6, 8, 260, 31650000, 秋水：气血上限+800, 奔雷拳伤害提升6%, 空
5607, 奔雷拳·长辛, 7, 12, 385, 38000000, 秋水：气血上限+850, 奔雷拳伤害提升7%, 空
5608, 奔雷拳·长辛, 8, 16, 6, 126700000, 秋水：气血上限+900, 奔雷拳伤害提升8%, 空
5609, 奔雷拳·长辛, 9, 20, 0, 0, 秋水：气血上限+900, 奔雷拳伤害提升9%, 改变丐帮招式《奔雷拳》表现
5700, 龙吟三破·长辛, 0, 0, 0, 0, 空, 空, 空
5701, 龙吟三破·长辛, 1, 0, 165, 5550000, 贯日：外功攻击+50, 龙吟三破伤害提升1%, 空
5702, 龙吟三破·长辛, 2, 1, 335, 9700000, 贯日：外功攻击+60, 龙吟三破伤害提升2%, 空
5703, 龙吟三破·长辛, 3, 2, 505, 13900000, 贯日：外功攻击+65, 龙吟三破伤害提升3%, 空
5704, 龙吟三破·长辛, 4, 3, 7, 20900000, 贯日：外功攻击+75, 龙吟三破伤害提升4%, 空
5705, 龙吟三破·长辛, 5, 5, 140, 27850000, 贯日：外功攻击+90, 龙吟三破伤害提升5%, 空
5706, 龙吟三破·长辛, 6, 8, 285, 34800000, 贯日：外功攻击+100, 龙吟三破伤害提升6%, 空
5707, 龙吟三破·长辛, 7, 12, 420, 41800000, 贯日：外功攻击+110, 龙吟三破伤害提升7%, 空
5708, 龙吟三破·长辛, 8, 16, 6, 139350000, 贯日：外功攻击+115, 龙吟三破伤害提升8%, 空
5709, 龙吟三破·长辛, 9, 20, 0, 0, 贯日：外功攻击+115, 龙吟三破伤害提升9%, 改变丐帮招式《龙吟三破》表现
5800, 风花饮月·长辛, 0, 0, 0, 0, 空, 空, 空
5801, 风花饮月·长辛, 1, 0, 135, 5050000, 秋水：气血上限+400, 风花饮月伤害提升0.5%, 空
5802, 风花饮月·长辛, 2, 1, 270, 8850000, 秋水：气血上限+450, 风花饮月伤害提升1%, 空
5803, 风花饮月·长辛, 3, 2, 405, 12650000, 秋水：气血上限+500, 风花饮月伤害提升1.5%, 空
5804, 风花饮月·长辛, 4, 3, 6, 19000000, 秋水：气血上限+600, 风花饮月伤害提升2%, 空
5805, 风花饮月·长辛, 5, 5, 130, 25350000, 秋水：气血上限+700, 风花饮月伤害提升2.5%, 空
5806, 风花饮月·长辛, 6, 8, 260, 31650000, 秋水：气血上限+800, 风花饮月伤害提升3%, 空
5807, 风花饮月·长辛, 7, 12, 385, 38000000, 秋水：气血上限+850, 风花饮月伤害提升3.5%, 空
5808, 风花饮月·长辛, 8, 16, 6, 126700000, 秋水：气血上限+900, 风花饮月伤害提升4%, 空
5809, 风花饮月·长辛, 9, 20, 0, 0, 秋水：气血上限+900, 风花饮月伤害提升4.5%, 改变唐门招式《风花饮月》表现
5900, 星雨飞花·长辛, 0, 0, 0, 0, 空, 空, 空
5901, 星雨飞花·长辛, 1, 0, 165, 5550000, 贯日：外功攻击+50, 星雨飞花伤害提升1%, 空
5902, 星雨飞花·长辛, 2, 1, 335, 9700000, 贯日：外功攻击+60, 星雨飞花伤害提升2%, 空
5903, 星雨飞花·长辛, 3, 2, 505, 13900000, 贯日：外功攻击+65, 星雨飞花伤害提升3%, 空
5904, 星雨飞花·长辛, 4, 3, 7, 20900000, 贯日：外功攻击+75, 星雨飞花伤害提升4%, 空
5905, 星雨飞花·长辛, 5, 5, 140, 27850000, 贯日：外功攻击+90, 星雨飞花伤害提升5%, 空
5906, 星雨飞花·长辛, 6, 8, 285, 34800000, 贯日：外功攻击+100, 星雨飞花伤害提升6%, 空
5907, 星雨飞花·长辛, 7, 12, 420, 41800000, 贯日：外功攻击+110, 星雨飞花伤害提升7%, 空
5908, 星雨飞花·长辛, 8, 16, 6, 139350000, 贯日：外功攻击+115, 星雨飞花伤害提升8%, 空
5909, 星雨飞花·长辛, 9, 20, 0, 0, 贯日：外功攻击+115, 星雨飞花伤害提升9%, 改变唐门招式《星雨飞花》表现
6000, 归玄·地煞, 0, 0, 0, 0, 空, 空, 空
6001, 归玄·地煞, 1, 0, 135, 5050000, 秋水：气血上限+400, 归玄命中敌人后降低外攻防御1%持续6秒, 空
6002, 归玄·地煞, 2, 1, 270, 8850000, 秋水：气血上限+450, 归玄命中敌人后降低外攻防御2%持续6秒, 空
6003, 归玄·地煞, 3, 2, 405, 12650000, 秋水：气血上限+500, 归玄命中敌人后降低外攻防御3%持续6秒, 空
6004, 归玄·地煞, 4, 3, 6, 19000000, 秋水：气血上限+600, 归玄命中敌人后降低外攻防御4%持续6秒, 空
6005, 归玄·地煞, 5, 5, 130, 25350000, 秋水：气血上限+700, 归玄命中敌人后降低外攻防御5%持续6秒, 空
6006, 归玄·地煞, 6, 8, 260, 31650000, 秋水：气血上限+800, 归玄命中敌人后降低外攻防御6%持续6秒, 空
6007, 归玄·地煞, 7, 12, 385, 38000000, 秋水：气血上限+850, 归玄命中敌人后降低外攻防御7%持续6秒, 空
6008, 归玄·地煞, 8, 16, 6, 126700000, 秋水：气血上限+900, 归玄命中敌人后降低外攻防御8%持续6秒, 空
6009, 归玄·地煞, 9, 20, 0, 0, 秋水：气血上限+900, 归玄命中敌人后降低外攻防御9%持续6秒, 改变真武招式《归玄》表现
6100, 离渊·地煞, 0, 0, 0, 0, 空, 空, 空
6101, 离渊·地煞, 1, 0, 165, 5550000, 贯日：外功攻击+50, 离渊命中敌人后降低外攻防御1%持续6秒, 空
6102, 离渊·地煞, 2, 1, 335, 9700000, 贯日：外功攻击+60, 离渊命中敌人后降低外攻防御2%持续6秒, 空
6103, 离渊·地煞, 3, 2, 505, 13900000, 贯日：外功攻击+65, 离渊命中敌人后降低外攻防御3%持续6秒, 空
6104, 离渊·地煞, 4, 3, 7, 20900000, 贯日：外功攻击+75, 离渊命中敌人后降低外攻防御4%持续6秒, 空
6105, 离渊·地煞, 5, 5, 140, 27850000, 贯日：外功攻击+90, 离渊命中敌人后降低外攻防御5%持续6秒, 空
6106, 离渊·地煞, 6, 8, 285, 34800000, 贯日：外功攻击+100, 离渊命中敌人后降低外攻防御6%持续6秒, 空
6107, 离渊·地煞, 7, 12, 420, 41800000, 贯日：外功攻击+110, 离渊命中敌人后降低外攻防御7%持续6秒, 空
6108, 离渊·地煞, 8, 16, 6, 139350000, 贯日：外功攻击+115, 离渊命中敌人后降低外攻防御8%持续6秒, 空
6109, 离渊·地煞, 9, 20, 0, 0, 贯日：外功攻击+115, 离渊命中敌人后降低外攻防御9%持续6秒, 改变真武招式《离渊》表现
6200, 绝命伞·长辛, 0, 0, 0, 0, 空, 空, 空
6201, 绝命伞·长辛, 1, 0, 135, 5050000, 秋水：气血上限+400, 绝命伞伤害提升0.5%, 空
6202, 绝命伞·长辛, 2, 1, 270, 8850000, 秋水：气血上限+450, 绝命伞伤害提升1%, 空
6203, 绝命伞·长辛, 3, 2, 405, 12650000, 秋水：气血上限+500, 绝命伞伤害提升1.5%, 空
6204, 绝命伞·长辛, 4, 3, 6, 19000000, 秋水：气血上限+600, 绝命伞伤害提升2%, 空
6205, 绝命伞·长辛, 5, 5, 130, 25350000, 秋水：气血上限+700, 绝命伞伤害提升2.5%, 空
6206, 绝命伞·长辛, 6, 8, 260, 31650000, 秋水：气血上限+800, 绝命伞伤害提升3%, 空
6207, 绝命伞·长辛, 7, 12, 385, 38000000, 秋水：气血上限+850, 绝命伞伤害提升3.5%, 空
6208, 绝命伞·长辛, 8, 16, 6, 126700000, 秋水：气血上限+900, 绝命伞伤害提升4%, 空
6209, 绝命伞·长辛, 9, 20, 0, 0, 秋水：气血上限+900, 绝命伞伤害提升4.5%, 改变天香招式《绝命伞》表现
6300, 琴心三叠·长辛, 0, 0, 0, 0, 空, 空, 空
6301, 琴心三叠·长辛, 1, 0, 165, 5550000, 贯日：外功攻击+50, 琴心三叠伤害提升1%, 空
6302, 琴心三叠·长辛, 2, 1, 335, 9700000, 贯日：外功攻击+60, 琴心三叠伤害提升2%, 空
6303, 琴心三叠·长辛, 3, 2, 505, 13900000, 贯日：外功攻击+65, 琴心三叠伤害提升3%, 空
6304, 琴心三叠·长辛, 4, 3, 7, 20900000, 贯日：外功攻击+75, 琴心三叠伤害提升4%, 空
6305, 琴心三叠·长辛, 5, 5, 140, 27850000, 贯日：外功攻击+90, 琴心三叠伤害提升5%, 空
6306, 琴心三叠·长辛, 6, 8, 285, 34800000, 贯日：外功攻击+100, 琴心三叠伤害提升6%, 空
6307, 琴心三叠·长辛, 7, 12, 420, 41800000, 贯日：外功攻击+110, 琴心三叠伤害提升7%, 空
6308, 琴心三叠·长辛, 8, 16, 6, 139350000, 贯日：外功攻击+115, 琴心三叠伤害提升8%, 空
6309, 琴心三叠·长辛, 9, 20, 0, 0, 贯日：外功攻击+115, 琴心三叠伤害提升9%, 改变天香招式《琴心三叠》表现
6400, 狂风追命·长辛, 0, 0, 0, 0, 空, 空, 空
6401, 狂风追命·长辛, 1, 0, 135, 5050000, 秋水：气血上限+400, 狂蜂追命伤害提升0.5%, 空
6402, 狂风追命·长辛, 2, 1, 270, 8850000, 秋水：气血上限+450, 狂蜂追命伤害提升1%, 空
6403, 狂风追命·长辛, 3, 2, 405, 12650000, 秋水：气血上限+500, 狂蜂追命伤害提升1.5%, 空
6404, 狂风追命·长辛, 4, 3, 6, 19000000, 秋水：气血上限+600, 狂蜂追命伤害提升2%, 空
6405, 狂风追命·长辛, 5, 5, 130, 25350000, 秋水：气血上限+700, 狂蜂追命伤害提升2.5%, 空
6406, 狂风追命·长辛, 6, 8, 260, 31650000, 秋水：气血上限+800, 狂蜂追命伤害提升3%, 空
6407, 狂风追命·长辛, 7, 12, 385, 38000000, 秋水：气血上限+850, 狂蜂追命伤害提升3.5%, 空
6408, 狂风追命·长辛, 8, 16, 6, 126700000, 秋水：气血上限+900, 狂蜂追命伤害提升4%, 空
6409, 狂风追命·长辛, 9, 20, 0, 0, 秋水：气血上限+900, 狂蜂追命伤害提升4.5%, 改变五毒招式《狂风追命》表现
6500, 凤凰决杀·长辛, 0, 0, 0, 0, 空, 空, 空
6501, 凤凰决杀·长辛, 1, 0, 165, 5550000, 贯日：外功攻击+50, 凤凰决杀伤害提升1%, 空
6502, 凤凰决杀·长辛, 2, 1, 335, 9700000, 贯日：外功攻击+60, 凤凰决杀伤害提升2%, 空
6503, 凤凰决杀·长辛, 3, 2, 505, 13900000, 贯日：外功攻击+65, 凤凰决杀伤害提升3%, 空
6504, 凤凰决杀·长辛, 4, 3, 7, 20900000, 贯日：外功攻击+75, 凤凰决杀伤害提升4%, 空
6505, 凤凰决杀·长辛, 5, 5, 140, 27850000, 贯日：外功攻击+90, 凤凰决杀伤害提升5%, 空
6506, 凤凰决杀·长辛, 6, 8, 285, 34800000, 贯日：外功攻击+100, 凤凰决杀伤害提升6%, 空
6507, 凤凰决杀·长辛, 7, 12, 420, 41800000, 贯日：外功攻击+110, 凤凰决杀伤害提升7%, 空
6508, 凤凰决杀·长辛, 8, 16, 6, 139350000, 贯日：外功攻击+115, 凤凰决杀伤害提升8%, 空
6509, 凤凰决杀·长辛, 9, 20, 0, 0, 贯日：外功攻击+115, 凤凰决杀伤害提升9%, 改变五毒招式《凤凰决杀》表现
6600, 鹰击长空·长辛, 0, 0, 0, 0, 空, 空, 空
6601, 鹰击长空·长辛, 1, 0, 135, 5050000, 秋水：气血上限+400, 鹰击长空伤害提升0.5%, 空
6602, 鹰击长空·长辛, 2, 1, 270, 8850000, 秋水：气血上限+450, 鹰击长空伤害提升1%, 空
6603, 鹰击长空·长辛, 3, 2, 405, 12650000, 秋水：气血上限+500, 鹰击长空伤害提升1.5%, 空
6604, 鹰击长空·长辛, 4, 3, 6, 19000000, 秋水：气血上限+600, 鹰击长空伤害提升2%, 空
6605, 鹰击长空·长辛, 5, 5, 130, 25350000, 秋水：气血上限+700, 鹰击长空伤害提升2.5%, 空
6606, 鹰击长空·长辛, 6, 8, 260, 31650000, 秋水：气血上限+800, 鹰击长空伤害提升3%, 空
6607, 鹰击长空·长辛, 7, 12, 385, 38000000, 秋水：气血上限+850, 鹰击长空伤害提升3.5%, 空
6608, 鹰击长空·长辛, 8, 16, 6, 126700000, 秋水：气血上限+900, 鹰击长空伤害提升4%, 空
6609, 鹰击长空·长辛, 9, 20, 0, 0, 秋水：气血上限+900, 鹰击长空伤害提升4.5%, 改变神刀招式《鹰击长空》表现
6700, 斩血海·长辛, 0, 0, 0, 0, 空, 空, 空
6701, 斩血海·长辛, 1, 0, 165, 5550000, 贯日：外功攻击+50, 斩血海伤害提升1%, 空
6702, 斩血海·长辛, 2, 1, 335, 9700000, 贯日：外功攻击+60, 斩血海伤害提升2%, 空
6703, 斩血海·长辛, 3, 2, 505, 13900000, 贯日：外功攻击+65, 斩血海伤害提升3%, 空
6704, 斩血海·长辛, 4, 3, 7, 20900000, 贯日：外功攻击+75, 斩血海伤害提升4%, 空
6705, 斩血海·长辛, 5, 5, 140, 27850000, 贯日：外功攻击+90, 斩血海伤害提升5%, 空
6706, 斩血海·长辛, 6, 8, 285, 34800000, 贯日：外功攻击+100, 斩血海伤害提升6%, 空
6707, 斩血海·长辛, 7, 12, 420, 41800000, 贯日：外功攻击+110, 斩血海伤害提升7%, 空
6708, 斩血海·长辛, 8, 16, 6, 139350000, 贯日：外功攻击+115, 斩血海伤害提升8%, 空
6709, 斩血海·长辛, 9, 20, 0, 0, 贯日：外功攻击+115, 斩血海伤害提升9%, 改变神刀招式《斩血海》表现
6800, 漱玉诀·劲松, 0, 0, 0, 0, 空, 空, 空
6801, 漱玉诀·劲松, 1, 0, 15, 2000000, 屏月：格挡+3%, 漱玉诀宽度增加1%, 空
6802, 漱玉诀·劲松, 2, 1, 30, 3500000, 屏月：格挡+3.5%, 漱玉诀宽度增加2%, 空
6803, 漱玉诀·劲松, 3, 2, 45, 5000000, 屏月：格挡+4%, 漱玉诀宽度增加3%, 空
6804, 漱玉诀·劲松, 4, 3, 2, 7500000, 屏月：格挡+4.5%, 漱玉诀宽度增加4%, 空
6805, 漱玉诀·劲松, 5, 5, 50, 10000000, 屏月：格挡+6.5%, 漱玉诀宽度增加5%，命中目标时，有20%几率减少移花接玉0.5秒调息时间, 空
6806, 漱玉诀·劲松, 6, 8, 100, 12500000, 屏月：格挡+7%, 漱玉诀宽度增加6%，命中目标时，有20%几率减少移花接玉1秒调息时间, 空
6807, 漱玉诀·劲松, 7, 12, 150, 15000000, 屏月：格挡+7.5%, 漱玉诀宽度增加7%，命中目标时，有20%几率减少移花接玉1.5秒调息时间, 空
6808, 漱玉诀·劲松, 8, 16, 2, 50000000, 屏月：格挡+8%, 漱玉诀宽度增加8%，命中目标时，有20%几率减少移花接玉2秒调息时间, 空
6809, 漱玉诀·劲松, 9, 20, 0, 0, 屏月：格挡+8%, 漱玉诀宽度增加9%，命中目标时，有20%几率减少移花接玉2.5秒调息时间, 改变移花招式《漱玉诀》表现
6900, 天地醉心·观复, 0, 0, 0, 0, 空, 空, 空
6901, 天地醉心·观复, 1, 0, 30, 3200000, 专情：命中+3%, 天地醉心调息时间减少0.5秒, 空
6902, 天地醉心·观复, 2, 1, 60, 5600000, 专情：命中+3.5%, 天地醉心调息时间减少1.0秒, 空
6903, 天地醉心·观复, 3, 2, 90, 8000000, 专情：命中+4%, 天地醉心调息时间减少1.5秒, 空
6904, 天地醉心·观复, 4, 3, 3, 12000000, 专情：命中+4.5%, 天地醉心调息时间减少2.0秒, 空
6905, 天地醉心·观复, 5, 5, 75, 16000000, 专情：命中+6.5%, 天地醉心调息时间减少2.5秒, 空
6906, 天地醉心·观复, 6, 8, 150, 20000000, 专情：命中+7%, 天地醉心调息时间减少3.0秒, 空
6907, 天地醉心·观复, 7, 12, 225, 24000000, 专情：命中+7.5%, 天地醉心调息时间减少3.5秒, 空
6908, 天地醉心·观复, 8, 16, 3, 80000000, 专情：命中+8%, 天地醉心调息时间减少4.0秒, 空
6909, 天地醉心·观复, 9, 20, 0, 0, 专情：命中+8%, 天地醉心调息时间减少4.5秒, 改变移花招式《天地醉心》表现
7000, 裁玉三问·长辛, 0, 0, 0, 0, 空, 空, 空
7001, 裁玉三问·长辛, 1, 0, 90, 3850000, 长鸿：韧劲+2%, 裁玉三问伤害增加1%, 空
7002, 裁玉三问·长辛, 2, 1, 180, 6700000, 长鸿：韧劲+2.5%, 裁玉三问伤害增加2%, 空
7003, 裁玉三问·长辛, 3, 2, 270, 9600000, 长鸿：韧劲+3%, 裁玉三问伤害增加3%, 空
7004, 裁玉三问·长辛, 4, 3, 4, 14400000, 长鸿：韧劲+3.5%, 裁玉三问伤害增加4%, 空
7005, 裁玉三问·长辛, 5, 5, 95, 19200000, 长鸿：韧劲+4%, 裁玉三问伤害增加5%, 空
7006, 裁玉三问·长辛, 6, 8, 190, 24000000, 长鸿：韧劲+4.5%, 裁玉三问伤害增加6%, 空
7007, 裁玉三问·长辛, 7, 12, 280, 28800000, 长鸿：韧劲+5%, 裁玉三问伤害增加7%, 空
7008, 裁玉三问·长辛, 8, 16, 4, 96000000, 长鸿：韧劲+5.5%, 裁玉三问伤害增加8%, 空
7009, 裁玉三问·长辛, 9, 20, 0, 0, 长鸿：韧劲+6%, 裁玉三问伤害增加9%, 改变移花招式《裁玉三问》表现
7100, 大音希声·长辛, 0, 0, 0, 0, 空, 空, 空
7101, 大音希声·长辛, 1, 0, 115, 4600000, 犀照：会心率+3%, 大音希声伤害提升1%, 空
7102, 大音希声·长辛, 2, 1, 225, 8050000, 犀照：会心率+3.5%, 大音希声伤害提升2%, 空
7103, 大音希声·长辛, 3, 2, 340, 11500000, 犀照：会心率+4%, 大音希声伤害提升3%, 空
7104, 大音希声·长辛, 4, 3, 5, 17300000, 犀照：会心率+4.5%, 大音希声伤害提升4%, 空
7105, 大音希声·长辛, 5, 5, 120, 23050000, 犀照：会心率+5%, 大音希声伤害提升5%，最后一段命中目标时，有50%几率回复自身10点玉灵, 空
7106, 大音希声·长辛, 6, 8, 240, 28800000, 犀照：会心率+5.5%, 大音希声伤害提升5%，最后一段命中目标时，有60%几率回复自身10点玉灵, 空
7107, 大音希声·长辛, 7, 12, 350, 34550000, 犀照：会心率+6%, 大音希声伤害提升5%，最后一段命中目标时，有70%几率回复自身10点玉灵, 空
7108, 大音希声·长辛, 8, 16, 5, 115200000, 犀照：会心率+6.5%, 大音希声伤害提升5%，最后一段命中目标时，有80%几率回复自身10点玉灵, 空
7109, 大音希声·长辛, 9, 20, 0, 0, 犀照：会心率+7%, 大音希声伤害提升5%，最后一段命中目标时，有90%几率回复自身10点玉灵, 改变移花招式《大音希声》表现
7200, 花杀一念·长辛, 0, 0, 0, 0, 空, 空, 空
7201, 花杀一念·长辛, 1, 0, 135, 5050000, 秋水：气血上限+400, 花杀一念伤害增加0.5%, 空
7202, 花杀一念·长辛, 2, 1, 270, 8850000, 秋水：气血上限+450, 花杀一念伤害增加1%, 空
7203, 花杀一念·长辛, 3, 2, 405, 12650000, 秋水：气血上限+500, 花杀一念伤害增加1.5%, 空
7204, 花杀一念·长辛, 4, 3, 6, 19000000, 秋水：气血上限+600, 花杀一念伤害增加2%, 空
7205, 花杀一念·长辛, 5, 5, 130, 25350000, 秋水：气血上限+700, 花杀一念伤害增加2.5%, 空
7206, 花杀一念·长辛, 6, 8, 260, 31650000, 秋水：气血上限+800, 花杀一念伤害增加3%, 空
7207, 花杀一念·长辛, 7, 12, 385, 38000000, 秋水：气血上限+850, 花杀一念伤害增加3.5%, 空
7208, 花杀一念·长辛, 8, 16, 6, 126700000, 秋水：气血上限+900, 花杀一念伤害增加4%, 空
7209, 花杀一念·长辛, 9, 20, 0, 0, 秋水：气血上限+900, 花杀一念伤害增加4.5%, 改变移花招式《花杀一念》表现
7300, 五蕴昭华·长辛, 0, 0, 0, 0, 空, 空, 空
7301, 五蕴昭华·长辛, 1, 0, 165, 5550000, 贯日：外功攻击+50, 五韵昭华伤害增加1%, 空
7302, 五蕴昭华·长辛, 2, 1, 335, 9700000, 贯日：外功攻击+60, 五韵昭华伤害增加2%, 空
7303, 五蕴昭华·长辛, 3, 2, 505, 13900000, 贯日：外功攻击+65, 五韵昭华伤害增加3%, 空
7304, 五蕴昭华·长辛, 4, 3, 7, 20900000, 贯日：外功攻击+75, 五韵昭华伤害增加4%, 空
7305, 五蕴昭华·长辛, 5, 5, 140, 27850000, 贯日：外功攻击+90, 五韵昭华伤害增加5%, 空
7306, 五蕴昭华·长辛, 6, 8, 285, 34800000, 贯日：外功攻击+100, 五韵昭华伤害增加6%, 空
7307, 五蕴昭华·长辛, 7, 12, 420, 41800000, 贯日：外功攻击+110, 五韵昭华伤害增加7%, 空
7308, 五蕴昭华·长辛, 8, 16, 6, 139350000, 贯日：外功攻击+115, 五韵昭华伤害增加8%, 空
7309, 五蕴昭华·长辛, 9, 20, 0, 0, 贯日：外功攻击+115, 五韵昭华伤害增加9%, 改变移花招式《五蕴昭华》表现
