iRecipeId,szRecipeName,szRecipeDescInf,enRecipeType,map,iRecipeLevel,iUnlockProf,shulianCount,enMaterialUseTypeArray,iMaterialIDArray,iMaterialNumArray,iMainFoodLimit,iMeatLimit,iVegetableLimit,iFishLimit,iAquaticLimit,iEggLimit,iFruitLimit,iSpecialLimit,iCostVitality,iProductId,iProductNum,fCriticalRate,iCriticalProductId,iCriticalProductNum,z1,
1, 菜包子, 白白胖胖的菜包子，清香可口。\n<br>新鲜的青菜切成馅儿，沥水，拌上香油，和上葱姜蒜末去除土腥气，再加酱油白糖醋等调料入味。包子皮膨松软白，记得包出更多漂亮的褶，上笼蒸熟就可以开吃了。\n\n, 1, 12, 0, 2, 10, 0$$ 1$$ 2$$ 2, 2210001$$ 2210031$$ 2210034$$ 2210039, 1$$ 1$$ 1$$ 1, 1, 0, 2, 0, 0, 0, 0, 0, 130, 2220001, 1, 0.0, 0, 0, 1101000, 
2, 肉包子, 肉包子最管饱。\n<br>肥瘦相间的猪肉是做馅的好材料，蒸出来的包子里还有鲜香的肉汁，混进松软的面皮里，热气腾腾，冬天里吃来最过瘾。\n\n, 1, 12, 0, 1, 5, 0$$ 1$$ 2$$ 2, 2210001$$ 2210005$$ 2210034$$ 2210039, 1$$ 1$$ 1$$ 1, 1, 2, 0, 0, 0, 0, 0, 0, 120, 2220002, 1, 0.0, 0, 0, 1101001, 
3, 饺子, 好吃不如饺子。\n<br>猪肉与青菜的比例适当，饺子皮外圈薄而中间厚，包好的饺子可以踏实地立而不倒，像一个个小元宝。\n吃的时候最好蘸上香醋，一口一个。\n, 1, 12, 0, 2, 10, 0$$ 1$$ 1$$ 2, 2210001$$ 2210005$$ 2210031$$ 2210034, 1$$ 1$$ 1$$ 1, 0, 1, 1, 0, 0, 1, 0, 0, 130, 2220003, 1, 0.0, 0, 0, 1201002, 
4, 煎饼果子, 深受江湖人士喜爱的一道美食。\n<br>一张香喷喷的薄饼，摊上黄灿灿的鸡蛋，放上脆脆的小面块儿，再刷一层浓香酱汁，趁热一卷，美味到手。\n, 1, 4, 0, 1, 5, 0$$ 0$$ 0$$ 2, 2210001$$ 2210004$$ 2210039$$ 2210034, 1$$ 1$$ 1$$ 1, 0, 0, 0, 0, 0, 0, 0, 0, 120, 2220004, 1, 0.0, 0, 0, 3001003, 
5, 罗汉素面, 上好的斋面。\n<br>一根根面条细细长长，最能沁染汤汁鲜美。\n香菇汤汇聚珍味，滴两滴香油，细面下汤，清淡可口。\n\n, 1, 12, 2, 7, 20, 0$$ 0$$ 1$$ 2, 2210001$$ 2210028$$ 2210004$$ 2210034, 1$$ 1$$ 1$$ 1, 0, 0, 1, 0, 0, 1, 0, 0, 180, 2220005, 1, 0.0, 0, 0, 2101004, 
6, 蛋炒饭, 极其简单的炒饭。\n<br>热火炒蛋，趁着鸡蛋还没熟透，赶快把香软的米饭也下锅，颗颗米饭裹着金黄，鲜亮的颜色就是打动人的第一步。\n, 1, 12, 0, 2, 10, 0$$ 0$$ 2$$ 2, 2210002$$ 2210004$$ 2210034$$ 2210039, 1$$ 1$$ 1$$ 1, 0, 1, 1, 1, 1, 1, 0, 0, 130, 2220006, 1, 0.0, 0, 0, 2001005, 
7, 牛肉面, 江湖人士，就要大口吃肉。\n<br>好面的功夫也在汤里，牛肉先行红烧，煮出的肉汤颜色红亮，油香逼人。汤沸下面条，趁热动筷，肉块酥软，面条爽口。\n, 1, 4, 0, 1, 5, 0$$ 0$$ 0$$ 2, 2210001$$ 2210008$$ 2210034$$ 2210039, 1$$ 1$$ 1$$ 1, 0, 1, 1, 0, 0, 1, 0, 0, 120, 2220007, 1, 0.0, 0, 0, 2101006, 
8, 茶叶蛋, 清香的茶叶遇上鸡蛋，天作之合。\n<br>新鲜的大鸡蛋先入水煮，敲碎现出壳上裂纹，再入调制好的茶汤里继续煮。茶香提神，鸡蛋香嫩，还带着漂亮的碎纹。\n, 1, 12, 2, 8, 25, 0$$ 0$$ 0$$ 2, 2210004$$ 2210050$$ 2210037$$ 2210034, 1$$ 1$$ 1$$ 1, 0, 0, 0, 0, 0, 0, 0, 0, 190, 2220008, 1, 0.0, 0, 0, 3001007, 
9, 肉夹馍, 肉夹于馍中，简称肉夹馍。\n<br>猪肉用香料调制的汤汁煮成腊汁肉，塞进皮酥里香的白馍里。为了避免美味肉汁被浪费，吃的时候要先从两边咬哦。\n, 1, 0, 0, 1, 5, 1$$ 0$$ 0$$ 2, 2210005$$ 2210001$$ 2210037$$ 2210034, 1$$ 1$$ 1$$ 1, 0, 1, 1, 0, 0, 1, 0, 0, 120, 2220009, 1, 0.0, 0, 0, 2101008, 
10, 苏式糕点, 苏式糕点色彩清丽，造型别致。需要一双巧手捏出各种生动样子，小巧玲珑、栩栩如生。\n<br>拿在手里都不忍心吃啦。\n, 1, 3, 2, 8, 25, 0$$ 0$$ 0$$ 0, 2210001$$ 2210004$$ 2210033$$ 2210035, 1$$ 1$$ 1$$ 1, 0, 0, 0, 0, 0, 0, 1, 0, 190, 2220010, 1, 0.02, 2220148, 1, 3001009, 
11, 糯米丸子, 三分肥七分瘦的猪肉剁碎，制出一个个圆滚滚的小丸子，上笼蒸制前，要裹上一层糯米。\n<br>出笼的丸子软糯香鲜，撒上一把嫩绿的葱花，令人食欲大振。\n, 1, 7, 0, 3, 10, 0$$ 0$$ 2$$ 2, 2210003$$ 2210005$$ 2210034$$ 2210037, 1$$ 1$$ 1$$ 1, 0, 1, 1, 0, 0, 1, 0, 0, 140, 2220011, 1, 0.0, 0, 0, 2001010, 
12, 小炒肉, 肉质细嫩的五花肉与新鲜的细长青椒一同爆炒，豆豉会赋予炒肉灵魂。\n<br>成菜后肉香与辣香混为一体，香鲜逼人。\n, 1, 5, 1, 6, 20, 0$$ 0$$ 2$$ 2, 2210005$$ 2210032$$ 2210034$$ 2210037, 1$$ 1$$ 1$$ 1, 0, 0, 0, 0, 0, 0, 0, 0, 170, 2220012, 1, 0.0, 0, 0, 2001011, 
13, 江南家常红烧肉, 猪肉切成小块焯水，白糖与油炒成糖稀，再放入的猪肉就能被染出红润的色泽。加料酒去腥，慢慢炖煮，直到肉块软烂入味。, 1, 3, 1, 4, 15, 0$$ 0$$ 2$$ 0, 2210005$$ 2210033$$ 2210034$$ 2210037, 1$$ 1$$ 1$$ 1, 0, 0, 1, 0, 0, 0, 0, 0, 150, 2220013, 1, 0.07, 2220149, 1, 2001012, 
14, 蟹粉狮子头, 狮子头本名“葵花斩肉”。唐郇国公宴客时见此菜精美如雄狮之头，兴至之时，为其改名为“狮子头”。\n<br>猪肉肥七瘦三，香而不腻，蟹肉鲜美，入口即化。\n, 1, 3, 1, 5, 15, 0$$ 0$$ 0$$ 2, 2210005$$ 2210014$$ 2210001$$ 2210034, 1$$ 1$$ 1$$ 1, 0, 0, 1, 0, 0, 0, 0, 0, 160, 2220014, 1, 0.0, 0, 0, 3001013, 
15, 糖醋里脊, 上好的里脊肉裹上面粉下锅炸得金金黄，焦焦脆。而此菜精华之处更在芡汁儿，酸甜可口，将肉块均匀裹住，酥中唇齿留香。, 1, 3, 1, 4, 15, 0$$ 0$$ 0$$ 2, 2210005$$ 2210001$$ 2210033$$ 2210034, 1$$ 1$$ 1$$ 1, 0, 0, 0, 0, 0, 0, 0, 0, 150, 2220015, 1, 0.0, 0, 0, 3001014, 
16, 四喜丸子, 相传唐朝张九龄名题金榜又被招为驸马时，其在家乡水灾中失去音讯的双亲亦在当日被找到。为庆金榜题名、成家立业、当得乘龙快婿、全家团圆之喜，厨师献上此菜，故名“四喜丸子”。, 1, 9, 0, 1, 5, 0$$ 0$$ 0$$ 2, 2210005$$ 2210004$$ 2210001$$ 2210034, 1$$ 1$$ 1$$ 1, 0, 0, 0, 0, 0, 0, 0, 0, 120, 2220016, 1, 0.0, 0, 0, 3001015, 
17, 烤乳猪, 皮薄肉满的整只猪，各类香料酱料入腹，烫皮上浆，精心慢烤，最后刷一层香油。\n<br>色同琥珀，又类真金，入口则消，壮若凌雪，含浆膏润，特异凡常也。\n, 1, 10, 1, 5, 15, 0$$ 0$$ 0$$ 0, 2210005$$ 2210034$$ 2210037$$ 2210048, 1$$ 1$$ 1$$ 1, 0, 0, 0, 0, 0, 0, 0, 0, 160, 2220017, 1, 0.02, 2220150, 1, 3001016, 
18, 白切鸡, 小火煮出的细骨鸡配上姜末蘸料，清淡鲜美，鸡皮金黄爽韧，鸡肉洁白细嫩，连鸡骨头都是香的，充分体现原汁原味。, 1, 1, 0, 1, 5, 0$$ 2$$ 2$$ 2, 2210006$$ 2210034$$ 2210038$$ 2210039, 1$$ 1$$ 1$$ 1, 0, 0, 0, 0, 0, 0, 0, 0, 120, 2220018, 1, 0.0, 0, 0, 1001017, 
19, 辣子鸡丁, 巴蜀特产的红辣椒是必不可少的好东西。软嫩的鸡肉经辣椒同炒，鲜香麻辣。\n<br>鸡肉下锅前需先腌制片刻，才能更好入味。\n, 1, 2, 1, 6, 20, 0$$ 0$$ 2$$ 2, 2210006$$ 2210032$$ 2210034$$ 2210039, 1$$ 1$$ 1$$ 1, 0, 1, 1, 0, 0, 0, 0, 0, 170, 2220019, 1, 0.0, 0, 0, 2001018, 
20, 宫保鸡丁, 裹上淀粉的鸡肉嫩滑翻倍，虽颜色鲜红却并不很辣，闻着辣，吃着香。还有酥脆的花生米，简直让人欲罢不能。\n<br>鸡肉可以先敲打一番，让它更容易入味。\n, 1, 2, 2, 8, 25, 0$$ 0$$ 0$$ 2, 2210006$$ 2210035$$ 2210032$$ 2210039, 1$$ 1$$ 1$$ 1, 0, 1, 1, 0, 0, 0, 0, 0, 190, 2220020, 1, 0.0, 0, 0, 2001019, 
21, 玫瑰豉油鸡, 用玫瑰花制成蜜香的玫瑰露，加上香料煮出一锅香喷喷的玫瑰豉油，以此煮一整只鸡切成的鸡块。小火，半个时辰，期间记得好好翻动鸡块，才能入味均匀。, 1, 1, 1, 5, 15, 0$$ 0$$ 0$$ 2, 2210006$$ 2210036$$ 2210048$$ 2210034, 1$$ 1$$ 1$$ 1, 0, 0, 0, 0, 0, 0, 0, 0, 160, 2220021, 1, 0.0, 0, 0, 3001020, 
22, 口水鸡, 此菜作料丰富，尤其花椒极多，吃多了让人嘴发麻而不能自控，继而口水直流，故得此名。\n<br>红油麻香，鸡肉软嫩，有“名驰巴蜀三千里$$味压江南十二州”之美誉。\n, 1, 2, 0, 1, 5, 0$$ 0$$ 2$$ 2, 2210006$$ 2210037$$ 2210034$$ 2210039, 1$$ 1$$ 1$$ 1, 0, 0, 0, 0, 0, 0, 0, 0, 120, 2220022, 1, 0.0, 0, 0, 2001021, 
23, 古法蒸鸡, 将一整只鸡掏空，中间塞入以淀粉拌好的猪肉团，还可以加些时令蔬菜。隔水蒸熟，所有的美味都团在里头，整只鸡油油亮亮，香气扑鼻。, 1, 9, 0, 2, 10, 0$$ 0$$ 0$$ 2, 2210006$$ 2210005$$ 2210040$$ 2210034, 1$$ 1$$ 1$$ 1, 0, 0, 0, 0, 0, 1, 0, 0, 130, 2220023, 1, 0.07, 2220151, 1, 3001022, 
24, 大盘鸡, 红辣椒的辛香给予鸡肉灵魂升华，土豆吸饱醇厚汤汁，软糯入味。而为了让鸡肉更加鲜美，烹制时可以加一些酒。, 1, 10, 0, 1, 5, 0$$ 0$$ 2$$ 2, 2210006$$ 2210018$$ 2210034$$ 2210039, 1$$ 1$$ 1$$ 1, 1, 1, 1, 0, 0, 0, 0, 0, 120, 2220024, 1, 0.0, 0, 0, 2001023, 
25, 盐水鸭, 六朝风味，白门佳品。\n<br>低温煮熟的鸭子鲜嫩多汁，肉色白如玉，久负盛名。中秋节前后，桂花盛开时制作的盐水鸭最是好吃，因此也别名“桂花鸭”。\n, 1, 3, 0, 2, 10, 0$$ 2$$ 2$$ 2, 2210007$$ 2210034$$ 2210037$$ 2210039, 1$$ 1$$ 1$$ 1, 0, 0, 0, 0, 0, 0, 0, 0, 130, 2220025, 1, 0.0, 0, 0, 1001024, 
26, 美人肝, 鸭胰鲜脆，鸡肉鲜嫩，加以鸭油爆炒，最后用鸡汤与淀粉勾芡，香气四溢。\n<br>此菜不只美味，还活血祛火，舒肝补气。\n, 1, 3, 0, 2, 10, 0$$ 0$$ 0$$ 2, 2210007$$ 2210006$$ 2210040$$ 2210034, 1$$ 1$$ 1$$ 1, 0, 0, 0, 0, 0, 0, 0, 0, 130, 2220026, 1, 0.0, 0, 0, 3001025, 
27, 杭州卤鸭, 卤鸭的美味都在卤汁里，多是店家的祖传秘方。\n<br>鸭子红油油，亮莹莹，咸甜酥烂。适合夏季食用，不但补身，还去热。\n, 1, 3, 0, 2, 10, 0$$ 0$$ 2$$ 2, 2210007$$ 2210038$$ 2210034$$ 2210039, 1$$ 1$$ 1$$ 1, 0, 0, 0, 0, 0, 0, 0, 0, 130, 2220027, 1, 0.0, 0, 0, 2001026, 
28, 五香牛肉, 茴香、花椒、八角、桂皮、丁香等香料熬煮的浓香酱汁会使牛肉的风味更上一层楼。\n<br>耐心地等到卤汁被牛肉吸收，把肉取出晾凉，切片，吃时还可以蘸一点辣椒粉。\n, 1, 2, 0, 3, 10, 0$$ 0$$ 2$$ 2, 2210008$$ 2210037$$ 2210034$$ 2210039, 1$$ 1$$ 1$$ 1, 0, 1, 0, 0, 0, 1, 0, 0, 140, 2220028, 1, 0.0, 0, 0, 2001027, 
29, 红烧牛肉, 葱姜蒜爆香后的热油里加入红红辣酱，一块块牛肉下锅翻炒，为了让它们软烂入味，还要加水慢慢煮哦。煮到块块红润，汤汁浓稠，就可以大快朵颐啦。, 1, 9, 0, 3, 10, 0$$ 0$$ 2$$ 2, 2210008$$ 2210038$$ 2210034$$ 2210039, 1$$ 1$$ 1$$ 1, 0, 0, 0, 0, 0, 0, 0, 0, 140, 2220029, 1, 0.0, 0, 0, 2001028, 
30, 小炒黄牛肉, 黄牛肉温和补气，可是好东西。\n<br>牛肉切成薄片，最好先行腌制片刻。用红椒炒制后色美味香，辣辣的，极是开胃。\n, 1, 5, 1, 6, 20, 0$$ 0$$ 2$$ 2, 2210008$$ 2210032$$ 2210034$$ 2210039, 1$$ 1$$ 1$$ 1, 0, 0, 0, 0, 0, 0, 0, 0, 170, 2220030, 1, 0.0, 0, 0, 2001029, 
31, 红烧羊肉, 加以酱油和白糖烧制的羊肉汤汁红亮咸鲜，入口微微回甜，醇美软香。\n<br>冬天时看到热腾腾的一大碗羊肉，什么寒冷都不怕了。\n, 1, 10, 1, 4, 15, 0$$ 0$$ 2$$ 2, 2210009$$ 2210033$$ 2210034$$ 2210039, 1$$ 1$$ 1$$ 1, 0, 0, 0, 0, 0, 1, 0, 0, 150, 2220031, 1, 0.0, 0, 0, 2001030, 
32, 烤全羊, 从宰杀到烤制，工序颇为繁琐，最好是用果木或者松木烤制，味道才最正宗。\n<br>烤全羊色红亮，皮酥脆，肉肥嫩却不腻人，风味绝伦。\n, 1, 4, 0, 2, 10, 0$$ 0$$ 0$$ 2, 2210009$$ 2210037$$ 2210039$$ 2210034, 1$$ 1$$ 1$$ 1, 0, 0, 0, 0, 0, 0, 0, 0, 130, 2220032, 1, 0.0, 0, 0, 3001031, 
33, 孜然羊肉, 料酒去腥，还可让羊肉质地更加细嫩。\n<br>热锅烫油滑炒后的羊肉沥尽水分，鲜香动人，撒上一把孜然，更让人食指大动。\n, 1, 4, 0, 2, 10, 0$$ 0$$ 2$$ 2, 2210009$$ 2210037$$ 2210038$$ 2210034, 1$$ 1$$ 1$$ 1, 0, 0, 0, 0, 0, 1, 0, 0, 130, 2220033, 1, 0.0, 0, 0, 2001032, 
34, 豉汁蒸排骨, 肥瘦相间的排骨裹上蒜香豉油，就可以上笼蒸了。\n肉香全都锁在里面，和豉香蒜香融为一体。\n<br>做法简单，味道绝不简单。\n, 1, 1, 1, 5, 15, 0$$ 0$$ 2$$ 2, 2210010$$ 2210036$$ 2210034$$ 2210039, 1$$ 1$$ 1$$ 1, 0, 0, 0, 0, 0, 0, 0, 0, 160, 2220034, 1, 0.0, 0, 0, 2001033, 
35, 君山醉排骨, 淀粉成浆糊，排骨切小段，裹之。下油锅炸至金黄酥脆，就完成了一半。另一半在于调制酱汁，给排骨再加上一层红亮。\n<br>据说君山没有不爱这道菜的人。\n, 1, 5, 1, 5, 15, 0$$ 0$$ 0$$ 2, 2210010$$ 2210038$$ 2210040$$ 2210034, 1$$ 1$$ 1$$ 1, 0, 0, 0, 0, 0, 0, 0, 0, 160, 2220035, 1, 0.0, 0, 0, 3001034, 
36, 糖醋排骨, 先把腌制后的排骨煮一煮，然后油炸，如此可保排骨肉质不老。\n<br>调制好糖醋汁儿后再将排骨下一次锅，个个色如琥珀，味道酸甜可口，毫不油腻。\n, 1, 3, 1, 5, 15, 0$$ 0$$ 0$$ 2, 2210010$$ 2210033$$ 2210034$$ 2210039, 1$$ 1$$ 1$$ 1, 0, 0, 0, 0, 0, 0, 0, 0, 160, 2220036, 1, 0.0, 0, 0, 3001035, 
37, 蒜香骨, 炸排骨前先行腌制，也可小煮，使之易熟。\n<br>裹了蒜蓉的排骨有些微辣，色泽金黄，咬一口，满齿酥香，连骨头都想吞下去。\n, 1, 9, 1, 5, 15, 0$$ 0$$ 2$$ 2, 2210010$$ 2210040$$ 2210034$$ 2210039, 1$$ 1$$ 1$$ 1, 0, 0, 0, 0, 0, 0, 0, 0, 160, 2220037, 1, 0.0, 0, 0, 2001036, 
38, 孜然烤排骨, 为了得到最后的极致美味，排骨最好腌制两个时辰以上。\n<br>经过烤制，排骨会变得油香逼人，整条街的人都要被馋哭。\n, 1, 4, 1, 5, 15, 0$$ 0$$ 2$$ 2, 2210010$$ 2210037$$ 2210034$$ 2210039, 1$$ 1$$ 1$$ 1, 0, 0, 0, 0, 0, 0, 0, 0, 160, 2220038, 1, 0.0, 0, 0, 2001037, 
39, 鱼脍, 脍者，生肉也。\n<br>有人恐怕鱼肉的鲜美会在烹饪中漏失，故以生鱼切成薄片，蘸以酱汁而食。\n脍鲤臇胎虾——三国时的曹植为它倾心。鱼片蘸虾酱，鲜美无比。\n, 1, 6, 1, 4, 15, 1$$ 2$$ 0$$ 2, 2210011$$ 2210034$$ 2210037$$ 2210033, 1$$ 1$$ 1$$ 1, 0, 0, 0, 0, 0, 0, 0, 0, 150, 2220039, 1, 0.07, 2220152, 1, 101038, 
40, 西湖醋鱼, 从西湖捞上来的鲜鱼，由脊骨对切，烧制好后，浇上一大勺油亮润泽的糖醋芡汁。\n<br>草鱼鲜嫩，醋汁酸甜，尽显西湖风味。\n, 1, 3, 1, 4, 15, 0$$ 0$$ 0$$ 0, 2210011$$ 2210034$$ 2210039$$ 2210033, 1$$ 1$$ 1$$ 1, 0, 0, 0, 0, 0, 0, 0, 0, 150, 2220040, 1, 0.0, 0, 0, 3101039, 
41, 鱼丸汤, 鲜鱼剔除刺骨制成白润可爱的鱼丸，口感弹牙。汤色清白，鱼丸鲜嫩，点缀上几叶青菜，望之如白玉浮江。, 1, 1, 0, 2, 10, 1$$ 0$$ 2$$ 0, 2210011$$ 2210004$$ 2210034$$ 2210040, 1$$ 1$$ 1$$ 1, 0, 0, 0, 1, 1, 0, 0, 0, 130, 2220041, 1, 0.0, 0, 0, 1101040, 
42, 剁椒鱼头, 蒸熟的鱼头被浇上烫滚滚的热油，大量的辣椒带给此菜极为红亮颜色，鱼头肥美而辛香，肉汁软糯细嫩，乃荆湖名菜。, 1, 5, 1, 6, 20, 1$$ 0$$ 2$$ 2, 2210011$$ 2210032$$ 2210034$$ 2210036, 1$$ 1$$ 1$$ 1, 0, 0, 0, 1, 0, 0, 0, 0, 170, 2220042, 1, 0.0, 0, 0, 1101041, 
43, 水煮鱼, 鱼肉腌制煮熟，配料皆是味道辛辣的辣椒花椒，去腥增香。搭配的青菜在香辣中又添清香，也更丰富色泽。\n<br>上菜时淋上热油，刺啦一声，喷香满鼻。\n, 1, 2, 1, 6, 20, 1$$ 0$$ 0$$ 1, 2210011$$ 2210032$$ 2210031$$ 2210034, 1$$ 1$$ 1$$ 1, 0, 0, 1, 1, 0, 0, 0, 0, 170, 2220043, 1, 0.0, 0, 0, 2201042, 
44, 松鼠鱼, 形如松鼠，味道酸甜。\n<br>把鱼切成松鼠的样子，裹一层淀粉糊炸成金黄，最后勾出一锅浓稠酸甜的酱汁儿浇上，色美肉酥，令人赞不绝口。\n, 1, 3, 1, 4, 15, 1$$ 0$$ 0$$ 2, 2210011$$ 2210040$$ 2210033$$ 2210034, 1$$ 1$$ 1$$ 1, 0, 0, 0, 0, 0, 0, 0, 0, 150, 2220044, 1, 0.0, 0, 0, 2101043, 
45, 清炖甲鱼汤, 甲鱼的鲜美天下皆知，如此上品的食材最适合炖汤，不但味道鲜美，还温和补身，清热舒肝。\n<br>炖煮至少需要半个时辰，切莫急躁。\n, 1, 6, 1, 6, 20, 0$$ 2$$ 2$$ 2, 2210012$$ 2210034$$ 2210039$$ 2210038, 1$$ 1$$ 1$$ 1, 0, 1, 1, 0, 1, 0, 0, 0, 170, 2220045, 1, 0.0, 0, 0, 1001044, 
46, 鸡汤炖甲鱼, 滋补养颜，深受海岛百姓喜爱。\n<br>奶白奶白的鲜汤，融合甲鱼与鸡肉鲜美。\n鸡肉烂熟，甲鱼软滑，乃滋补佳品，健身且美容养颜。\n, 1, 6, 1, 6, 20, 0$$ 0$$ 2$$ 2, 2210012$$ 2210006$$ 2210039$$ 2210034, 1$$ 1$$ 1$$ 1, 0, 1, 1, 0, 0, 0, 0, 0, 170, 2220046, 1, 0.02, 2220153, 1, 2001045, 
47, 火腿炖甲鱼, 怎一个鲜字了得。\n<br>火腿养胃壮身，以产自金华者最佳，甲鱼温补助气，二者同炖，火腿之咸鲜尽入汤中，浓醇至美。\n, 1, 6, 1, 6, 20, 0$$ 0$$ 2$$ 2, 2210012$$ 2210005$$ 2210039$$ 2210034, 1$$ 1$$ 1$$ 1, 0, 1, 1, 0, 0, 0, 0, 0, 170, 2220047, 1, 0.0, 0, 0, 2001046, 
48, 白灼虾, “白灼”可不仅仅是清水煮那么简单。水中加入葱姜料酒等煮沸，以此滚水煮出的河虾原汁原味，腥气尽散，甜嫩可口，极显鲜美。吃时搭配调制好的酱汁。\n, 1, 6, 0, 2, 10, 0$$ 2$$ 2$$ 2, 2210013$$ 2210034$$ 2210039$$ 2210037, 1$$ 1$$ 1$$ 1, 0, 0, 0, 0, 0, 0, 0, 0, 130, 2220048, 1, 0.0, 0, 0, 1001047, 
49, 香辣虾, 蜀地多有湿气，遂喜辣，驱寒开胃。河虾稍加腌制去除腥味，和上品红椒一同炒制，加以特产的辣酱，颜色红亮，皮酥肉嫩，满口辛香。, 1, 2, 1, 6, 20, 0$$ 0$$ 2$$ 2, 2210013$$ 2210032$$ 2210039$$ 2210034, 1$$ 1$$ 1$$ 1, 0, 0, 0, 0, 0, 0, 0, 0, 170, 2220049, 1, 0.0, 0, 0, 2001048, 
50, 凤尾虾, 河虾去头、壳而留尾，裹上蛋清和淀粉，用鸭油炸到尾红肉白。鸡汤勾出乳白芡汁，虾仁在此吸收鲜美，即可出菜。上红而下白，如凤之尾，故名凤尾虾。, 1, 3, 0, 2, 10, 0$$ 0$$ 0$$ 2, 2210013$$ 2210004$$ 2210040$$ 2210034, 1$$ 1$$ 1$$ 1, 0, 0, 0, 0, 0, 0, 0, 0, 130, 2220050, 1, 0.0, 0, 0, 3001049, 
51, 蛋烧卖, 蛋皮薄而均匀，未完全凝固时即要包入虾仁馅儿，混以青菜小末与虾茸封口，蒸熟出锅后再淋些鸡汤芡汁。\n外头是蛋皮，里头是虾仁肉。一颗颗造型可爱别致，圆润漂亮。\n, 1, 3, 0, 2, 10, 0$$ 0$$ 1$$ 2, 2210013$$ 2210004$$ 2210031$$ 2210038, 1$$ 1$$ 1$$ 1, 0, 0, 0, 0, 0, 0, 0, 0, 130, 2220051, 1, 0.0, 0, 0, 2101050, 
52, 龙井虾仁, 茶者清香，可滋饭蔬之精素，攻肉食之膻腻。\n<br>清明时节的龙井茶叶泡开满息香，虾仁用料酒小浸，裹上淀粉糊，与茶叶同炒，白嫩之中点点青，美如江南一画。\n, 1, 3, 2, 8, 25, 0$$ 0$$ 0$$ 1, 2210013$$ 2210050$$ 2210040$$ 2210034, 1$$ 1$$ 1$$ 1, 0, 0, 1, 0, 0, 0, 0, 0, 190, 2220052, 1, 0.0, 0, 0, 3101051, 
53, 醉虾, 新鲜的河虾到手后要好好清洗掉泥沙，再修剪修剪，放进酒里去。\n<br>盖上盖子后，活虾不胜酒力，在里头咚咚跳，等它们跳累了，就可以倒入调料汁，开始尝鲜。\n, 1, 5, 0, 2, 10, 0$$ 0$$ 2$$ 2, 2210013$$ 2210038$$ 2210034$$ 2210039, 1$$ 1$$ 1$$ 1, 0, 0, 0, 0, 0, 0, 0, 0, 130, 2220053, 1, 0.0, 0, 0, 2001052, 
54, 清蒸螃蟹, 一腹金相玉质，两螯明月秋江。\n<br>秋时螃蟹肥美，洗净清蒸即可鲜顶十桌菜。细心徐徐剥来，膏美肉香，配以姜醋黄酒可驱除螃蟹之寒性。\n, 1, 3, 1, 5, 15, 0$$ 2$$ 2$$ 2, 2210014$$ 2210040$$ 2210039$$ 2210034, 1$$ 1$$ 1$$ 1, 1, 0, 0, 0, 0, 0, 0, 0, 160, 2220054, 1, 0.0, 0, 0, 1001053, 
55, 香辣蟹, 以辣椒炒制的螃蟹壳脆肉香，颜色红亮鲜艳，辛辣扑鼻，最是动人食欲。\n<br>吃时配一壶黄酒，酒香醉人之余，也可驱寒不伤胃。\n, 1, 2, 1, 6, 20, 0$$ 0$$ 2$$ 2, 2210014$$ 2210032$$ 2210039$$ 2210034, 1$$ 1$$ 1$$ 1, 0, 0, 0, 0, 0, 0, 0, 0, 170, 2220055, 1, 0.0, 0, 0, 2001054, 
56, 红膏炝蟹, 用料酒与酱油、葱姜、米醋等调制成炝料，仔细清理螃蟹，再放入料汁中腌制即可。\n<br>腌制好的炝蟹膏色红润欲滴，蟹肉白润晶莹，酒香与蟹味融为一体，滋味奇美。\n, 1, 1, 1, 5, 15, 0$$ 0$$ 2$$ 2, 2210014$$ 2210038$$ 2210039$$ 2210034, 1$$ 1$$ 1$$ 1, 0, 0, 0, 0, 0, 0, 0, 0, 160, 2220056, 1, 0.0, 0, 0, 2001055, 
57, 红烧螃蟹, 螃蟹身上有多处是不宜吃的，一定要好好料理。\n<br>一分为二，滚水一烫。油锅佐料爆香，酱油白糖即可成就完美的红烧味道，螃蟹入锅后加些水慢煮，最后收汁就可以啦。\n, 1, 9, 1, 5, 15, 0$$ 0$$ 2$$ 2, 2210014$$ 2210033$$ 2210039$$ 2210034, 1$$ 1$$ 1$$ 1, 0, 0, 0, 0, 0, 0, 0, 0, 160, 2220057, 1, 0.0, 0, 0, 2001056, 
58, 葱烧海参, 海参天性浓重，断不可以清汤而煨。\n<br>清鲜滑嫩的海参与葱段烧制，耗油酱油增咸添味，白糖中和，烧出的汤汁浓醇，兼有葱香四溢，色香味俱全。\n, 1, 9, 2, 8, 25, 0$$ 0$$ 2$$ 2, 2210015$$ 2210039$$ 2210034$$ 2210033, 1$$ 1$$ 1$$ 1, 0, 0, 1, 0, 0, 0, 0, 0, 190, 2220058, 1, 0.0, 0, 0, 2001057, 
59, 海鲜大杂烩, 鱼虾之鲜尽汇其中，海参软嫩，鲍鱼多汁，河虾甜韧，熬煮鲤鱼使汤汁浓醇，一碗识得江河湖海之美。, 1, 9, 2, 8, 25, 0$$ 0$$ 2$$ 2, 2210015$$ 2210016$$ 2210013$$ 2210011, 1$$ 1$$ 1$$ 1, 0, 2, 0, 2, 2, 0, 0, 0, 190, 2220059, 1, 0.02, 2220154, 1, 2001058, 
60, 蒸鲍鱼, 鲍鱼之鲜嫩乃海味之冠，肉形饱满如满月，软肉白润如玉色。如此奇珍，清蒸就可尽尝其美。\n<br>食时可配蘸料。\n, 1, 6, 2, 8, 25, 0$$ 2$$ 2$$ 2, 2210016$$ 2210034$$ 2210033$$ 2210038, 1$$ 1$$ 1$$ 1, 0, 0, 0, 0, 0, 0, 0, 0, 190, 2220060, 1, 0.0, 0, 0, 1001059, 
61, 泡椒炒鲍鱼, 炒制之前，鲍鱼先行切花，焯水小熟。\n<br>蜀地之泡椒辣中带微酸，最为开胃，鲍鱼鲜美的汤汁与之融合，喷香鲜辣，闻之欲醉。\n, 1, 2, 2, 8, 25, 0$$ 0$$ 2$$ 2, 2210016$$ 2210032$$ 2210034$$ 2210039, 1$$ 1$$ 1$$ 1, 0, 0, 0, 0, 0, 0, 0, 0, 190, 2220061, 1, 0.0, 0, 0, 2001060, 
62, 古法焗鲍鱼, 焗熟的鲍鱼鲜美紧锁其中，一个个饱满多汁，色泽盈亮，豆豉之香与白糖中和，味道微甜，咬一口，唇齿留香。, 1, 1, 2, 8, 25, 0$$ 0$$ 0$$ 2, 2210016$$ 2210036$$ 2210033$$ 2210034, 1$$ 1$$ 1$$ 1, 0, 0, 0, 0, 0, 0, 0, 0, 190, 2220062, 1, 0.0, 0, 0, 3001061, 
63, 白扒四宝, 薄薄的鸡肉片挂糊上浆，入锅滑熟。鲍鱼在鲜汤中灵魂升华，还可配以鱼肚和青菜，皆熟后再行淋汁儿。, 1, 9, 2, 8, 25, 0$$ 0$$ 2$$ 2, 2210016$$ 2210006$$ 2210033$$ 2210034, 1$$ 1$$ 1$$ 1, 0, 0, 0, 0, 0, 0, 0, 0, 190, 2220063, 1, 0.0, 0, 0, 2001062, 
64, 扒原壳鲍鱼, 鲍鱼之美，可令雕俎生辉光。\n<br>将鲍鱼与壳分离后，鲍肉入沸水鲜汤烫熟，装盘时将其放回鲍壳之上，勾出透明红亮的芡汁，淋上鸡油，美味已成。.\n, 1, 6, 2, 8, 25, 0$$ 0$$ 0$$ 2, 2210016$$ 2210005$$ 2210038$$ 2210034, 1$$ 1$$ 1$$ 1, 0, 0, 0, 0, 0, 0, 0, 0, 190, 2220064, 1, 0.0, 0, 0, 3001063, 
65, 一品锅, 锅底可按喜好铺些时令青菜。上层豆腐色白软嫩，鸡肉酥烂收味，鲍鱼的汁水尽数与前二者融合，极致的鲜香可和佛跳墙媲美。, 1, 7, 2, 8, 25, 0$$ 1$$ 0$$ 2, 2210016$$ 2210006$$ 2210017$$ 2210034, 1$$ 1$$ 1$$ 1, 0, 1, 1, 1, 1, 1, 0, 0, 190, 2220065, 1, 0.0, 0, 0, 2101064, 
66, 麻婆豆腐, 蜀地名菜。\n<br>红油辣椒中炒制的肉末酥香逼人，豆腐鲜嫩入味，虽然烫口却让人欲罢不能。\n巴蜀特产的豆瓣酱是必不可少的佐料，出锅后还添一把花椒，麻辣鲜香，风味独特。\n, 1, 2, 2, 7, 20, 0$$ 0$$ 0$$ 2, 2210017$$ 2210041$$ 2210032$$ 2210034, 1$$ 1$$ 1$$ 1, 0, 1, 0, 0, 0, 0, 0, 0, 180, 2220066, 1, 0.0, 0, 0, 3001065, 
67, 一品豆腐, 豆腐表皮酥脆，内里充满醇厚鲜美的汤汁，香嫩微辣，雪白雪白，滑溜溜地混着酱汁流进口中，味道奇美。, 1, 9, 0, 2, 10, 0$$ 0$$ 1$$ 2, 2210017$$ 2210004$$ 2210031$$ 2210034, 1$$ 1$$ 1$$ 1, 0, 1, 1, 1, 1, 1, 0, 0, 130, 2220067, 1, 0.0, 0, 0, 2101066, 
68, 火腿蒸豆腐, 鲜嫩的豆腐和火腿同蒸，咸中带鲜，嫩中有韧。蒸制之前，豆腐先焯水去腥，熟后淋上些许熟猪油，火腿的腊香与豆腐浑然一体，香鲜绝味。, 1, 3, 0, 1, 5, 0$$ 0$$ 2$$ 2, 2210005$$ 2210017$$ 2210039$$ 2210034, 1$$ 1$$ 1$$ 1, 0, 0, 0, 0, 0, 0, 0, 0, 120, 2220068, 1, 0.07, 2220155, 1, 2001067, 
69, 臭豆腐, 刚开始闻着臭，后头越闻越香，难以抵抗。虽然看着焦黄，但焦皮酥脆透香，里头鲜嫩爽口，越吃越好吃。, 1, 5, 1, 6, 20, 0$$ 0$$ 2$$ 2, 2210017$$ 2210032$$ 2210039$$ 2210034, 1$$ 1$$ 1$$ 1, 0, 0, 0, 0, 0, 0, 0, 0, 170, 2220069, 1, 0.0, 0, 0, 2001068, 
70, 虎皮毛豆腐, 豆腐经过发酵后会长出一层白白茸茸的细毛，故称毛豆腐。\n<br>将毛豆腐煎到两面金黄，望之如虎皮条纹。后再行烧制，吃时当配辣酱。\n, 1, 7, 1, 4, 15, 0$$ 0$$ 2$$ 2, 2210017$$ 2210033$$ 2210039$$ 2210034, 1$$ 1$$ 1$$ 1, 0, 0, 0, 0, 0, 0, 0, 0, 150, 2220070, 1, 0.0, 0, 0, 2001069, 
71, 辣椒炒蛋, 做法简单的家常菜。\n<br>金黄的鸡蛋，青青的辣椒。鸡蛋炒到外酥香而里嫩，加入切细的细青椒，颜色可爱怡人。\n, 1, 5, 1, 6, 20, 0$$ 0$$ 2$$ 2, 2210004$$ 2210032$$ 2210039$$ 2210034, 1$$ 1$$ 1$$ 1, 0, 0, 0, 0, 0, 0, 0, 0, 170, 2220071, 1, 0.0, 0, 0, 2001070, 
72, 葱花鸡蛋饼, 金黄的鸡蛋饼，嫩绿的葱花。\n<br>蛋饼微咸，葱香四溢。\n常有壮汉晨起上工前在小摊买一张，边走边吃，一大早都会充满活力。\n, 1, 8, 0, 2, 10, 0$$ 0$$ 0$$ 2, 2210004$$ 2210040$$ 2210039$$ 2210034, 1$$ 1$$ 1$$ 1, 0, 0, 0, 0, 0, 0, 0, 0, 130, 2220072, 1, 0.0, 0, 0, 3001071, 
73, 虎皮蛋, 鸡蛋在猪油中炸成金黄，如虎皮颜色。再再卤汁中小火烧制，让蛋皮吸收汤汁咸香，最后大火收汁，鸡蛋一切为二，勾芡淋上。, 1, 5, 0, 1, 5, 0$$ 0$$ 2$$ 2, 2210004$$ 2210037$$ 2210039$$ 2210034, 1$$ 1$$ 1$$ 1, 0, 0, 0, 0, 0, 0, 0, 0, 120, 2220073, 1, 0.0, 0, 0, 2001072, 
74, 芋头丸子, 软软糯糯的芋头最好吃了。\n<br>把芋头蒸熟，压成一碗白白的芋泥，加上淀粉就可以将其搓成丸子，乃是很受孩子喜欢的小点心。\n, 1, 5, 1, 4, 15, 0$$ 0$$ 0$$ 2, 2210019$$ 2210040$$ 2210033$$ 2210034, 1$$ 1$$ 1$$ 1, 0, 0, 0, 0, 0, 0, 0, 0, 150, 2220074, 1, 0.0, 0, 0, 3001073, 
75, 芋头排骨汤, 芋头补气益肾，排骨润胃解热。\n<br>排骨汤肉香鲜美，让芋头吸足汤汁，软糯得入口即化。\n为了吃到最好吃的芋头，一定要小火炖煮，不要太着急。\n, 1, 1, 1, 5, 15, 0$$ 0$$ 2$$ 2, 2210019$$ 2210010$$ 2210039$$ 2210034, 1$$ 1$$ 1$$ 1, 0, 0, 0, 0, 0, 0, 0, 0, 160, 2220075, 1, 0.0, 0, 0, 2001074, 
76, 芋儿鸡, 蜀地的辣味红烧菜。\n<br>先把鸡肉在红油香锅里爆炒再下芋头加水慢烧。收汁后芋头融进鸡肉鲜美与汤汁的辣香，绝对比鸡肉本身还好吃，很能下饭。\n, 1, 2, 2, 7, 20, 0$$ 0$$ 0$$ 2, 2210019$$ 2210006$$ 2210041$$ 2210034, 1$$ 1$$ 1$$ 1, 0, 0, 0, 0, 0, 0, 0, 0, 180, 2220076, 1, 0.0, 0, 0, 3001075, 
77, 太极芋泥, 香饭青菰米，嘉蔬紫芋羹。\n<br>芋泥细滑香甜，做成太极阵图之貌，看着像凉菜，吃进嘴里却是烫烫的。\n, 1, 1, 1, 5, 15, 0$$ 0$$ 0$$ 2, 2210019$$ 2210029$$ 2210033$$ 2210034, 1$$ 1$$ 1$$ 1, 0, 0, 0, 0, 0, 0, 0, 0, 160, 2220077, 1, 0.0, 0, 0, 3001076, 
78, 土笋冻, 土笋是一种海边生长的小虫，体内含有极丰富的胶质，熬煮静制则凝固成晶莹透明的土笋冻。\n<br>注意在熬煮前要把土笋们体内的泥沙清理干净。\n, 1, 1, 2, 9, 30, 0$$ 0$$ 2$$ 2, 2210020$$ 2210039$$ 2210033$$ 2210034, 1$$ 1$$ 1$$ 1, 0, 0, 0, 0, 0, 0, 0, 0, 200, 2220078, 1, 0.0, 0, 0, 12001077, 
79, 凉拌明玉子, 上好的海蜇皮颜色白透，莹润如玉色，所以又叫明玉子。\n<br>脆脆嫩嫩的明玉子凉拌起来酸酸辣辣，最有海岛风味。\n, 1, 6, 2, 9, 30, 0$$ 0$$ 2$$ 2, 2210021$$ 2210039$$ 2210033$$ 2210034, 1$$ 1$$ 1$$ 1, 0, 0, 0, 0, 0, 0, 0, 0, 200, 2220079, 1, 0.0, 0, 0, 12001078, 
80, 红泥暖锅涮菜, 绿蚁新醅酒，红泥小火炉。\n<br>晚来天欲雪，能饮一杯无？\n大冬天还有什么能比暖锅更好吃呢！唐青枫最爱的红泥暖锅涮肉江湖闻名，据说底料可是秘制，鲜辣绝伦。\n, 1, 2, 2, 9, 30, 1$$ 1$$ 1$$ 0, 2210005$$ 2210008$$ 2210011$$ 2210044, 1$$ 1$$ 1$$ 1, 0, 2, 2, 2, 2, 2, 0, 0, 200, 2220080, 1, 0.0, 0, 0, 11301079, 
81, 叫花鸡, 把一整鸡抹上香料，用荆湖特产的柴黄草泥密密实实地裹住，烤出的鸡红润喷香，是丐帮弟子的最爱。, 1, 5, 2, 9, 30, 0$$ 0$$ 2$$ 2, 2210006$$ 2210042$$ 2210039$$ 2210034, 1$$ 1$$ 1$$ 1, 0, 0, 0, 0, 0, 0, 0, 0, 200, 2220081, 1, 0.0, 0, 0, 12001080, 
82, 杜鹃醉鱼, 雅致的襄州名菜。\n<br>襄州云海纵生，高龄之上有上品杜鹃花，采之与鱼同蒸，芳香之中鱼肉鲜美，未入口时已先醉。\n, 1, 7, 2, 9, 30, 0$$ 0$$ 2$$ 2, 2210011$$ 2210043$$ 2210039$$ 2210034, 1$$ 1$$ 1$$ 1, 0, 0, 0, 0, 0, 0, 0, 0, 200, 2220082, 1, 0.0, 0, 0, 12001081, 
83, 水煮冰鱼, 沉剑池中，有鱼染剑气锋华，肉质极嫩极鲜。以辣味烹制，辛香非凡，热油刺啦淋上的一瞬间，酥声盖过人间风雪。\n<br>但是请不要企图去沉剑池偷冰鱼。\n, 1, 0, 2, 9, 30, 0$$ 0$$ 2$$ 2, 2210022$$ 2210032$$ 2210039$$ 2210034, 1$$ 1$$ 1$$ 1, 0, 0, 0, 0, 0, 0, 0, 0, 200, 2220083, 1, 0.0, 0, 0, 11001082, 
84, 油炸神刀花生米, 路小佳对神刀堂的种植业十分重视，养出来的花生可是天下一绝。\n<br>他可以不吃饭，但是油炸花生米是一定要吃的。\n酥酥脆脆，满口留香。\n, 1, 10, 2, 9, 30, 0$$ 0$$ 0$$ 2, 2210023$$ 2210038$$ 2210033$$ 2210034, 1$$ 1$$ 1$$ 1, 0, 0, 0, 0, 0, 0, 0, 0, 200, 2220084, 1, 0.0, 0, 0, 13001083, 
85, 驼峰炙, 驼峰乃天下八珍之一。\n<br>料酒可去肉腥，辣椒能添鲜香。其中藏有大量脂肪，以火炙烤之后油香四溢，口感滑嫩，是大漠中不可多得的美味。\n, 1, 4, 2, 9, 30, 0$$ 0$$ 2$$ 2, 2210024$$ 2210032$$ 2210038$$ 2210034, 1$$ 1$$ 1$$ 1, 0, 0, 0, 0, 0, 0, 0, 0, 200, 2220085, 1, 0.0, 0, 0, 12001084, 
86, 爆炒见手青, 见手青是一种牛肝菌，有毒，触手变青，故得此名。\n<br>虽然鲜美，但烹饪中一定要大火爆炒，温度太低了会中毒哦。\n放点蒜块进去，万一蒜变黑了，这一锅就浪费了……\n, 1, 8, 2, 9, 30, 0$$ 0$$ 2$$ 2, 2210025$$ 2210039$$ 2210038$$ 2210034, 1$$ 1$$ 1$$ 1, 0, 0, 0, 0, 0, 0, 0, 0, 200, 2220086, 1, 0.0, 0, 0, 12001085, 
87, 香椿罗汉斋, 香椿叶娇枝嫩，味比山珍，还有清热解毒之效。\n谷雨前后，香椿最美，与香菇和时令青菜烧制，成就一道斋菜名秀。\n, 1, 9, 2, 9, 30, 0$$ 0$$ 1$$ 2, 2210026$$ 2210028$$ 2210031$$ 2210034, 1$$ 1$$ 1$$ 1, 0, 0, 0, 0, 0, 0, 0, 0, 200, 2220087, 1, 0.0, 0, 0, 12101086, 
88, 江南青团, 清明节时必吃的美味点心。\n<br>以春季的清新艾草压汁，混上糯米粉，里头的芯儿是甜甜的，外头的皮儿黏黏的，甜糯清香，出游踏青常备。\n, 1, 3, 2, 9, 30, 0$$ 0$$ 2$$ 2, 2210027$$ 2210003$$ 2210033$$ 2210034, 1$$ 1$$ 1$$ 1, 0, 1, 1, 1, 1, 1, 0, 0, 200, 2220088, 1, 0.0, 0, 0, 12001087, 
89, 香菇焖豆腐, 简单易做的家常菜。\n<br>香菇清水洗净，豆腐焯水去豆腥。焖煮后的香菇渗出鲜美汁水，全都融进豆腐里，清淡可口。\n, 1, 6, 2, 7, 20, 0$$ 0$$ 2$$ 2, 2210028$$ 2210017$$ 2210039$$ 2210034, 1$$ 1$$ 1$$ 1, 0, 1, 1, 1, 1, 1, 0, 0, 180, 2220089, 1, 0.0, 0, 0, 2001088, 
90, 香菇瘦肉粥, 猪肉切碎，拌上调料腌制。开水下米，煮到米粒开裂，米香漫出，就可以收火下肉，再下香菇。\n<br>早起喝了这碗粥，一整天练功都有精神了。\n, 1, 8, 2, 7, 20, 0$$ 0$$ 1$$ 2, 2210028$$ 2210002$$ 2210005$$ 2210034, 1$$ 1$$ 1$$ 1, 0, 1, 1, 0, 0, 0, 0, 0, 180, 2220090, 1, 0.0, 0, 0, 2101089, 
91, 香菇鸡汤, 养胃滋补佳品。\n<br>先将鸡肉在滚水中焯点血水，然后加入香菇小火慢炖。\n鸡肉软烂，汤汁浓香，香菇更鲜美。\n, 1, 8, 2, 7, 20, 0$$ 0$$ 2$$ 2, 2210028$$ 2210006$$ 2210039$$ 2210034, 1$$ 1$$ 1$$ 1, 0, 1, 1, 0, 0, 0, 0, 0, 180, 2220091, 1, 0.0, 0, 0, 2001090, 
92, 三鲜炒饭, 简单的家常菜。\n<br>荤素搭配，营养又好吃。\n掌控好火候，鸡蛋才能熟透而滑嫩。虾仁可以裹一层蛋液，口感更清爽。\n, 1, 7, 0, 2, 10, 0$$ 0$$ 2$$ 2, 2210002$$ 2210013$$ 2210004$$ 2210034, 1$$ 1$$ 1$$ 1, 0, 1, 1, 1, 1, 1, 0, 0, 130, 2220092, 1, 0.0, 0, 0, 2001091, 
93, 排骨焖米饭, 耐心将排骨腌制半个时辰，加上香菇与米饭一起焖煮。\n<br>香菇的鲜美汁水和排骨的油香会逐渐渗透米饭，开盖后整个厨房都是香哒。\n, 1, 1, 2, 7, 20, 0$$ 0$$ 0$$ 2, 2210002$$ 2210010$$ 2210028$$ 2210034, 1$$ 1$$ 1$$ 1, 0, 0, 0, 0, 0, 0, 0, 0, 180, 2220093, 1, 0.0, 0, 0, 2101092, 
94, 冬瓜炒虾仁, 虾仁可先用一点盐腌制一小会儿。\n<br>冬瓜要煮得软软的，等虾仁在锅里熟后再放进去，最后还可以加几滴香油。\n, 1, 7, 1, 5, 15, 0$$ 0$$ 2$$ 2, 2210029$$ 2210013$$ 2210039$$ 2210034, 1$$ 1$$ 1$$ 1, 0, 0, 0, 0, 0, 0, 0, 0, 160, 2220094, 1, 0.0, 0, 0, 2001093, 
95, 冬瓜炖排骨, 冬瓜性寒，可消热利水。\n<br>与排骨炖汤，汤水清香。最适合饭前喝一碗，能解暑热，美味又养身，秋季喝来最好。\n, 1, 12, 1, 5, 15, 0$$ 0$$ 2$$ 2, 2210029$$ 2210010$$ 2210039$$ 2210034, 1$$ 1$$ 1$$ 1, 0, 1, 1, 1, 1, 1, 0, 0, 160, 2220095, 1, 0.0, 0, 0, 2001094, 
96, 酱爆竹笋, 云滇家常菜。\n<br>嫩嫩的竹笋在滚水中氽烫一番，锅中辣酱葱姜爆香，再下竹笋爆炒。\n笋香，酱味浓郁，最能下饭。\n, 1, 8, 1, 4, 15, 0$$ 0$$ 2$$ 2, 2210030$$ 2210039$$ 2210033$$ 2210034, 1$$ 1$$ 1$$ 1, 0, 0, 0, 0, 0, 0, 0, 0, 150, 2220096, 1, 0.0, 0, 0, 2001095, 
97, 竹笋炒肉, 锅里不用放太多油，可以用肥猪肉下锅煸炒，油香更盛。\n<br>再以瘦肉同竹笋一起爆炒，咸香动人。\n注意炒时火候可不能小哦。\n, 1, 8, 0, 3, 10, 0$$ 1$$ 2$$ 2, 2210030$$ 2210005$$ 2210039$$ 2210034, 1$$ 1$$ 1$$ 1, 0, 1, 0, 0, 0, 0, 0, 0, 140, 2220097, 1, 0.0, 0, 0, 1101096, 
98, 竹笋香菇鸡汤, 山珍之鲜，皆可以汤现之。\n<br>竹笋性微寒，可开胃健脾，炖汤最显其鲜美本色。\n冬时需滋补，秦川风雪中，用竹笋香菇炖一锅鸡汤，再不怕冰霜寒天。\n, 1, 0, 2, 7, 20, 0$$ 0$$ 0$$ 2, 2210030$$ 2210028$$ 2210006$$ 2210034, 1$$ 1$$ 1$$ 1, 0, 1, 1, 1, 1, 1, 0, 0, 180, 2220098, 1, 0.0, 0, 0, 3001097, 
99, 糖醋黄河鲤鱼, 岂食其鱼，必河之鲤。\n<br>滔滔黄河中的鲤鱼得天独厚，畅游此间使得肉汁细嫩有韧性，挂糊炸成金黄，再淋上糖醋汁儿，最适合大家伙围着桌子一起吃。\n, 1, 9, 1, 4, 15, 0$$ 0$$ 0$$ 0, 2210011$$ 2210033$$ 2210040$$ 2210038, 1$$ 1$$ 1$$ 1, 0, 0, 0, 0, 0, 0, 0, 0, 150, 2220099, 1, 0.0, 0, 0, 3001098, 
100, 汴京烤鸭, 烤鸭工序颇为复杂，去毛烫皮，为鸭子镀上一层糖色，才能让烤鸭色泽红润。烤制的柴火也十分讲究，最好为果木。<br>烤\n鸭肥而不腻，吃时以薄饼卷鸭肉，风味绝然。\n, 1, 9, 1, 4, 15, 0$$ 0$$ 2$$ 2, 2210007$$ 2210033$$ 2210034$$ 2210039, 1$$ 1$$ 1$$ 1, 0, 0, 0, 0, 0, 0, 0, 0, 150, 2220100, 1, 0.0, 0, 0, 2001099, 
101, 开封花生糕, 事先将花生炒好，分为两半，然后碾得碎碎，再熬一锅棕色的糖稀，拌上花生碎。\n<br>制好的花生糕金黄酥脆，甜而不腻，据说路小佳也挺喜欢。\n, 1, 9, 2, 8, 25, 0$$ 0$$ 0$$ 2, 2210035$$ 2210033$$ 2210040$$ 2210034, 1$$ 1$$ 1$$ 1, 0, 0, 0, 0, 0, 0, 0, 0, 190, 2220101, 1, 0.0, 0, 0, 2001100, 
102, 白雪鸡, 将鸡肉切成细腻的茸状，加上蛋清和淀粉成小团，先上过锅蒸熟，后煮进鸡汤里。\n<br>成菜后鸡肉团白如雪，漂于汤中，漂亮得不像话。\n, 1, 1, 1, 4, 15, 0$$ 0$$ 0$$ 2, 2210006$$ 2210033$$ 2210040$$ 2210034, 1$$ 1$$ 1$$ 1, 0, 0, 1, 0, 0, 0, 0, 0, 150, 2220102, 1, 0.0, 0, 0, 3001101, 
103, 鲤鱼焙面, 焙面乃细如丝的龙须面，油炸之后，焦香扑鼻，入口即化。\n<br>大火烧制的鲤鱼鱼皮酥脆，肉汁紧嫩，将焙面铺在鱼身上吸收酱汁，吃时只觉不似在人间。\n, 1, 9, 1, 4, 15, 0$$ 0$$ 0$$ 0, 2210011$$ 2210001$$ 2210033$$ 2210034, 1$$ 1$$ 1$$ 1, 0, 0, 0, 0, 0, 0, 0, 0, 150, 2220103, 1, 0.0, 0, 0, 4001102, 
104, 梅花汤饼, 初浸白梅、檀香末水，和面作馄饨皮，每一叠用五分铁凿如梅花样者，凿取之。候煮熟，乃过于鸡清汁内，一食，亦不忘梅。, 1, 9, 1, 5, 15, 0$$ 0$$ 1$$ 2, 2210001$$ 2210048$$ 2210006$$ 2210034, 1$$ 1$$ 1$$ 1, 0, 0, 0, 0, 0, 0, 0, 0, 160, 2220104, 1, 0.0, 0, 0, 2101103, 
105, 红烧草鱼, 草鱼肥美，红烧后鱼皮入味酥软，鱼肉香嫩细腻。烧制时火候不宜太大，加水微煮时放入切好的嫩笋，则鲜味更盛。, 1, 1, 2, 9, 30, 0$$ 0$$ 2$$ 2, 2210053$$ 2210030$$ 2210034$$ 2210039, 1$$ 1$$ 1$$ 1, 0, 0, 0, 0, 0, 0, 0, 0, 200, 2220105, 1, 0.02, 2220141, 1, 2001104, 
106, 海鲜面, 鲤鱼熬汤制成的汤底奶白浓鲜，面条要做得细细，入滚水烫熟，汤中再加剥好的虾仁，终成喷香的海鲜汤，细面入汤即成。, 1, 1, 0, 2, 10, 0$$ 1$$ 1$$ 2, 2210001$$ 2210013$$ 2210011$$ 2210034, 1$$ 1$$ 1$$ 1, 0, 1, 1, 1, 0, 1, 0, 0, 130, 2220106, 1, 0.0, 0, 0, 1201105, 
107, 葫芦鸡, 一整只鸡，先用绳捆好，防止变形。一来煮二来蒸，最后炸成金黄。葫芦鸡酥烂的鸡肉被筷子轻轻一拨就能脱骨，皮酥肉嫩。\n<br>据说此菜源自唐玄宗时礼部尚书韦陟家的厨子。\n, 1, 0, 2, 7, 20, 0$$ 0$$ 0$$ 2, 2210006$$ 2210041$$ 2210037$$ 2210034, 1$$ 1$$ 1$$ 1, 0, 0, 0, 0, 0, 0, 0, 0, 180, 2220107, 1, 0.0, 0, 0, 3001106, 
108, 奶汤锅子鱼, 唐韦巨源任尚书令左仆射之时，按例向中宗李显献美食，其中有一道“乳酿鱼”，即是奶汤锅子鱼的前身。\n<br>鲤鱼置于火锅内，加入奶汤，小火持续煨煮，奶香四溢，鲜美滑嫩。\n, 1, 0, 0, 2, 10, 0$$ 1$$ 1$$ 2, 2210011$$ 2210005$$ 2210030$$ 2210034, 1$$ 1$$ 1$$ 1, 0, 1, 1, 1, 1, 1, 0, 0, 130, 2220108, 1, 0.0, 0, 0, 1201107, 
109, 小酥肉, 猪肉小块腌制后裹淀粉蛋液，入油锅炸成金黄，后再上笼蒸透，最后入汤。\n汤美，肉肥而不腻，酥软可口。\n, 1, 0, 0, 2, 10, 0$$ 0$$ 0$$ 2, 2210005$$ 2210040$$ 2210037$$ 2210034, 1$$ 1$$ 1$$ 1, 0, 0, 0, 0, 0, 0, 0, 0, 130, 2220109, 1, 0.0, 0, 0, 3001108, 
110, 雪莲粥, 雪莲温和补胃，驱寒强身，乃冬季滋补佳品，尤其秦川雪山上出产的雪莲最为珍贵。味微甜，熬粥后粥色雪白，莲入米中浑不见。, 1, 0, 1, 6, 20, 0$$ 0$$ 2$$ 2, 2210002$$ 2210049$$ 2210033$$ 2210034, 1$$ 1$$ 1$$ 1, 0, 1, 1, 1, 0, 1, 0, 0, 170, 2220110, 1, 0.0, 0, 0, 2001109, 
111, 雪莲酥饼, 雪莲分瓣后，以清水加料酒浸泡洗净，入沸水小滚片刻。\n水染香气，静置后以之和面。花瓣混进糖蜜，面团制为酥皮，蒸、烤皆宜。\n, 1, 0, 1, 6, 20, 0$$ 0$$ 0$$ 0, 2210001$$ 2210033$$ 2210049$$ 2210038, 1$$ 1$$ 1$$ 1, 0, 0, 0, 0, 0, 0, 0, 0, 170, 2220111, 1, 0.02, 2220142, 1, 4001110, 
112, 羊肉泡馍, 想做出浓香的羊肉就要先把羊肉腌制近一整天，再行卤制。\n<br>羊汤醇美，把面饼掰成小小块，浸染汤汁，就可以吃啦。\n, 1, 0, 0, 2, 10, 0$$ 0$$ 0$$ 2, 2210009$$ 2210001$$ 2210037$$ 2210034, 1$$ 1$$ 1$$ 1, 0, 0, 0, 0, 0, 0, 0, 0, 130, 2220112, 1, 0.0, 0, 0, 3001111, 
113, 香芋扣肉, 玉脂如肪粉且柔，饮餐远胜烂羊头。\n<br>香芋扣肉，又名中秋叠肉，乃是中秋节前后常做的菜。\n碗底刷一层猪油，将芋头片和肉片整齐码好，倒扣，蒸熟，去碗，开吃！\n, 1, 1, 0, 2, 10, 0$$ 0$$ 2$$ 2, 2210019$$ 2210005$$ 2210037$$ 2210034, 1$$ 1$$ 1$$ 1, 0, 0, 0, 0, 0, 0, 0, 0, 130, 2220113, 1, 0.0, 0, 0, 2001112, 
114, 铁锅炖鱼, 燕云少有水，故水源尤为清澈，鱼也更鲜。\n<br>绿洲边，取铁锅，架火。鲤鱼腌制半个时辰后加水炖煮，葱姜、辣椒去腥体味，浓香飘百里。\n, 1, 4, 1, 6, 20, 1$$ 0$$ 2$$ 2, 2210011$$ 2210031$$ 2210039$$ 2210034, 1$$ 1$$ 1$$ 1, 0, 0, 1, 2, 0, 1, 0, 0, 170, 2220114, 1, 0.0, 0, 0, 101113, 
115, 铁锅炖肉, 简单直接，就是要吃肉。\n<br>将猪肉用葱姜蒜和辣椒末腌制半个时辰后，腌料不要扔，直接下锅加水炖出浓香的酱汤，肉块以此焖煮，开盖后神威堡的弟子都馋哭了。\n, 1, 4, 1, 6, 20, 1$$ 0$$ 2$$ 2, 2210005$$ 2210031$$ 2210039$$ 2210034, 1$$ 1$$ 1$$ 1, 0, 2, 1, 0, 0, 0, 0, 0, 170, 2220115, 1, 0.0, 0, 0, 101114, 
116, 香煎带鱼, 带鱼补气养血，亦养颜。\n<br>斩带鱼为小块，腌制后裹面粉下锅酥炸，表面金黄即可，再于平锅铺油，小火慢煎，香气四溢。\n, 1, 6, 1, 5, 15, 0$$ 0$$ 2$$ 2, 2210052$$ 2210001$$ 2210037$$ 2210034, 1$$ 1$$ 1$$ 1, 0, 0, 0, 0, 0, 0, 0, 0, 160, 2220116, 1, 0.0, 0, 0, 2001115, 
117, 红烧带鱼, 带鱼唯有大骨而少细刺，炸制后骨脆肉香皮酥。锅中添水，将鱼再次下锅红烧，酥皮凝香，白肉入味，咸鲜满口。, 1, 6, 1, 5, 15, 0$$ 0$$ 2$$ 2, 2210052$$ 2210033$$ 2210039$$ 2210034, 1$$ 1$$ 1$$ 1, 0, 0, 0, 0, 0, 0, 0, 0, 160, 2220117, 1, 0.0, 0, 0, 2001116, 
118, 红烧黄花鱼, 黄花鱼，鱼肉如蒜瓣，无细刺，味极鲜。\n<br>无需炸制，只消略微腌制后入锅慢烧，最后收汁。皮嫩，肉细致而不碎，蘸一蘸盘中酱汁，唇齿留香。\n, 1, 6, 1, 4, 15, 0$$ 0$$ 2$$ 2, 2210051$$ 2210033$$ 2210039$$ 2210034, 1$$ 1$$ 1$$ 1, 0, 0, 0, 0, 0, 0, 0, 0, 150, 2220118, 1, 0.0, 0, 0, 2001117, 
119, 豉汁蒸黄花鱼, 鲜鱼清蒸亦最显风味的做法，简单易做。\n<br>黄花鱼洗净，去内脏，鱼腹可塞葱段姜丝，上笼加豆豉同蒸，鲜香毕现。\n, 1, 6, 1, 5, 15, 0$$ 0$$ 2$$ 2, 2210051$$ 2210036$$ 2210039$$ 2210034, 1$$ 1$$ 1$$ 1, 0, 0, 0, 0, 0, 0, 0, 0, 160, 2220119, 1, 0.0, 0, 0, 2001118, 
120, 海鲜粥, 此粥养胃而明目，通脏补气。\n<br>虾仁与黄花鱼块下沸水汆汤至半熟，水中已融鲜美，就势下米熬煮，到米粒发软将烂再放虾仁和鱼肉一起煮。\n, 1, 6, 0, 3, 10, 0$$ 1$$ 1$$ 2, 2210002$$ 2210014$$ 2210051$$ 2210034, 1$$ 1$$ 1$$ 1, 0, 0, 0, 1, 1, 0, 0, 0, 140, 2220120, 1, 0.0, 0, 0, 1201119, 
121, 麻椒鲜笋, 巴蜀风味的家常菜，鲜辣开胃。\n<br>锅中花椒爆香，竹笋切片或切段，焯水后下锅加辣椒爆炒，香辣散出后即可出菜。\n, 1, 2, 2, 7, 20, 0$$ 0$$ 0$$ 2, 2210030$$ 2210032$$ 2210041$$ 2210034, 1$$ 1$$ 1$$ 1, 0, 0, 0, 0, 0, 0, 0, 0, 180, 2220121, 1, 0.0, 0, 0, 2101120, 
122, 馕包肉, 选取上好的羊肉切条，入水烫过后捞出，再至油锅炸，肉呈金黄色后，锅中放入葱姜和香料等爆香，加水焖煮。\n<br>馕饼铺盘，上置羊肉，锅中收火出浓汁勾芡，浇上，大功告成。\n, 1, 10, 0, 2, 10, 0$$ 0$$ 2$$ 2, 2210009$$ 2210001$$ 2210039$$ 2210034, 1$$ 1$$ 1$$ 1, 0, 0, 0, 0, 0, 0, 0, 0, 130, 2220122, 1, 0.0, 0, 0, 2001121, 
123, 冰糟肘子, 色泽红润，皮软肉烂，入口即化。\n<br>肘子烤至焦黄，大刀开骨，入锅小煮后抹掉水气，上糖色，入锅炸。\n最后加糖、料酒等上笼蒸到软烂，所出之汁水用作勾芡淋上。\n, 1, 10, 1, 4, 15, 0$$ 0$$ 0$$ 2, 2210005$$ 2210033$$ 2210038$$ 2210034, 1$$ 1$$ 1$$ 1, 0, 0, 0, 0, 0, 0, 0, 0, 150, 2220123, 1, 0.0, 0, 0, 3001122, 
124, 香酥鸡, 整只鸡要事先卤好，然后上笼蒸，蒸完还要下油锅炸，外皮因此酥脆可口，而鸡肉尚软嫩，此菜最适合下酒。, 1, 10, 1, 4, 15, 0$$ 0$$ 0$$ 2, 2210006$$ 2210037$$ 2210035$$ 2210034, 1$$ 1$$ 1$$ 1, 0, 0, 0, 0, 0, 0, 0, 0, 150, 2220124, 1, 0.0, 0, 0, 2001123, 
125, 酿皮, 以面浆蒸制的一种面皮。\n<br>水盐配蒜芥，辣椒拌茴香。\n香醋点晴蜓，砂锅熬麻酱。\n菜蔬牛肉片，食后余味长。\n, 1, 10, 1, 6, 20, 0$$ 0$$ 2$$ 2, 2210001$$ 2210032$$ 2210037$$ 2210034, 1$$ 1$$ 1$$ 1, 0, 0, 1, 0, 0, 0, 0, 0, 170, 2220125, 1, 0.0, 0, 0, 2001124, 
126, 雷公鸭, 鸭子砍成小块，以糯米混合茶叶磨粉裹之，再用荷叶包裹后以茶木烤制。\n<br>叶香鸭香浑然一体，清新鲜嫩，过口不忘。\n, 1, 5, 0, 3, 10, 0$$ 0$$ 2$$ 2, 2210007$$ 2210003$$ 2210037$$ 2210034, 1$$ 1$$ 1$$ 1, 0, 0, 0, 0, 0, 0, 0, 0, 140, 2220126, 1, 0.0, 0, 0, 2001125, 
127, 鲤鱼豆腐汤, 上好的新鲜鲤鱼可以熬出一锅奶白的汤，用它来煮豆腐，鲜嫩无比。\n鱼肉、豆腐、汤都一口也不要剩。\n, 1, 5, 0, 2, 10, 0$$ 0$$ 2$$ 2, 2210011$$ 2210017$$ 2210039$$ 2210034, 1$$ 1$$ 1$$ 1, 0, 0, 0, 0, 0, 0, 0, 0, 130, 2220127, 1, 0.0, 0, 0, 2001126, 
128, 鲜果甜汤, 选用新鲜的果子，如橘子——\n<br>去果汁加水和白糖熬汤，挤过汁儿的果肉可蒸制捣烂，与淀粉和糯米制成丸子，于果汤中煮制，鲜美清新，爽口怡人。\n, 1, 5, 2, 8, 25, 0$$ 0$$ 0$$ 0, 2210047$$ 2210033$$ 2210040$$ 2210003, 1$$ 1$$ 1$$ 1, 0, 0, 0, 0, 0, 0, 1, 0, 190, 2220128, 1, 0.02, 2220143, 1, 4001127, 
129, 腊八粥, 岁十二月，合聚万物而索飨之。\n<br>腊八之时的腊八粥包含胡桃仁、松子仁、芡实、莲子、红枣、桂圆肉、栗子、红豆等等，可以根据个人口味定，总之用料丰富，粥浓香甜。\n, 1, 7, 2, 8, 25, 0$$ 0$$ 0$$ 0, 2210002$$ 2210035$$ 2210033$$ 2210047, 1$$ 1$$ 1$$ 1, 0, 0, 0, 0, 0, 0, 0, 0, 190, 2220129, 1, 0.02, 2220144, 1, 3001128, 
130, 杂鱼粉, 鱼粉之鲜皆在于汤。\n<br>前夜取鱼骨猪骨文火慢煮一宿，再入鱼肉，熬成乳白色浓汤，吃时将粉烫熟，舀去数块鱼肉，再几颗葱花点缀。\n, 1, 7, 0, 3, 10, 0$$ 0$$ 0$$ 2, 2210011$$ 2210030$$ 2210001$$ 2210034, 1$$ 1$$ 1$$ 1, 0, 0, 0, 1, 1, 0, 0, 0, 140, 2220130, 1, 0.07, 2220145, 1, 3001129, 
131, 荷叶粉蒸肉, 夏季荷花美时，摘取新鲜荷叶。\n<br>猪肉加调料腌制，裹上糯米，荷叶包肉上笼蒸。\n肉酥软香糯而不腻，且带荷花清新，夏季吃来正解暑。\n, 1, 7, 0, 3, 10, 0$$ 0$$ 0$$ 0, 2210005$$ 2210046$$ 2210003$$ 2210037, 1$$ 1$$ 1$$ 1, 0, 0, 0, 0, 0, 0, 0, 0, 140, 2220131, 1, 0.0, 0, 0, 3001130, 
132, 老奶洋芋, 将芋头和土豆上笼蒸到软烂，用勺压成一大碗清香的白泥，下锅炒制。\n<br>因为口感绵软根本不需要用牙咬，老奶奶吃起来也不费力，故名老奶洋芋。\n, 1, 8, 0, 2, 10, 0$$ 0$$ 2$$ 2, 2210019$$ 2210018$$ 2210039$$ 2210034, 1$$ 1$$ 1$$ 1, 0, 0, 0, 0, 0, 0, 0, 0, 130, 2220132, 1, 0.0, 0, 0, 2001131, 
133, 黑三剁, 云南特产的辣椒风味独特，切粒待用。将猪肉与香菇也切碎（若个人喜欢，也可再加时蔬），一同下锅爆炒，香气逼人。成菜口感鲜美，开胃下饭。, 1, 8, 2, 7, 20, 0$$ 0$$ 0$$ 2, 2210005$$ 2210028$$ 2210032$$ 2210034, 1$$ 1$$ 1$$ 1, 0, 0, 0, 0, 0, 0, 0, 0, 180, 2220133, 1, 0.0, 0, 0, 3001132, 
134, 茉莉花炒肉, 将盛开的茉莉花采下，花瓣一一取来，清水洗净。\n<br>猪肉切片，加葱姜蒜末腌制，在下锅爆炒，出锅前稍稍加些清水，放入茉莉花烹煮。猪肉则肥而不腻，犹带清香。\n, 1, 8, 1, 5, 15, 1$$ 0$$ 2$$ 2, 2210005$$ 2210048$$ 2210039$$ 2210034, 1$$ 1$$ 1$$ 1, 0, 0, 0, 0, 0, 0, 0, 0, 160, 2220134, 1, 0.0, 0, 0, 1101133, 
135, 鲜花饼, 云滇密林中多有花草，如玫瑰、山茶。百合、玉兰等。\n<br>做鲜花饼的首选是玫瑰，不但清甜，颜色也红润喜人。花瓣与蜜糖相融，甜香怡人，酥皮层次分明，别有风味。\n, 1, 8, 1, 5, 15, 0$$ 0$$ 0$$ 2, 2210001$$ 2210048$$ 2210033$$ 2210034, 1$$ 1$$ 1$$ 1, 0, 0, 0, 0, 0, 0, 1, 0, 160, 2220135, 1, 0.07, 2220146, 1, 3001134, 
136, 荷叶蒸豆腐, 夏时荷花满江南，犹以西湖莲华最美。趁白日悠长，取翠色欲滴的荷叶铺于蒸笼之底，雪白的豆腐在上，蒸出鲜香荷清，一品江南风华。, 1, 3, 0, 3, 10, 0$$ 0$$ 2$$ 2, 2210017$$ 2210046$$ 2210037$$ 2210034, 1$$ 1$$ 1$$ 1, 0, 0, 0, 0, 0, 0, 0, 0, 140, 2220136, 1, 0.07, 2220147, 1, 2001135, 
137, 甜粽, 甜粽子是孩子的最爱，白糖混着糯米，沾着碧叶清香，一口一口，不知不觉就吃掉一个又一个。\n<br>糯米不好克化，晚上可别吃太多。\n, 1, 12, 1, 4, 15, 0$$ 0$$ 0$$ 2, 2210003$$ 2210046$$ 2210033$$ 2210034, 1$$ 1$$ 1$$ 1, 0, 0, 0, 0, 0, 0, 1, 0, 150, 2220137, 1, 0.0, 0, 0, 3001136, 
138, 肉粽, 糯米的肉块最可爱了。猪肉有油香，但是叶子的清香完美解腻。\n另外包粽子前猪肉需要腌制，不然味道就会很寡淡了。\n, 1, 12, 0, 3, 10, 0$$ 0$$ 1$$ 2, 2210003$$ 2210046$$ 2210005$$ 2210034, 1$$ 1$$ 1$$ 1, 0, 1, 0, 0, 0, 0, 0, 0, 140, 2220138, 1, 0.0, 0, 0, 2101137, 
139, 枫香炒饵块, 枫香树在云滇五仙教心目中颇为神圣。秋时，叶红而落，有解毒止血之效，自带清香。\n<br>饵块乃是大米制成，溲米面蒸之则为饵。切成小块裹上蛋液，同枫香叶清炒，口感韧而爽口。\n, 1, 8, 0, 2, 10, 0$$ 0$$ 0$$ 2, 2210002$$ 2210005$$ 2210004$$ 2210034, 1$$ 1$$ 1$$ 1, 0, 1, 0, 0, 0, 0, 0, 0, 130, 2220139, 1, 0.0, 0, 0, 3001138, 
140, 失败的料理, 一道失败的料理, 0, 8, 0, 1, 5, 2$$ 2$$ 2$$ 2, 2210001$$ 2210002$$ 2210003$$ 2210004, 1$$ 1$$ 1$$ 1, 4, 4, 4, 4, 4, 4, 4, 4, 120, 2220156, 1, 0.0, 0, 0, 0, 
