id, name, v3, v4, baseId, level, zuomoLevel, attrId, decoId, behaviorDecoId, yelinglongNum, suiyin, needLevel, judgeLevel, feedExp, feedLevel, nInheritItemID, nInheritItemIDName, nInheritItemNum, iFilterGroupID,
10100, 纳海, , 0, 10100, 0, 0, [], [], [], 0, 0, 0, 0, 0, 0, 0, 0, 0, [], 
10101, 纳海, , 0, 10100, 1, 14, [300101], [], [], 40, 600000, 61, 0, 10, 5, 0, 0, 0, [], 
10102, 纳海, , 0, 10100, 2, 18, [300102], [], [], 90, 1350000, 61, 0, 10, 5, 0, 0, 0, [], 
10103, 纳海, , 0, 10100, 3, 21, [300103], [], [], 150, 2250000, 61, 0, 10, 5, 0, 0, 0, [], 
10104, 纳海, , 0, 10100, 4, 23, [300104], [], [], 200, 3000000, 61, 0, 10, 5, 0, 0, 0, [], 
10105, 纳海, , 0, 10100, 5, 24, [300105], [], [], 0, 0, 61, 0, 10, 5, 0, 0, 0, [], 
10200, 朝山, , 0, 10200, 0, 0, [], [], [], 0, 0, 0, 0, 0, 0, 0, 0, 0, [], 
10201, 朝山, , 0, 10200, 1, 0, [300201], [], [], 30, 450000, 61, 0, 10, 5, 0, 0, 0, [], 
10202, 朝山, , 0, 10200, 2, 18, [300202], [], [], 60, 900000, 61, 0, 10, 5, 0, 0, 0, [], 
10203, 朝山, , 0, 10200, 3, 21, [300203], [], [], 100, 1500000, 61, 0, 10, 5, 0, 0, 0, [], 
10204, 朝山, , 0, 10200, 4, 23, [300204], [], [], 150, 2250000, 61, 0, 10, 5, 0, 0, 0, [], 
10205, 朝山, , 0, 10200, 5, 24, [300205], [], [], 0, 0, 61, 0, 10, 5, 0, 0, 0, [], 
10300, 烈光, , 0, 10300, 0, 0, [], [], [], 0, 0, 0, 0, 0, 0, 0, 0, 0, [], 
10301, 烈光, , 0, 10300, 1, 14, [300301], [], [], 60, 900000, 61, 0, 20, 5, 0, 0, 0, [], 
10302, 烈光, , 0, 10300, 2, 18, [300302], [], [], 120, 1800000, 61, 0, 20, 5, 0, 0, 0, [], 
10303, 烈光, , 0, 10300, 3, 23, [300303], [], [], 200, 3000000, 61, 0, 20, 5, 0, 0, 0, [], 
10304, 烈光, , 0, 10300, 4, 24, [300304], [], [], 300, 4500000, 61, 0, 20, 5, 0, 0, 0, [], 
10305, 烈光, , 0, 10300, 5, 25, [300305], [], [], 0, 0, 61, 0, 20, 5, 0, 0, 0, [], 
10400, 寒宸, , 0, 10400, 0, 0, [], [], [], 0, 0, 0, 0, 0, 0, 0, 0, 0, [], 
10401, 寒宸, , 0, 10400, 1, 14, [300401], [], [], 60, 900000, 61, 0, 20, 5, 0, 0, 0, [], 
10402, 寒宸, , 0, 10400, 2, 18, [300402], [], [], 120, 1800000, 61, 0, 20, 5, 0, 0, 0, [], 
10403, 寒宸, , 0, 10400, 3, 23, [300403], [], [], 200, 3000000, 61, 0, 20, 5, 0, 0, 0, [], 
10404, 寒宸, , 0, 10400, 4, 24, [300404], [], [], 300, 4500000, 61, 0, 20, 5, 0, 0, 0, [], 
10405, 寒宸, , 0, 10400, 5, 25, [300405], [], [], 0, 0, 61, 0, 20, 5, 0, 0, 0, [], 
10500, 灵焰, , 0, 10500, 0, 0, [], [], [], 0, 0, 0, 0, 0, 0, 0, 0, 0, [], 
10501, 灵焰, , 0, 10500, 1, 14, [300901], [], [], 60, 900000, 61, 0, 20, 5, 0, 0, 0, [], 
10502, 灵焰, , 0, 10500, 2, 18, [300902], [], [], 120, 1800000, 61, 0, 20, 5, 0, 0, 0, [], 
10503, 灵焰, , 0, 10500, 3, 23, [300903], [], [], 200, 3000000, 61, 0, 20, 5, 0, 0, 0, [], 
10504, 灵焰, , 0, 10500, 4, 24, [300904], [], [], 300, 4500000, 61, 0, 20, 5, 0, 0, 0, [], 
10505, 灵焰, , 0, 10500, 5, 25, [300905], [], [], 0, 0, 61, 0, 20, 5, 0, 0, 0, [], 
10600, 心芒, , 0, 10600, 0, 0, [], [], [], 0, 0, 0, 0, 0, 0, 0, 0, 0, [], 
10601, 心芒, , 0, 10600, 1, 14, [300801], [], [], 60, 900000, 61, 0, 20, 5, 0, 0, 0, [], 
10602, 心芒, , 0, 10600, 2, 18, [300802], [], [], 120, 1800000, 61, 0, 20, 5, 0, 0, 0, [], 
10603, 心芒, , 0, 10600, 3, 23, [300803], [], [], 200, 3000000, 61, 0, 20, 5, 0, 0, 0, [], 
10604, 心芒, , 0, 10600, 4, 24, [300804], [], [], 300, 4500000, 61, 0, 20, 5, 0, 0, 0, [], 
10605, 心芒, , 0, 10600, 5, 25, [300805], [], [], 0, 0, 61, 0, 20, 5, 0, 0, 0, [], 
10700, 薄魄, , 0, 10700, 0, 0, [], [], [], 0, 0, 0, 0, 0, 0, 0, 0, 0, [], 
10701, 薄魄, , 0, 10700, 1, 14, [301201], [], [], 60, 900000, 61, 0, 20, 5, 0, 0, 0, [], 
10702, 薄魄, , 0, 10700, 2, 18, [301202], [], [], 120, 1800000, 61, 0, 20, 5, 0, 0, 0, [], 
10703, 薄魄, , 0, 10700, 3, 23, [301203], [], [], 200, 3000000, 61, 0, 20, 5, 0, 0, 0, [], 
10704, 薄魄, , 0, 10700, 4, 24, [301204], [], [], 300, 4500000, 61, 0, 20, 5, 0, 0, 0, [], 
10705, 薄魄, , 0, 10700, 5, 25, [301205], [], [], 0, 0, 61, 0, 20, 5, 0, 0, 0, [], 
10800, 孤魂, , 0, 10800, 0, 0, [], [], [], 0, 0, 0, 0, 0, 0, 0, 0, 0, [], 
10801, 孤魂, , 0, 10800, 1, 14, [301101], [], [], 60, 900000, 61, 0, 20, 5, 0, 0, 0, [], 
10802, 孤魂, , 0, 10800, 2, 18, [301102], [], [], 120, 1800000, 61, 0, 20, 5, 0, 0, 0, [], 
10803, 孤魂, , 0, 10800, 3, 23, [301103], [], [], 200, 3000000, 61, 0, 20, 5, 0, 0, 0, [], 
10804, 孤魂, , 0, 10800, 4, 24, [301104], [], [], 300, 4500000, 61, 0, 20, 5, 0, 0, 0, [], 
10805, 孤魂, , 0, 10800, 5, 25, [301105], [], [], 0, 0, 61, 0, 20, 5, 0, 0, 0, [], 
10900, 柔念, , 0, 10900, 0, 0, [], [], [], 0, 0, 0, 0, 0, 0, 0, 0, 0, [], 
10901, 柔念, , 0, 10900, 1, 14, [301001], [], [], 60, 900000, 61, 0, 20, 5, 0, 0, 0, [], 
10902, 柔念, , 0, 10900, 2, 18, [301002], [], [], 120, 1800000, 61, 0, 20, 5, 0, 0, 0, [], 
10903, 柔念, , 0, 10900, 3, 23, [301003], [], [], 200, 3000000, 61, 0, 20, 5, 0, 0, 0, [], 
10904, 柔念, , 0, 10900, 4, 24, [301004], [], [], 300, 4500000, 61, 0, 20, 5, 0, 0, 0, [], 
10905, 柔念, , 0, 10900, 5, 25, [301005], [], [], 0, 0, 61, 0, 20, 5, 0, 0, 0, [], 
11000, 逐风, , 0, 11000, 0, 0, [], [], [], 0, 0, 0, 0, 0, 0, 0, 0, 0, [], 
11001, 逐风, , 0, 11000, 1, 14, [300501], [], [], 60, 900000, 61, 0, 20, 5, 0, 0, 0, [], 
11002, 逐风, , 0, 11000, 2, 18, [300502], [], [], 120, 1800000, 61, 0, 20, 5, 0, 0, 0, [], 
11003, 逐风, , 0, 11000, 3, 23, [300503], [], [], 200, 3000000, 61, 0, 20, 5, 0, 0, 0, [], 
11004, 逐风, , 0, 11000, 4, 24, [300504], [], [], 300, 4500000, 61, 0, 20, 5, 0, 0, 0, [], 
11005, 逐风, , 0, 11000, 5, 25, [300505], [], [], 0, 0, 61, 0, 20, 5, 0, 0, 0, [], 
11100, 专情, , 0, 11100, 0, 0, [], [], [], 0, 0, 0, 0, 0, 0, 0, 0, 0, [], 
11101, 专情, , 0, 11100, 1, 14, [300601], [], [], 60, 900000, 61, 0, 10, 5, 0, 0, 0, [], 
11102, 专情, , 0, 11100, 2, 18, [300602], [], [], 120, 1800000, 61, 0, 10, 5, 0, 0, 0, [], 
11103, 专情, , 0, 11100, 3, 23, [300603], [], [], 200, 3000000, 61, 0, 10, 5, 0, 0, 0, [], 
11104, 专情, , 0, 11100, 4, 24, [300604], [], [], 300, 4500000, 61, 0, 10, 5, 0, 0, 0, [], 
11105, 专情, , 0, 11100, 5, 25, [300605], [], [], 0, 0, 61, 0, 10, 5, 0, 0, 0, [], 
11200, 屏月, , 0, 11200, 0, 0, [], [], [], 0, 0, 0, 0, 0, 0, 0, 0, 0, [], 
11201, 屏月, , 0, 11200, 1, 14, [300701], [], [], 60, 900000, 61, 0, 10, 5, 0, 0, 0, [], 
11202, 屏月, , 0, 11200, 2, 18, [300702], [], [], 120, 1800000, 61, 0, 10, 5, 0, 0, 0, [], 
11203, 屏月, , 0, 11200, 3, 23, [300703], [], [], 200, 3000000, 61, 0, 10, 5, 0, 0, 0, [], 
11204, 屏月, , 0, 11200, 4, 24, [300704], [], [], 300, 4500000, 61, 0, 10, 5, 0, 0, 0, [], 
11205, 屏月, , 0, 11200, 5, 25, [300705], [], [], 0, 0, 61, 0, 10, 5, 0, 0, 0, [], 
100, , , 0, 100, 0, 0, [], [], [], 0, 0, 61, 0, 0, 5, 0, 0, 0, [], 
101, 精纯冶玲珑·壹, , 0, 100, 1, 0, [], [], [], 0, 0, 61, 0, 10, 5, 0, 0, 0, [], 
200, , , 0, 200, 0, 0, [], [], [], 0, 0, 61, 0, 0, 5, 0, 0, 0, [], 
201, 劫火冶玲珑·壹, , 0, 200, 1, 0, [], [], [], 0, 0, 61, 0, 20, 5, 0, 0, 0, [], 
300, , , 0, 300, 0, 0, [], [], [], 0, 0, 61, 0, 0, 5, 0, 0, 0, [], 
301, 玄天冶玲珑·壹, , 0, 300, 1, 0, [], [], [], 0, 0, 61, 0, 40, 5, 0, 0, 0, [], 
400, , , 1, 400, 0, 0, [], [], [], 0, 0, 61, 0, 0, 5, 0, 0, 0, [], 
401, 精纯冶玲珑·贰, , 1, 400, 1, 0, [], [], [], 0, 0, 61, 0, 10, 5, 0, 0, 0, [], 
500, , , 0, 500, 0, 0, [], [], [], 0, 0, 61, 0, 0, 5, 0, 0, 0, [], 
501, 劫火冶玲珑·贰, , 1, 500, 1, 0, [], [], [], 0, 0, 61, 0, 20, 5, 0, 0, 0, [], 
600, , , 0, 600, 0, 0, [], [], [], 0, 0, 61, 0, 0, 5, 0, 0, 0, [], 
601, 玄天冶玲珑·贰, , 1, 600, 1, 0, [], [], [], 0, 0, 61, 0, 40, 5, 0, 0, 0, [], 
11300, 苍龙出水·劲松, , 1, 11300, 0, 0, [], [], [], 0, 0, 0, 0, 0, 0, 0, 0, 0, [], 
11301, 苍龙出水·劲松, , 1, 11300, 1, 0, [], [16112315], [], 40, 1200000, 61, 0, 20, 5, 0, 181901, 1, [], 
11302, 苍龙出水·劲松, , 1, 11300, 2, 21, [], [16112316], [], 60, 1800000, 61, 0, 20, 5, 0, 181901, 1, [], 
11303, 苍龙出水·劲松, , 1, 11300, 3, 24, [], [16112317], [], 80, 2400000, 61, 0, 20, 5, 0, 181901, 1, [], 
11304, 苍龙出水·劲松, , 1, 11300, 4, 25, [], [16112318], [], 120, 3600000, 61, 0, 20, 5, 0, 181901, 1, [], 
11305, 苍龙出水·劲松, , 1, 11300, 5, 33, [], [16112319], [10101], 0, 0, 61, 0, 20, 5, 0, 181901, 1, [], 
11400, 回风落雁·劲松, , 1, 11400, 0, 0, [], [], [], 0, 0, 0, 0, 0, 0, 0, 0, 0, [], 
11401, 回风落雁·劲松, , 1, 11400, 1, 18, [], [16112310], [], 40, 1200000, 61, 0, 20, 5, 0, 181901, 1, [], 
11402, 回风落雁·劲松, , 1, 11400, 2, 21, [], [16112311], [], 60, 1800000, 61, 0, 20, 5, 0, 181901, 1, [], 
11403, 回风落雁·劲松, , 1, 11400, 3, 24, [], [16112312], [], 80, 2400000, 61, 0, 20, 5, 0, 181901, 1, [], 
11404, 回风落雁·劲松, , 1, 11400, 4, 25, [], [16112313], [], 120, 3600000, 61, 0, 20, 5, 0, 181901, 1, [], 
11405, 回风落雁·劲松, , 1, 11400, 5, 33, [], [16112314], [10201], 0, 0, 61, 0, 20, 5, 0, 181901, 1, [], 
11500, 断龙枪·劲松, , 1, 11500, 0, 0, [], [], [], 0, 0, 0, 0, 0, 0, 0, 0, 0, [], 
11501, 断龙枪·劲松, , 1, 11500, 1, 18, [], [15303405], [], 40, 1200000, 61, 0, 20, 5, 0, 181901, 1, [], 
11502, 断龙枪·劲松, , 1, 11500, 2, 21, [], [15303406], [], 60, 1800000, 61, 0, 20, 5, 0, 181901, 1, [], 
11503, 断龙枪·劲松, , 1, 11500, 3, 24, [], [15303407], [], 80, 2400000, 61, 0, 20, 5, 0, 181901, 1, [], 
11504, 断龙枪·劲松, , 1, 11500, 4, 25, [], [15303408], [], 120, 3600000, 61, 0, 20, 5, 0, 181901, 1, [], 
11505, 断龙枪·劲松, , 1, 11500, 5, 33, [], [15303409], [20101], 0, 0, 61, 0, 20, 5, 0, 181901, 1, [], 
11600, 贯甲箭·龙泽, , 1, 11600, 0, 0, [], [], [], 0, 0, 0, 0, 0, 0, 0, 0, 0, [], 
11601, 贯甲箭·龙泽, , 1, 11600, 1, 18, [], [15303400], [], 40, 1200000, 61, 0, 20, 5, 0, 181901, 1, [], 
11602, 贯甲箭·龙泽, , 1, 11600, 2, 21, [], [15303401], [], 60, 1800000, 61, 0, 20, 5, 0, 181901, 1, [], 
11603, 贯甲箭·龙泽, , 1, 11600, 3, 24, [], [15303402], [], 80, 2400000, 61, 0, 20, 5, 0, 181901, 1, [], 
11604, 贯甲箭·龙泽, , 1, 11600, 4, 25, [], [15303403], [], 120, 3600000, 61, 0, 20, 5, 0, 181901, 1, [], 
11605, 贯甲箭·龙泽, , 1, 11600, 5, 33, [], [15303404], [20201], 0, 0, 61, 0, 20, 5, 0, 181901, 1, [], 
11700, 虎尾脚·长辛, , 1, 11700, 0, 0, [], [], [], 0, 0, 0, 0, 0, 0, 0, 0, 0, [], 
11701, 虎尾脚·长辛, , 1, 11700, 1, 18, [], [13102140], [], 40, 1200000, 61, 0, 20, 5, 0, 181901, 1, [], 
11702, 虎尾脚·长辛, , 1, 11700, 2, 21, [], [13102141], [], 60, 1800000, 61, 0, 20, 5, 0, 181901, 1, [], 
11703, 虎尾脚·长辛, , 1, 11700, 3, 24, [], [13102142], [], 80, 2400000, 61, 0, 20, 5, 0, 181901, 1, [], 
11704, 虎尾脚·长辛, , 1, 11700, 4, 25, [], [13102143], [], 120, 3600000, 61, 0, 20, 5, 0, 181901, 1, [], 
11705, 虎尾脚·长辛, , 1, 11700, 5, 33, [], [13102144], [30101], 0, 0, 61, 0, 20, 5, 0, 181901, 1, [], 
11800, 倒提壶·观复, , 1, 11800, 0, 0, [], [], [], 0, 0, 0, 0, 0, 0, 0, 0, 0, [], 
11801, 倒提壶·观复, , 1, 11800, 1, 18, [], [13102150], [], 40, 1200000, 61, 0, 20, 5, 0, 181901, 1, [], 
11802, 倒提壶·观复, , 1, 11800, 2, 21, [], [13102151], [], 60, 1800000, 61, 0, 20, 5, 0, 181901, 1, [], 
11803, 倒提壶·观复, , 1, 11800, 3, 24, [], [13102152], [], 80, 2400000, 61, 0, 20, 5, 0, 181901, 1, [], 
11804, 倒提壶·观复, , 1, 11800, 4, 25, [], [13102153], [], 120, 3600000, 61, 0, 20, 5, 0, 181901, 1, [], 
11805, 倒提壶·观复, , 1, 11800, 5, 33, [], [13102154], [30201], 0, 0, 61, 0, 20, 5, 0, 181901, 1, [], 
11900, 乳燕归巢·怀柔, , 1, 11900, 0, 0, [], [], [], 0, 0, 0, 0, 0, 0, 0, 0, 0, [], 
11901, 乳燕归巢·怀柔, , 1, 11900, 1, 18, [], [14111315], [], 40, 1200000, 61, 0, 20, 5, 0, 181901, 1, [], 
11902, 乳燕归巢·怀柔, , 1, 11900, 2, 21, [], [14111316], [], 60, 1800000, 61, 0, 20, 5, 0, 181901, 1, [], 
11903, 乳燕归巢·怀柔, , 1, 11900, 3, 24, [], [14111317], [], 80, 2400000, 61, 0, 20, 5, 0, 181901, 1, [], 
11904, 乳燕归巢·怀柔, , 1, 11900, 4, 25, [], [14111318], [], 120, 3600000, 61, 0, 20, 5, 0, 181901, 1, [], 
11905, 乳燕归巢·怀柔, , 1, 11900, 5, 33, [], [14111319], [40101], 0, 0, 61, 0, 20, 5, 0, 181901, 1, [], 
12000, 千魂裂·长辛, , 1, 12000, 0, 0, [], [], [], 0, 0, 0, 0, 0, 0, 0, 0, 0, [], 
12001, 千魂裂·长辛, , 1, 12000, 1, 18, [], [14111310], [], 40, 1200000, 61, 0, 20, 5, 0, 181901, 1, [], 
12002, 千魂裂·长辛, , 1, 12000, 2, 21, [], [14111311], [], 60, 1800000, 61, 0, 20, 5, 0, 181901, 1, [], 
12003, 千魂裂·长辛, , 1, 12000, 3, 24, [], [14111312], [], 80, 2400000, 61, 0, 20, 5, 0, 181901, 1, [], 
12004, 千魂裂·长辛, , 1, 12000, 4, 25, [], [14111313], [], 120, 3600000, 61, 0, 20, 5, 0, 181901, 1, [], 
12005, 千魂裂·长辛, , 1, 12000, 5, 33, [], [14111314], [40201], 0, 0, 61, 0, 20, 5, 0, 181901, 1, [], 
12100, 驱影·长辛, , 1, 12100, 0, 0, [], [], [], 0, 0, 0, 0, 0, 0, 0, 0, 0, [], 
12101, 驱影·长辛, , 1, 12100, 1, 18, [], [18102400], [], 40, 1200000, 61, 0, 20, 5, 0, 181901, 1, [], 
12102, 驱影·长辛, , 1, 12100, 2, 21, [], [18102401], [], 60, 1800000, 61, 0, 20, 5, 0, 181901, 1, [], 
12103, 驱影·长辛, , 1, 12100, 3, 24, [], [18102402], [], 80, 2400000, 61, 0, 20, 5, 0, 181901, 1, [], 
12104, 驱影·长辛, , 1, 12100, 4, 25, [], [18102403], [], 120, 3600000, 61, 0, 20, 5, 0, 181901, 1, [], 
12105, 驱影·长辛, , 1, 12100, 5, 33, [], [18102404], [50101], 0, 0, 61, 0, 20, 5, 0, 181901, 1, [], 
12200, 芳华一瞬·长辛, , 1, 12200, 0, 0, [], [], [], 0, 0, 0, 0, 0, 0, 0, 0, 0, [], 
12201, 芳华一瞬·长辛, , 1, 12200, 1, 18, [], [12106400], [], 40, 1200000, 61, 0, 20, 5, 0, 181901, 1, [], 
12202, 芳华一瞬·长辛, , 1, 12200, 2, 21, [], [12106401], [], 60, 1800000, 61, 0, 20, 5, 0, 181901, 1, [], 
12203, 芳华一瞬·长辛, , 1, 12200, 3, 24, [], [12106402], [], 80, 2400000, 61, 0, 20, 5, 0, 181901, 1, [], 
12204, 芳华一瞬·长辛, , 1, 12200, 4, 25, [], [12106403], [], 120, 3600000, 61, 0, 20, 5, 0, 181901, 1, [], 
12205, 芳华一瞬·长辛, , 1, 12200, 5, 33, [], [12106404], [60101], 0, 0, 61, 0, 20, 5, 0, 181901, 1, [], 
12300, 伞舞旋·劲松, , 1, 12300, 0, 0, [], [], [], 0, 0, 0, 0, 0, 0, 0, 0, 0, [], 
12301, 伞舞旋·劲松, , 1, 12300, 1, 18, [], [12106405], [], 40, 1200000, 61, 0, 20, 5, 0, 181901, 1, [], 
12302, 伞舞旋·劲松, , 1, 12300, 2, 21, [], [12106406], [], 60, 1800000, 61, 0, 20, 5, 0, 181901, 1, [], 
12303, 伞舞旋·劲松, , 1, 12300, 3, 24, [], [12106407], [], 80, 2400000, 61, 0, 20, 5, 0, 181901, 1, [], 
12304, 伞舞旋·劲松, , 1, 12300, 4, 25, [], [12106408], [], 120, 3600000, 61, 0, 20, 5, 0, 181901, 1, [], 
12305, 伞舞旋·劲松, , 1, 12300, 5, 33, [], [12106409], [60201], 0, 0, 61, 0, 20, 5, 0, 181901, 1, [], 
12400, 索命诀·怀柔, , 1, 12400, 0, 0, [], [], [], 0, 0, 0, 0, 0, 0, 0, 0, 0, [], 
12401, 索命诀·怀柔, , 1, 12400, 1, 18, [], [19005405], [], 40, 1200000, 61, 0, 20, 5, 0, 181901, 1, [], 
12402, 索命诀·怀柔, , 1, 12400, 2, 21, [], [19005406], [], 60, 1800000, 61, 0, 20, 5, 0, 181901, 1, [], 
12403, 索命诀·怀柔, , 1, 12400, 3, 24, [], [19005407], [], 80, 2400000, 61, 0, 20, 5, 0, 181901, 1, [], 
12404, 索命诀·怀柔, , 1, 12400, 4, 25, [], [19005408], [], 120, 3600000, 61, 0, 20, 5, 0, 181901, 1, [], 
12405, 索命诀·怀柔, , 1, 12400, 5, 33, [], [19005409], [70101], 0, 0, 61, 0, 20, 5, 0, 181901, 1, [], 
12500, 灵蛇刺骨·观复, , 1, 12500, 0, 0, [], [], [], 0, 0, 0, 0, 0, 0, 0, 0, 0, [], 
12501, 灵蛇刺骨·观复, , 1, 12500, 1, 18, [], [19005400], [], 40, 1200000, 61, 0, 20, 5, 0, 181901, 1, [], 
12502, 灵蛇刺骨·观复, , 1, 12500, 2, 21, [], [19005401], [], 60, 1800000, 61, 0, 20, 5, 0, 181901, 1, [], 
12503, 灵蛇刺骨·观复, , 1, 12500, 3, 24, [], [19005402], [], 80, 2400000, 61, 0, 20, 5, 0, 181901, 1, [], 
12504, 灵蛇刺骨·观复, , 1, 12500, 4, 25, [], [19005403], [], 120, 3600000, 61, 0, 20, 5, 0, 181901, 1, [], 
12505, 灵蛇刺骨·观复, , 1, 12500, 5, 33, [], [19005404], [70201], 0, 0, 61, 0, 20, 5, 0, 181901, 1, [], 
2000, 苍龙出水·长辛, , 0, 2000, 0, 0, [], [], [], 0, 0, 0, 0, 0, 0, 0, 0, 0, [], 
2001, 苍龙出水·长辛, , 0, 2000, 1, 0, [301301], [16200001], [], 15, 2000000, 81, 0, 1, 0, 0, 0, 0, [], 
2002, 苍龙出水·长辛, , 0, 2000, 2, 1, [301302], [16200002], [], 30, 3500000, 81, 0, 1, 0, 0, 0, 0, [], 
2003, 苍龙出水·长辛, , 0, 2000, 3, 2, [301303], [16200003], [], 45, 5000000, 81, 0, 1, 0, 0, 0, 0, [], 
2004, 苍龙出水·长辛, , 0, 2000, 4, 3, [301304], [16200004], [], 2, 7500000, 81, 0, 1, 0, 0, 0, 0, [], 
2005, 苍龙出水·长辛, , 0, 2000, 5, 5, [301305], [16200005], [], 50, 10000000, 81, 0, 1, 0, 0, 0, 0, [], 
2006, 苍龙出水·长辛, , 0, 2000, 6, 8, [301306], [16200006], [], 100, 12500000, 81, 0, 1, 0, 0, 0, 0, [], 
2007, 苍龙出水·长辛, , 0, 2000, 7, 12, [301307], [16200007], [], 150, 15000000, 81, 0, 1, 0, 0, 0, 0, [], 
2008, 苍龙出水·长辛, , 0, 2000, 8, 16, [301308], [16200008], [], 2, 50000000, 81, 0, 1, 0, 0, 0, 0, [], 
2009, 苍龙出水·长辛, , 0, 2000, 9, 20, [301309], [16200009], [11101], 0, 0, 81, 0, 1, 0, 0, 0, 0, [], 
2100, 回风落雁·天罡, , 0, 2100, 0, 0, [], [], [], 0, 0, 0, 0, 0, 0, 0, 0, 0, [], 
2101, 回风落雁·天罡, , 0, 2100, 1, 0, [301401], [16200101], [], 30, 3200000, 81, 0, 1, 0, 0, 0, 0, [], 
2102, 回风落雁·天罡, , 0, 2100, 2, 1, [301402], [16200102], [], 60, 5600000, 81, 0, 1, 0, 0, 0, 0, [], 
2103, 回风落雁·天罡, , 0, 2100, 3, 2, [301403], [16200103], [], 90, 8000000, 81, 0, 1, 0, 0, 0, 0, [], 
2104, 回风落雁·天罡, , 0, 2100, 4, 3, [301404], [16200104], [], 3, 12000000, 81, 0, 1, 0, 0, 0, 0, [], 
2105, 回风落雁·天罡, , 0, 2100, 5, 5, [301405], [16200105], [], 75, 16000000, 81, 0, 1, 0, 0, 0, 0, [], 
2106, 回风落雁·天罡, , 0, 2100, 6, 8, [301406], [16200106], [], 150, 20000000, 81, 0, 1, 0, 0, 0, 0, [], 
2107, 回风落雁·天罡, , 0, 2100, 7, 12, [301407], [16200107], [], 225, 24000000, 81, 0, 1, 0, 0, 0, 0, [], 
2108, 回风落雁·天罡, , 0, 2100, 8, 16, [301408], [16200108], [], 3, 80000000, 81, 0, 1, 0, 0, 0, 0, [], 
2109, 回风落雁·天罡, , 0, 2100, 9, 20, [301409], [16200109], [11201], 0, 0, 81, 0, 1, 0, 0, 0, 0, [], 
2200, 雨落云飞·地煞, , 0, 2200, 0, 0, [], [], [], 0, 0, 0, 0, 0, 0, 0, 0, 0, [], 
2201, 雨落云飞·地煞, , 0, 2200, 1, 0, [301501], [16200201], [], 90, 3850000, 81, 0, 1, 0, 0, 0, 0, [], 
2202, 雨落云飞·地煞, , 0, 2200, 2, 1, [301502], [16200202], [], 180, 6700000, 81, 0, 1, 0, 0, 0, 0, [], 
2203, 雨落云飞·地煞, , 0, 2200, 3, 2, [301503], [16200203], [], 270, 9600000, 81, 0, 1, 0, 0, 0, 0, [], 
2204, 雨落云飞·地煞, , 0, 2200, 4, 3, [301504], [16200204], [], 4, 14400000, 81, 0, 1, 0, 0, 0, 0, [], 
2205, 雨落云飞·地煞, , 0, 2200, 5, 5, [301505], [16200205], [], 95, 19200000, 81, 0, 1, 0, 0, 0, 0, [], 
2206, 雨落云飞·地煞, , 0, 2200, 6, 8, [301506], [16200206], [], 190, 24000000, 81, 0, 1, 0, 0, 0, 0, [], 
2207, 雨落云飞·地煞, , 0, 2200, 7, 12, [301507], [16200207], [], 280, 28800000, 81, 0, 1, 0, 0, 0, 0, [], 
2208, 雨落云飞·地煞, , 0, 2200, 8, 16, [301508], [16200208], [], 4, 96000000, 81, 0, 1, 0, 0, 0, 0, [], 
2209, 雨落云飞·地煞, , 0, 2200, 9, 20, [301509], [16200209], [11301], 0, 0, 81, 0, 1, 0, 0, 0, 0, [], 
2300, 飞燕逐月·长辛, , 0, 2300, 0, 0, [], [], [], 0, 0, 0, 0, 0, 0, 0, 0, 0, [], 
2301, 飞燕逐月·长辛, , 0, 2300, 1, 0, [301601], [16200301], [], 115, 4600000, 81, 0, 1, 0, 0, 0, 0, [], 
2302, 飞燕逐月·长辛, , 0, 2300, 2, 1, [301602], [16200302], [], 225, 8050000, 81, 0, 1, 0, 0, 0, 0, [], 
2303, 飞燕逐月·长辛, , 0, 2300, 3, 2, [301603], [16200303], [], 340, 11500000, 81, 0, 1, 0, 0, 0, 0, [], 
2304, 飞燕逐月·长辛, , 0, 2300, 4, 3, [301604], [16200304], [], 5, 17300000, 81, 0, 1, 0, 0, 0, 0, [], 
2305, 飞燕逐月·长辛, , 0, 2300, 5, 5, [301605], [16200305], [], 120, 23050000, 81, 0, 1, 0, 0, 0, 0, [], 
2306, 飞燕逐月·长辛, , 0, 2300, 6, 8, [301606], [16200306], [], 240, 28800000, 81, 0, 1, 0, 0, 0, 0, [], 
2307, 飞燕逐月·长辛, , 0, 2300, 7, 12, [301607], [16200307], [], 350, 34550000, 81, 0, 1, 0, 0, 0, 0, [], 
2308, 飞燕逐月·长辛, , 0, 2300, 8, 16, [301608], [16200308], [], 5, 115200000, 81, 0, 1, 0, 0, 0, 0, [], 
2309, 飞燕逐月·长辛, , 0, 2300, 9, 20, [301609], [16200309], [11401], 0, 0, 81, 0, 1, 0, 0, 0, 0, [], 
2400, 断龙枪·劲松, , 0, 2400, 0, 0, [], [], [], 0, 0, 0, 0, 0, 0, 0, 0, 0, [], 
2401, 断龙枪·劲松, , 0, 2400, 1, 0, [301301], [15400001], [], 15, 2000000, 81, 0, 1, 0, 0, 0, 0, [], 
2402, 断龙枪·劲松, , 0, 2400, 2, 1, [301302], [15400002], [], 30, 3500000, 81, 0, 1, 0, 0, 0, 0, [], 
2403, 断龙枪·劲松, , 0, 2400, 3, 2, [301303], [15400003], [], 45, 5000000, 81, 0, 1, 0, 0, 0, 0, [], 
2404, 断龙枪·劲松, , 0, 2400, 4, 3, [301304], [15400004], [], 2, 7500000, 81, 0, 1, 0, 0, 0, 0, [], 
2405, 断龙枪·劲松, , 0, 2400, 5, 5, [301305], [15400005], [], 50, 10000000, 81, 0, 1, 0, 0, 0, 0, [], 
2406, 断龙枪·劲松, , 0, 2400, 6, 8, [301306], [15400006], [], 100, 12500000, 81, 0, 1, 0, 0, 0, 0, [], 
2407, 断龙枪·劲松, , 0, 2400, 7, 12, [301307], [15400007], [], 150, 15000000, 81, 0, 1, 0, 0, 0, 0, [], 
2408, 断龙枪·劲松, , 0, 2400, 8, 16, [301308], [15400008], [], 2, 50000000, 81, 0, 1, 0, 0, 0, 0, [], 
2409, 断龙枪·劲松, , 0, 2400, 9, 20, [301309], [15400009], [21101], 0, 0, 81, 0, 1, 0, 0, 0, 0, [], 
2500, 伏龙枪·长辛, , 0, 2500, 0, 0, [], [], [], 0, 0, 0, 0, 0, 0, 0, 0, 0, [], 
2501, 伏龙枪·长辛, , 0, 2500, 1, 0, [301501], [15400121], [], 90, 3850000, 81, 0, 1, 0, 0, 0, 0, [], 
2502, 伏龙枪·长辛, , 0, 2500, 2, 1, [301502], [15400122], [], 180, 6700000, 81, 0, 1, 0, 0, 0, 0, [], 
2503, 伏龙枪·长辛, , 0, 2500, 3, 2, [301503], [15400123], [], 270, 9600000, 81, 0, 1, 0, 0, 0, 0, [], 
2504, 伏龙枪·长辛, , 0, 2500, 4, 3, [301504], [15400124], [], 4, 14400000, 81, 0, 1, 0, 0, 0, 0, [], 
2505, 伏龙枪·长辛, , 0, 2500, 5, 5, [301505], [15400125], [], 95, 19200000, 81, 0, 1, 0, 0, 0, 0, [], 
2506, 伏龙枪·长辛, , 0, 2500, 6, 8, [301506], [15400126], [], 190, 24000000, 81, 0, 1, 0, 0, 0, 0, [], 
2507, 伏龙枪·长辛, , 0, 2500, 7, 12, [301507], [15400127], [], 280, 28800000, 81, 0, 1, 0, 0, 0, 0, [], 
2508, 伏龙枪·长辛, , 0, 2500, 8, 16, [301508], [15400128], [], 4, 96000000, 81, 0, 1, 0, 0, 0, 0, [], 
2509, 伏龙枪·长辛, , 0, 2500, 9, 20, [301509], [15400129], [21201], 0, 0, 81, 0, 1, 0, 0, 0, 0, [], 
2600, 疾风枪·长辛, , 0, 2600, 0, 0, [], [], [], 0, 0, 0, 0, 0, 0, 0, 0, 0, [], 
2601, 疾风枪·长辛, , 0, 2600, 1, 0, [301601], [15400200], [], 115, 4600000, 81, 0, 1, 0, 0, 0, 0, [], 
2602, 疾风枪·长辛, , 0, 2600, 2, 1, [301602], [15400201], [], 225, 8050000, 81, 0, 1, 0, 0, 0, 0, [], 
2603, 疾风枪·长辛, , 0, 2600, 3, 2, [301603], [15400202], [], 340, 11500000, 81, 0, 1, 0, 0, 0, 0, [], 
2604, 疾风枪·长辛, , 0, 2600, 4, 3, [301604], [15400203], [], 5, 17300000, 81, 0, 1, 0, 0, 0, 0, [], 
2605, 疾风枪·长辛, , 0, 2600, 5, 5, [301605], [15400204], [], 120, 23050000, 81, 0, 1, 0, 0, 0, 0, [], 
2606, 疾风枪·长辛, , 0, 2600, 6, 8, [301606], [15400205], [], 240, 28800000, 81, 0, 1, 0, 0, 0, 0, [], 
2607, 疾风枪·长辛, , 0, 2600, 7, 12, [301607], [15400206], [], 350, 34550000, 81, 0, 1, 0, 0, 0, 0, [], 
2608, 疾风枪·长辛, , 0, 2600, 8, 16, [301608], [15400207], [], 5, 115200000, 81, 0, 1, 0, 0, 0, 0, [], 
2609, 疾风枪·长辛, , 0, 2600, 9, 20, [301609], [15400208], [21301], 0, 0, 81, 0, 1, 0, 0, 0, 0, [], 
2700, 狂龙震·观复, , 0, 2700, 0, 0, [], [], [], 0, 0, 0, 0, 0, 0, 0, 0, 0, [], 
2701, 狂龙震·观复, , 0, 2700, 1, 0, [301401], [15400101], [], 30, 3200000, 81, 0, 1, 0, 0, 0, 0, [], 
2702, 狂龙震·观复, , 0, 2700, 2, 1, [301402], [15400102], [], 60, 5600000, 81, 0, 1, 0, 0, 0, 0, [], 
2703, 狂龙震·观复, , 0, 2700, 3, 2, [301403], [15400103], [], 90, 8000000, 81, 0, 1, 0, 0, 0, 0, [], 
2704, 狂龙震·观复, , 0, 2700, 4, 3, [301404], [15400104], [], 3, 12000000, 81, 0, 1, 0, 0, 0, 0, [], 
2705, 狂龙震·观复, , 0, 2700, 5, 5, [301405], [15400105], [], 75, 16000000, 81, 0, 1, 0, 0, 0, 0, [], 
2706, 狂龙震·观复, , 0, 2700, 6, 8, [301406], [15400106], [], 150, 20000000, 81, 0, 1, 0, 0, 0, 0, [], 
2707, 狂龙震·观复, , 0, 2700, 7, 12, [301407], [15400107], [], 225, 24000000, 81, 0, 1, 0, 0, 0, 0, [], 
2708, 狂龙震·观复, , 0, 2700, 8, 16, [301408], [15400108], [], 3, 80000000, 81, 0, 1, 0, 0, 0, 0, [], 
2709, 狂龙震·观复, , 0, 2700, 9, 20, [301409], [15400109], [21401], 0, 0, 81, 0, 1, 0, 0, 0, 0, [], 
2800, 虎尾脚·长辛, , 0, 2800, 0, 0, [], [], [], 0, 0, 0, 0, 0, 0, 0, 0, 0, [], 
2801, 虎尾脚·长辛, , 0, 2800, 1, 0, [301301], [13200001], [], 15, 2000000, 81, 0, 1, 0, 0, 0, 0, [], 
2802, 虎尾脚·长辛, , 0, 2800, 2, 1, [301302], [13200002], [], 30, 3500000, 81, 0, 1, 0, 0, 0, 0, [], 
2803, 虎尾脚·长辛, , 0, 2800, 3, 2, [301303], [13200003], [], 45, 5000000, 81, 0, 1, 0, 0, 0, 0, [], 
2804, 虎尾脚·长辛, , 0, 2800, 4, 3, [301304], [13200004], [], 2, 7500000, 81, 0, 1, 0, 0, 0, 0, [], 
2805, 虎尾脚·长辛, , 0, 2800, 5, 5, [301305], [13200005], [], 50, 10000000, 81, 0, 1, 0, 0, 0, 0, [], 
2806, 虎尾脚·长辛, , 0, 2800, 6, 8, [301306], [13200006], [], 100, 12500000, 81, 0, 1, 0, 0, 0, 0, [], 
2807, 虎尾脚·长辛, , 0, 2800, 7, 12, [301307], [13200007], [], 150, 15000000, 81, 0, 1, 0, 0, 0, 0, [], 
2808, 虎尾脚·长辛, , 0, 2800, 8, 16, [301308], [13200008], [], 2, 50000000, 81, 0, 1, 0, 0, 0, 0, [], 
2809, 虎尾脚·长辛, , 0, 2800, 9, 20, [301309], [13200009], [31101], 0, 0, 81, 0, 1, 0, 0, 0, 0, [], 
2900, 倒提壶·观复, , 0, 2900, 0, 0, [], [], [], 0, 0, 0, 0, 0, 0, 0, 0, 0, [], 
2901, 倒提壶·观复, , 0, 2900, 1, 0, [301401], [13200101], [], 30, 3200000, 81, 0, 1, 0, 0, 0, 0, [], 
2902, 倒提壶·观复, , 0, 2900, 2, 1, [301402], [13200102], [], 60, 5600000, 81, 0, 1, 0, 0, 0, 0, [], 
2903, 倒提壶·观复, , 0, 2900, 3, 2, [301403], [13200103], [], 90, 8000000, 81, 0, 1, 0, 0, 0, 0, [], 
2904, 倒提壶·观复, , 0, 2900, 4, 3, [301404], [13200104], [], 3, 12000000, 81, 0, 1, 0, 0, 0, 0, [], 
2905, 倒提壶·观复, , 0, 2900, 5, 5, [301405], [13200105], [], 75, 16000000, 81, 0, 1, 0, 0, 0, 0, [], 
2906, 倒提壶·观复, , 0, 2900, 6, 8, [301406], [13200106], [], 150, 20000000, 81, 0, 1, 0, 0, 0, 0, [], 
2907, 倒提壶·观复, , 0, 2900, 7, 12, [301407], [13200107], [], 225, 24000000, 81, 0, 1, 0, 0, 0, 0, [], 
2908, 倒提壶·观复, , 0, 2900, 8, 16, [301408], [13200108], [], 3, 80000000, 81, 0, 1, 0, 0, 0, 0, [], 
2909, 倒提壶·观复, , 0, 2900, 9, 20, [301409], [13200109], [31201], 0, 0, 81, 0, 1, 0, 0, 0, 0, [], 
3000, 劈山诀·劲松, , 0, 3000, 0, 0, [], [], [], 0, 0, 0, 0, 0, 0, 0, 0, 0, [], 
3001, 劈山诀·劲松, , 0, 3000, 1, 0, [301601], [13300143], [], 115, 4600000, 81, 0, 1, 0, 0, 0, 0, [], 
3002, 劈山诀·劲松, , 0, 3000, 2, 1, [301602], [13300144], [], 225, 8050000, 81, 0, 1, 0, 0, 0, 0, [], 
3003, 劈山诀·劲松, , 0, 3000, 3, 2, [301603], [13300145], [], 340, 11500000, 81, 0, 1, 0, 0, 0, 0, [], 
3004, 劈山诀·劲松, , 0, 3000, 4, 3, [301604], [13300146], [], 5, 17300000, 81, 0, 1, 0, 0, 0, 0, [], 
3005, 劈山诀·劲松, , 0, 3000, 5, 5, [301605], [13300147], [], 120, 23050000, 81, 0, 1, 0, 0, 0, 0, [], 
3006, 劈山诀·劲松, , 0, 3000, 6, 8, [301606], [13300148], [], 240, 28800000, 81, 0, 1, 0, 0, 0, 0, [], 
3007, 劈山诀·劲松, , 0, 3000, 7, 12, [301607], [13300149], [], 350, 34550000, 81, 0, 1, 0, 0, 0, 0, [], 
3008, 劈山诀·劲松, , 0, 3000, 8, 16, [301608], [13300150], [], 5, 115200000, 81, 0, 1, 0, 0, 0, 0, [], 
3009, 劈山诀·劲松, , 0, 3000, 9, 20, [301609], [13300151], [31301], 0, 0, 81, 0, 1, 0, 0, 0, 0, [], 
3100, 百裂脚·长辛, , 0, 3100, 0, 0, [], [], [], 0, 0, 0, 0, 0, 0, 0, 0, 0, [], 
3101, 百裂脚·长辛, , 0, 3100, 1, 0, [301501], [13300127], [], 90, 3850000, 81, 0, 1, 0, 0, 0, 0, [], 
3102, 百裂脚·长辛, , 0, 3100, 2, 1, [301502], [13300128], [], 180, 6700000, 81, 0, 1, 0, 0, 0, 0, [], 
3103, 百裂脚·长辛, , 0, 3100, 3, 2, [301503], [13300129], [], 270, 9600000, 81, 0, 1, 0, 0, 0, 0, [], 
3104, 百裂脚·长辛, , 0, 3100, 4, 3, [301504], [13300130], [], 4, 14400000, 81, 0, 1, 0, 0, 0, 0, [], 
3105, 百裂脚·长辛, , 0, 3100, 5, 5, [301505], [13300131], [], 95, 19200000, 81, 0, 1, 0, 0, 0, 0, [], 
3106, 百裂脚·长辛, , 0, 3100, 6, 8, [301506], [13300132], [], 190, 24000000, 81, 0, 1, 0, 0, 0, 0, [], 
3107, 百裂脚·长辛, , 0, 3100, 7, 12, [301507], [13300133], [], 280, 28800000, 81, 0, 1, 0, 0, 0, 0, [], 
3108, 百裂脚·长辛, , 0, 3100, 8, 16, [301508], [13300134], [], 4, 96000000, 81, 0, 1, 0, 0, 0, 0, [], 
3109, 百裂脚·长辛, , 0, 3100, 9, 20, [301509], [13300135], [31401], 0, 0, 81, 0, 1, 0, 0, 0, 0, [], 
3200, 乳燕归巢·劲松, , 0, 3200, 0, 0, [], [], [], 0, 0, 0, 0, 0, 0, 0, 0, 0, [], 
3201, 乳燕归巢·劲松, , 0, 3200, 1, 0, [301501], [14200401], [], 90, 3850000, 81, 0, 1, 0, 0, 0, 0, [], 
3202, 乳燕归巢·劲松, , 0, 3200, 2, 1, [301502], [14200402], [], 180, 6700000, 81, 0, 1, 0, 0, 0, 0, [], 
3203, 乳燕归巢·劲松, , 0, 3200, 3, 2, [301503], [14200403], [], 270, 9600000, 81, 0, 1, 0, 0, 0, 0, [], 
3204, 乳燕归巢·劲松, , 0, 3200, 4, 3, [301504], [14200404], [], 4, 14400000, 81, 0, 1, 0, 0, 0, 0, [], 
3205, 乳燕归巢·劲松, , 0, 3200, 5, 5, [301505], [14200405], [], 95, 19200000, 81, 0, 1, 0, 0, 0, 0, [], 
3206, 乳燕归巢·劲松, , 0, 3200, 6, 8, [301506], [14200406], [], 190, 24000000, 81, 0, 1, 0, 0, 0, 0, [], 
3207, 乳燕归巢·劲松, , 0, 3200, 7, 12, [301507], [14200407], [], 280, 28800000, 81, 0, 1, 0, 0, 0, 0, [], 
3208, 乳燕归巢·劲松, , 0, 3200, 8, 16, [301508], [14200408], [], 4, 96000000, 81, 0, 1, 0, 0, 0, 0, [], 
3209, 乳燕归巢·劲松, , 0, 3200, 9, 20, [301509], [14200409], [41101], 0, 0, 81, 0, 1, 0, 0, 0, 0, [], 
3300, 千魂裂·怀柔, , 0, 3300, 0, 0, [], [], [], 0, 0, 0, 0, 0, 0, 0, 0, 0, [], 
3301, 千魂裂·怀柔, , 0, 3300, 1, 0, [301301], [14200001], [], 15, 2000000, 81, 0, 1, 0, 0, 0, 0, [], 
3302, 千魂裂·怀柔, , 0, 3300, 2, 1, [301302], [14200002], [], 30, 3500000, 81, 0, 1, 0, 0, 0, 0, [], 
3303, 千魂裂·怀柔, , 0, 3300, 3, 2, [301303], [14200003], [], 45, 5000000, 81, 0, 1, 0, 0, 0, 0, [], 
3304, 千魂裂·怀柔, , 0, 3300, 4, 3, [301304], [14200004], [], 2, 7500000, 81, 0, 1, 0, 0, 0, 0, [], 
3305, 千魂裂·怀柔, , 0, 3300, 5, 5, [301305], [14200005], [], 50, 10000000, 81, 0, 1, 0, 0, 0, 0, [], 
3306, 千魂裂·怀柔, , 0, 3300, 6, 8, [301306], [14200006], [], 100, 12500000, 81, 0, 1, 0, 0, 0, 0, [], 
3307, 千魂裂·怀柔, , 0, 3300, 7, 12, [301307], [14200007], [], 150, 15000000, 81, 0, 1, 0, 0, 0, 0, [], 
3308, 千魂裂·怀柔, , 0, 3300, 8, 16, [301308], [14200008], [], 2, 50000000, 81, 0, 1, 0, 0, 0, 0, [], 
3309, 千魂裂·怀柔, , 0, 3300, 9, 20, [301309], [14200009], [41201], 0, 0, 81, 0, 1, 0, 0, 0, 0, [], 
3400, 爆天星·观复, , 0, 3400, 0, 0, [], [], [], 0, 0, 0, 0, 0, 0, 0, 0, 0, [], 
3401, 爆天星·观复, , 0, 3400, 1, 0, [301401], [14200201], [], 30, 3200000, 81, 0, 1, 0, 0, 0, 0, [], 
3402, 爆天星·观复, , 0, 3400, 2, 1, [301402], [14200202], [], 60, 5600000, 81, 0, 1, 0, 0, 0, 0, [], 
3403, 爆天星·观复, , 0, 3400, 3, 2, [301403], [14200203], [], 90, 8000000, 81, 0, 1, 0, 0, 0, 0, [], 
3404, 爆天星·观复, , 0, 3400, 4, 3, [301404], [14200204], [], 3, 12000000, 81, 0, 1, 0, 0, 0, 0, [], 
3405, 爆天星·观复, , 0, 3400, 5, 5, [301405], [14200205], [], 75, 16000000, 81, 0, 1, 0, 0, 0, 0, [], 
3406, 爆天星·观复, , 0, 3400, 6, 8, [301406], [14200206], [], 150, 20000000, 81, 0, 1, 0, 0, 0, 0, [], 
3407, 爆天星·观复, , 0, 3400, 7, 12, [301407], [14200207], [], 225, 24000000, 81, 0, 1, 0, 0, 0, 0, [], 
3408, 爆天星·观复, , 0, 3400, 8, 16, [301408], [14200208], [], 3, 80000000, 81, 0, 1, 0, 0, 0, 0, [], 
3409, 爆天星·观复, , 0, 3400, 9, 20, [301409], [14200209], [41301], 0, 0, 81, 0, 1, 0, 0, 0, 0, [], 
3500, 暴雨梨花·观复, , 0, 3500, 0, 0, [], [], [], 0, 0, 0, 0, 0, 0, 0, 0, 0, [], 
3501, 暴雨梨花·观复, , 0, 3500, 1, 0, [301601], [14200101], [], 115, 4600000, 81, 0, 1, 0, 0, 0, 0, [], 
3502, 暴雨梨花·观复, , 0, 3500, 2, 1, [301602], [14200102], [], 225, 8050000, 81, 0, 1, 0, 0, 0, 0, [], 
3503, 暴雨梨花·观复, , 0, 3500, 3, 2, [301603], [14200103], [], 340, 11500000, 81, 0, 1, 0, 0, 0, 0, [], 
3504, 暴雨梨花·观复, , 0, 3500, 4, 3, [301604], [14200104], [], 5, 17300000, 81, 0, 1, 0, 0, 0, 0, [], 
3505, 暴雨梨花·观复, , 0, 3500, 5, 5, [301605], [14200105], [], 120, 23050000, 81, 0, 1, 0, 0, 0, 0, [], 
3506, 暴雨梨花·观复, , 0, 3500, 6, 8, [301606], [14200106], [], 240, 28800000, 81, 0, 1, 0, 0, 0, 0, [], 
3507, 暴雨梨花·观复, , 0, 3500, 7, 12, [301607], [14200107], [], 350, 34550000, 81, 0, 1, 0, 0, 0, 0, [], 
3508, 暴雨梨花·观复, , 0, 3500, 8, 16, [301608], [14200108], [], 5, 115200000, 81, 0, 1, 0, 0, 0, 0, [], 
3509, 暴雨梨花·观复, , 0, 3500, 9, 20, [301609], [14200109], [41401], 0, 0, 81, 0, 1, 0, 0, 0, 0, [], 
3600, 道法天地·长辛, , 0, 3600, 0, 0, [], [], [], 0, 0, 0, 0, 0, 0, 0, 0, 0, [], 
3601, 道法天地·长辛, , 0, 3600, 1, 0, [301301], [18200001], [], 15, 2000000, 81, 0, 1, 0, 0, 0, 0, [], 
3602, 道法天地·长辛, , 0, 3600, 2, 1, [301302], [18200002], [], 30, 3500000, 81, 0, 1, 0, 0, 0, 0, [], 
3603, 道法天地·长辛, , 0, 3600, 3, 2, [301303], [18200003], [], 45, 5000000, 81, 0, 1, 0, 0, 0, 0, [], 
3604, 道法天地·长辛, , 0, 3600, 4, 3, [301304], [18200004], [], 2, 7500000, 81, 0, 1, 0, 0, 0, 0, [], 
3605, 道法天地·长辛, , 0, 3600, 5, 5, [301305], [18200005], [], 50, 10000000, 81, 0, 1, 0, 0, 0, 0, [], 
3606, 道法天地·长辛, , 0, 3600, 6, 8, [301306], [18200006], [], 100, 12500000, 81, 0, 1, 0, 0, 0, 0, [], 
3607, 道法天地·长辛, , 0, 3600, 7, 12, [301307], [18200007], [], 150, 15000000, 81, 0, 1, 0, 0, 0, 0, [], 
3608, 道法天地·长辛, , 0, 3600, 8, 16, [301308], [18200008], [], 2, 50000000, 81, 0, 1, 0, 0, 0, 0, [], 
3609, 道法天地·长辛, , 0, 3600, 9, 20, [301309], [18200009], [51101], 0, 0, 81, 0, 1, 0, 0, 0, 0, [], 
3700, 和光同尘·怀柔, , 0, 3700, 0, 0, [], [], [], 0, 0, 0, 0, 0, 0, 0, 0, 0, [], 
3701, 和光同尘·怀柔, , 0, 3700, 1, 0, [301401], [18200101], [], 30, 3200000, 81, 0, 1, 0, 0, 0, 0, [], 
3702, 和光同尘·怀柔, , 0, 3700, 2, 1, [301402], [18200102], [], 60, 5600000, 81, 0, 1, 0, 0, 0, 0, [], 
3703, 和光同尘·怀柔, , 0, 3700, 3, 2, [301403], [18200103], [], 90, 8000000, 81, 0, 1, 0, 0, 0, 0, [], 
3704, 和光同尘·怀柔, , 0, 3700, 4, 3, [301404], [18200104], [], 3, 12000000, 81, 0, 1, 0, 0, 0, 0, [], 
3705, 和光同尘·怀柔, , 0, 3700, 5, 5, [301405], [18200105], [], 75, 16000000, 81, 0, 1, 0, 0, 0, 0, [], 
3706, 和光同尘·怀柔, , 0, 3700, 6, 8, [301406], [18200106], [], 150, 20000000, 81, 0, 1, 0, 0, 0, 0, [], 
3707, 和光同尘·怀柔, , 0, 3700, 7, 12, [301407], [18200107], [], 225, 24000000, 81, 0, 1, 0, 0, 0, 0, [], 
3708, 和光同尘·怀柔, , 0, 3700, 8, 16, [301408], [18200108], [], 3, 80000000, 81, 0, 1, 0, 0, 0, 0, [], 
3709, 和光同尘·怀柔, , 0, 3700, 9, 20, [301409], [18200109], [51102], 0, 0, 81, 0, 1, 0, 0, 0, 0, [], 
3800, 道生一剑·长辛, , 0, 3800, 0, 0, [], [], [], 0, 0, 0, 0, 0, 0, 0, 0, 0, [], 
3801, 道生一剑·长辛, , 0, 3800, 1, 0, [301501], [18300301], [], 90, 3850000, 81, 0, 1, 0, 0, 0, 0, [], 
3802, 道生一剑·长辛, , 0, 3800, 2, 1, [301502], [18300302], [], 180, 6700000, 81, 0, 1, 0, 0, 0, 0, [], 
3803, 道生一剑·长辛, , 0, 3800, 3, 2, [301503], [18300303], [], 270, 9600000, 81, 0, 1, 0, 0, 0, 0, [], 
3804, 道生一剑·长辛, , 0, 3800, 4, 3, [301504], [18300304], [], 4, 14400000, 81, 0, 1, 0, 0, 0, 0, [], 
3805, 道生一剑·长辛, , 0, 3800, 5, 5, [301505], [18300305], [], 95, 19200000, 81, 0, 1, 0, 0, 0, 0, [], 
3806, 道生一剑·长辛, , 0, 3800, 6, 8, [301506], [18300306], [], 190, 24000000, 81, 0, 1, 0, 0, 0, 0, [], 
3807, 道生一剑·长辛, , 0, 3800, 7, 12, [301507], [18300307], [], 280, 28800000, 81, 0, 1, 0, 0, 0, 0, [], 
3808, 道生一剑·长辛, , 0, 3800, 8, 16, [301508], [18300308], [], 4, 96000000, 81, 0, 1, 0, 0, 0, 0, [], 
3809, 道生一剑·长辛, , 0, 3800, 9, 20, [301509], [18300309], [51103], 0, 0, 81, 0, 1, 0, 0, 0, 0, [], 
3900, 微明生灭·长辛, , 0, 3900, 0, 0, [], [], [], 0, 0, 0, 0, 0, 0, 0, 0, 0, [], 
3901, 微明生灭·长辛, , 0, 3900, 1, 0, [301601], [18300201], [], 115, 4600000, 81, 0, 1, 0, 0, 0, 0, [], 
3902, 微明生灭·长辛, , 0, 3900, 2, 1, [301602], [18300202], [], 225, 8050000, 81, 0, 1, 0, 0, 0, 0, [], 
3903, 微明生灭·长辛, , 0, 3900, 3, 2, [301603], [18300203], [], 340, 11500000, 81, 0, 1, 0, 0, 0, 0, [], 
3904, 微明生灭·长辛, , 0, 3900, 4, 3, [301604], [18300204], [], 5, 17300000, 81, 0, 1, 0, 0, 0, 0, [], 
3905, 微明生灭·长辛, , 0, 3900, 5, 5, [301605], [18300205], [], 120, 23050000, 81, 0, 1, 0, 0, 0, 0, [], 
3906, 微明生灭·长辛, , 0, 3900, 6, 8, [301606], [18300206], [], 240, 28800000, 81, 0, 1, 0, 0, 0, 0, [], 
3907, 微明生灭·长辛, , 0, 3900, 7, 12, [301607], [18300207], [], 350, 34550000, 81, 0, 1, 0, 0, 0, 0, [], 
3908, 微明生灭·长辛, , 0, 3900, 8, 16, [301608], [18300208], [], 5, 115200000, 81, 0, 1, 0, 0, 0, 0, [], 
3909, 微明生灭·长辛, , 0, 3900, 9, 20, [301609], [18300209], [51104], 0, 0, 81, 0, 1, 0, 0, 0, 0, [], 
4000, 芳华一瞬·追月, , 0, 4000, 0, 0, [], [], [], 0, 0, 0, 0, 0, 0, 0, 0, 0, [], 
4001, 芳华一瞬·追月, , 0, 4000, 1, 0, [301301], [12200001], [], 15, 2000000, 81, 0, 1, 0, 0, 0, 0, [], 
4002, 芳华一瞬·追月, , 0, 4000, 2, 1, [301302], [12200002], [], 30, 3500000, 81, 0, 1, 0, 0, 0, 0, [], 
4003, 芳华一瞬·追月, , 0, 4000, 3, 2, [301303], [12200003], [], 45, 5000000, 81, 0, 1, 0, 0, 0, 0, [], 
4004, 芳华一瞬·追月, , 0, 4000, 4, 3, [301304], [12200004], [], 2, 7500000, 81, 0, 1, 0, 0, 0, 0, [], 
4005, 芳华一瞬·追月, , 0, 4000, 5, 5, [301305], [12200005], [], 50, 10000000, 81, 0, 1, 0, 0, 0, 0, [], 
4006, 芳华一瞬·追月, , 0, 4000, 6, 8, [301306], [12200006], [], 100, 12500000, 81, 0, 1, 0, 0, 0, 0, [], 
4007, 芳华一瞬·追月, , 0, 4000, 7, 12, [301307], [12200007], [], 150, 15000000, 81, 0, 1, 0, 0, 0, 0, [], 
4008, 芳华一瞬·追月, , 0, 4000, 8, 16, [301308], [12200008], [], 2, 50000000, 81, 0, 1, 0, 0, 0, 0, [], 
4009, 芳华一瞬·追月, , 0, 4000, 9, 20, [301309], [12200009], [61101], 0, 0, 81, 0, 1, 0, 0, 0, 0, [], 
4100, 伞舞旋·长辛, , 0, 4100, 0, 0, [], [], [], 0, 0, 0, 0, 0, 0, 0, 0, 0, [], 
4101, 伞舞旋·长辛, , 0, 4100, 1, 0, [301601], [12200201], [], 115, 4600000, 81, 0, 1, 0, 0, 0, 0, [], 
4102, 伞舞旋·长辛, , 0, 4100, 2, 1, [301602], [12200202], [], 225, 8050000, 81, 0, 1, 0, 0, 0, 0, [], 
4103, 伞舞旋·长辛, , 0, 4100, 3, 2, [301603], [12200203], [], 340, 11500000, 81, 0, 1, 0, 0, 0, 0, [], 
4104, 伞舞旋·长辛, , 0, 4100, 4, 3, [301604], [12200204], [], 5, 17300000, 81, 0, 1, 0, 0, 0, 0, [], 
4105, 伞舞旋·长辛, , 0, 4100, 5, 5, [301605], [12200205], [], 120, 23050000, 81, 0, 1, 0, 0, 0, 0, [], 
4106, 伞舞旋·长辛, , 0, 4100, 6, 8, [301606], [12200206], [], 240, 28800000, 81, 0, 1, 0, 0, 0, 0, [], 
4107, 伞舞旋·长辛, , 0, 4100, 7, 12, [301607], [12200207], [], 350, 34550000, 81, 0, 1, 0, 0, 0, 0, [], 
4108, 伞舞旋·长辛, , 0, 4100, 8, 16, [301608], [12200208], [], 5, 115200000, 81, 0, 1, 0, 0, 0, 0, [], 
4109, 伞舞旋·长辛, , 0, 4100, 9, 20, [301609], [12200209], [61201], 0, 0, 81, 0, 1, 0, 0, 0, 0, [], 
4200, 香意痕·长辛, , 0, 4200, 0, 0, [], [], [], 0, 0, 0, 0, 0, 0, 0, 0, 0, [], 
4201, 香意痕·长辛, , 0, 4200, 1, 0, [301501], [12200301], [], 90, 3850000, 81, 0, 1, 0, 0, 0, 0, [], 
4202, 香意痕·长辛, , 0, 4200, 2, 1, [301502], [12200302], [], 180, 6700000, 81, 0, 1, 0, 0, 0, 0, [], 
4203, 香意痕·长辛, , 0, 4200, 3, 2, [301503], [12200303], [], 270, 9600000, 81, 0, 1, 0, 0, 0, 0, [], 
4204, 香意痕·长辛, , 0, 4200, 4, 3, [301504], [12200304], [], 4, 14400000, 81, 0, 1, 0, 0, 0, 0, [], 
4205, 香意痕·长辛, , 0, 4200, 5, 5, [301505], [12200305], [], 95, 19200000, 81, 0, 1, 0, 0, 0, 0, [], 
4206, 香意痕·长辛, , 0, 4200, 6, 8, [301506], [12200306], [], 190, 24000000, 81, 0, 1, 0, 0, 0, 0, [], 
4207, 香意痕·长辛, , 0, 4200, 7, 12, [301507], [12200307], [], 280, 28800000, 81, 0, 1, 0, 0, 0, 0, [], 
4208, 香意痕·长辛, , 0, 4200, 8, 16, [301508], [12200308], [], 4, 96000000, 81, 0, 1, 0, 0, 0, 0, [], 
4209, 香意痕·长辛, , 0, 4200, 9, 20, [301509], [12200309], [61301], 0, 0, 81, 0, 1, 0, 0, 0, 0, [], 
4300, 国色天香·观复, , 0, 4300, 0, 0, [], [], [], 0, 0, 0, 0, 0, 0, 0, 0, 0, [], 
4301, 国色天香·观复, , 0, 4300, 1, 0, [301401], [12200101], [], 30, 3200000, 81, 0, 1, 0, 0, 0, 0, [], 
4302, 国色天香·观复, , 0, 4300, 2, 1, [301402], [12200102], [], 60, 5600000, 81, 0, 1, 0, 0, 0, 0, [], 
4303, 国色天香·观复, , 0, 4300, 3, 2, [301403], [12200103], [], 90, 8000000, 81, 0, 1, 0, 0, 0, 0, [], 
4304, 国色天香·观复, , 0, 4300, 4, 3, [301404], [12200104], [], 3, 12000000, 81, 0, 1, 0, 0, 0, 0, [], 
4305, 国色天香·观复, , 0, 4300, 5, 5, [301405], [12200105], [], 75, 16000000, 81, 0, 1, 0, 0, 0, 0, [], 
4306, 国色天香·观复, , 0, 4300, 6, 8, [301406], [12200106], [], 150, 20000000, 81, 0, 1, 0, 0, 0, 0, [], 
4307, 国色天香·观复, , 0, 4300, 7, 12, [301407], [12200107], [], 225, 24000000, 81, 0, 1, 0, 0, 0, 0, [], 
4308, 国色天香·观复, , 0, 4300, 8, 16, [301408], [12200108], [], 3, 80000000, 81, 0, 1, 0, 0, 0, 0, [], 
4309, 国色天香·观复, , 0, 4300, 9, 20, [301409], [12200109], [61401], 0, 0, 81, 0, 1, 0, 0, 0, 0, [], 
4400, 索命诀·长辛, , 0, 4400, 0, 0, [], [], [], 0, 0, 0, 0, 0, 0, 0, 0, 0, [], 
4401, 索命诀·长辛, , 0, 4400, 1, 0, [301601], [19110201], [], 115, 4600000, 81, 0, 1, 0, 0, 0, 0, [], 
4402, 索命诀·长辛, , 0, 4400, 2, 1, [301602], [19110202], [], 225, 8050000, 81, 0, 1, 0, 0, 0, 0, [], 
4403, 索命诀·长辛, , 0, 4400, 3, 2, [301603], [19110203], [], 340, 11500000, 81, 0, 1, 0, 0, 0, 0, [], 
4404, 索命诀·长辛, , 0, 4400, 4, 3, [301604], [19110204], [], 5, 17300000, 81, 0, 1, 0, 0, 0, 0, [], 
4405, 索命诀·长辛, , 0, 4400, 5, 5, [301605], [19110205], [], 120, 23050000, 81, 0, 1, 0, 0, 0, 0, [], 
4406, 索命诀·长辛, , 0, 4400, 6, 8, [301606], [19110206], [], 240, 28800000, 81, 0, 1, 0, 0, 0, 0, [], 
4407, 索命诀·长辛, , 0, 4400, 7, 12, [301607], [19110207], [], 350, 34550000, 81, 0, 1, 0, 0, 0, 0, [], 
4408, 索命诀·长辛, , 0, 4400, 8, 16, [301608], [19110208], [], 5, 115200000, 81, 0, 1, 0, 0, 0, 0, [], 
4409, 索命诀·长辛, , 0, 4400, 9, 20, [301609], [19110209], [71101], 0, 0, 81, 0, 1, 0, 0, 0, 0, [], 
4500, 灵蛇刺骨·劲松, , 0, 4500, 0, 0, [], [], [], 0, 0, 0, 0, 0, 0, 0, 0, 0, [], 
4501, 灵蛇刺骨·劲松, , 0, 4500, 1, 0, [301301], [19100001], [], 15, 2000000, 81, 0, 1, 0, 0, 0, 0, [], 
4502, 灵蛇刺骨·劲松, , 0, 4500, 2, 1, [301302], [19100002], [], 30, 3500000, 81, 0, 1, 0, 0, 0, 0, [], 
4503, 灵蛇刺骨·劲松, , 0, 4500, 3, 2, [301303], [19100003], [], 45, 5000000, 81, 0, 1, 0, 0, 0, 0, [], 
4504, 灵蛇刺骨·劲松, , 0, 4500, 4, 3, [301304], [19100004], [], 2, 7500000, 81, 0, 1, 0, 0, 0, 0, [], 
4505, 灵蛇刺骨·劲松, , 0, 4500, 5, 5, [301305], [19100005], [], 50, 10000000, 81, 0, 1, 0, 0, 0, 0, [], 
4506, 灵蛇刺骨·劲松, , 0, 4500, 6, 8, [301306], [19100006], [], 100, 12500000, 81, 0, 1, 0, 0, 0, 0, [], 
4507, 灵蛇刺骨·劲松, , 0, 4500, 7, 12, [301307], [19100007], [], 150, 15000000, 81, 0, 1, 0, 0, 0, 0, [], 
4508, 灵蛇刺骨·劲松, , 0, 4500, 8, 16, [301308], [19100008], [], 2, 50000000, 81, 0, 1, 0, 0, 0, 0, [], 
4509, 灵蛇刺骨·劲松, , 0, 4500, 9, 20, [301309], [19100009], [71201], 0, 0, 81, 0, 1, 0, 0, 0, 0, [], 
4600, 黑雾刀法·长辛, , 0, 4600, 0, 0, [], [], [], 0, 0, 0, 0, 0, 0, 0, 0, 0, [], 
4601, 黑雾刀法·长辛, , 0, 4600, 1, 0, [301501], [19110301], [], 90, 3850000, 81, 0, 1, 0, 0, 0, 0, [], 
4602, 黑雾刀法·长辛, , 0, 4600, 2, 1, [301502], [19110302], [], 180, 6700000, 81, 0, 1, 0, 0, 0, 0, [], 
4603, 黑雾刀法·长辛, , 0, 4600, 3, 2, [301503], [19110303], [], 270, 9600000, 81, 0, 1, 0, 0, 0, 0, [], 
4604, 黑雾刀法·长辛, , 0, 4600, 4, 3, [301504], [19110304], [], 4, 14400000, 81, 0, 1, 0, 0, 0, 0, [], 
4605, 黑雾刀法·长辛, , 0, 4600, 5, 5, [301505], [19110305], [], 95, 19200000, 81, 0, 1, 0, 0, 0, 0, [], 
4606, 黑雾刀法·长辛, , 0, 4600, 6, 8, [301506], [19110306], [], 190, 24000000, 81, 0, 1, 0, 0, 0, 0, [], 
4607, 黑雾刀法·长辛, , 0, 4600, 7, 12, [301507], [19110307], [], 280, 28800000, 81, 0, 1, 0, 0, 0, 0, [], 
4608, 黑雾刀法·长辛, , 0, 4600, 8, 16, [301508], [19110308], [], 4, 96000000, 81, 0, 1, 0, 0, 0, 0, [], 
4609, 黑雾刀法·长辛, , 0, 4600, 9, 20, [301509], [19110309], [71301], 0, 0, 81, 0, 1, 0, 0, 0, 0, [], 
4700, 飞雀夺怀·天罡, , 0, 4700, 0, 0, [], [], [], 0, 0, 0, 0, 0, 0, 0, 0, 0, [], 
4701, 飞雀夺怀·天罡, , 0, 4700, 1, 0, [301401], [19100101], [], 30, 3200000, 81, 0, 1, 0, 0, 0, 0, [], 
4702, 飞雀夺怀·天罡, , 0, 4700, 2, 1, [301402], [19100102], [], 60, 5600000, 81, 0, 1, 0, 0, 0, 0, [], 
4703, 飞雀夺怀·天罡, , 0, 4700, 3, 2, [301403], [19100103], [], 90, 8000000, 81, 0, 1, 0, 0, 0, 0, [], 
4704, 飞雀夺怀·天罡, , 0, 4700, 4, 3, [301404], [19100104], [], 3, 12000000, 81, 0, 1, 0, 0, 0, 0, [], 
4705, 飞雀夺怀·天罡, , 0, 4700, 5, 5, [301405], [19100105], [], 75, 16000000, 81, 0, 1, 0, 0, 0, 0, [], 
4706, 飞雀夺怀·天罡, , 0, 4700, 6, 8, [301406], [19100106], [], 150, 20000000, 81, 0, 1, 0, 0, 0, 0, [], 
4707, 飞雀夺怀·天罡, , 0, 4700, 7, 12, [301407], [19100107], [], 225, 24000000, 81, 0, 1, 0, 0, 0, 0, [], 
4708, 飞雀夺怀·天罡, , 0, 4700, 8, 16, [301408], [19100108], [], 3, 80000000, 81, 0, 1, 0, 0, 0, 0, [], 
4709, 飞雀夺怀·天罡, , 0, 4700, 9, 20, [301409], [19100109], [71401], 0, 0, 81, 0, 1, 0, 0, 0, 0, [], 
4800, 断中流·长辛, , 0, 4800, 0, 0, [], [], [], 0, 0, 0, 0, 0, 0, 0, 0, 0, [], 
4801, 断中流·长辛, , 0, 4800, 1, 0, [301401], [19200001], [], 30, 3200000, 81, 0, 1, 0, 0, 0, 0, [], 
4802, 断中流·长辛, , 0, 4800, 2, 1, [301402], [19200002], [], 60, 5600000, 81, 0, 1, 0, 0, 0, 0, [], 
4803, 断中流·长辛, , 0, 4800, 3, 2, [301403], [19200003], [], 90, 8000000, 81, 0, 1, 0, 0, 0, 0, [], 
4804, 断中流·长辛, , 0, 4800, 4, 3, [301404], [19200004], [], 3, 12000000, 81, 0, 1, 0, 0, 0, 0, [], 
4805, 断中流·长辛, , 0, 4800, 5, 5, [301405], [19200005], [], 75, 16000000, 81, 0, 1, 0, 0, 0, 0, [], 
4806, 断中流·长辛, , 0, 4800, 6, 8, [301406], [19200006], [], 150, 20000000, 81, 0, 1, 0, 0, 0, 0, [], 
4807, 断中流·长辛, , 0, 4800, 7, 12, [301407], [19200007], [], 225, 24000000, 81, 0, 1, 0, 0, 0, 0, [], 
4808, 断中流·长辛, , 0, 4800, 8, 16, [301408], [19200008], [], 3, 80000000, 81, 0, 1, 0, 0, 0, 0, [], 
4809, 断中流·长辛, , 0, 4800, 9, 20, [301409], [19200009], [81101], 0, 0, 81, 0, 1, 0, 0, 0, 0, [], 
4900, 狂风刀·天罡, , 0, 4900, 0, 0, [], [], [], 0, 0, 0, 0, 0, 0, 0, 0, 0, [], 
4901, 狂风刀·天罡, , 0, 4900, 1, 0, [301601], [19300301], [], 115, 4600000, 81, 0, 1, 0, 0, 0, 0, [], 
4902, 狂风刀·天罡, , 0, 4900, 2, 1, [301602], [19300302], [], 225, 8050000, 81, 0, 1, 0, 0, 0, 0, [], 
4903, 狂风刀·天罡, , 0, 4900, 3, 2, [301603], [19300303], [], 340, 11500000, 81, 0, 1, 0, 0, 0, 0, [], 
4904, 狂风刀·天罡, , 0, 4900, 4, 3, [301604], [19300304], [], 5, 17300000, 81, 0, 1, 0, 0, 0, 0, [], 
4905, 狂风刀·天罡, , 0, 4900, 5, 5, [301605], [19300305], [], 120, 23050000, 81, 0, 1, 0, 0, 0, 0, [], 
4906, 狂风刀·天罡, , 0, 4900, 6, 8, [301606], [19300306], [], 240, 28800000, 81, 0, 1, 0, 0, 0, 0, [], 
4907, 狂风刀·天罡, , 0, 4900, 7, 12, [301607], [19300307], [], 350, 34550000, 81, 0, 1, 0, 0, 0, 0, [], 
4908, 狂风刀·天罡, , 0, 4900, 8, 16, [301608], [19300308], [], 5, 115200000, 81, 0, 1, 0, 0, 0, 0, [], 
4909, 狂风刀·天罡, , 0, 4900, 9, 20, [301609], [19300309], [81201], 0, 0, 81, 0, 1, 0, 0, 0, 0, [], 
5000, 踏浪斩·怀柔, , 0, 5000, 0, 0, [], [], [], 0, 0, 0, 0, 0, 0, 0, 0, 0, [], 
5001, 踏浪斩·怀柔, , 0, 5000, 1, 0, [301301], [19200101], [], 15, 2000000, 81, 0, 1, 0, 0, 0, 0, [], 
5002, 踏浪斩·怀柔, , 0, 5000, 2, 1, [301302], [19200102], [], 30, 3500000, 81, 0, 1, 0, 0, 0, 0, [], 
5003, 踏浪斩·怀柔, , 0, 5000, 3, 2, [301303], [19200103], [], 45, 5000000, 81, 0, 1, 0, 0, 0, 0, [], 
5004, 踏浪斩·怀柔, , 0, 5000, 4, 3, [301304], [19200104], [], 2, 7500000, 81, 0, 1, 0, 0, 0, 0, [], 
5005, 踏浪斩·怀柔, , 0, 5000, 5, 5, [301305], [19200105], [], 50, 10000000, 81, 0, 1, 0, 0, 0, 0, [], 
5006, 踏浪斩·怀柔, , 0, 5000, 6, 8, [301306], [19200106], [], 100, 12500000, 81, 0, 1, 0, 0, 0, 0, [], 
5007, 踏浪斩·怀柔, , 0, 5000, 7, 12, [301307], [19200107], [], 150, 15000000, 81, 0, 1, 0, 0, 0, 0, [], 
5008, 踏浪斩·怀柔, , 0, 5000, 8, 16, [301308], [19200108], [], 2, 50000000, 81, 0, 1, 0, 0, 0, 0, [], 
5009, 踏浪斩·怀柔, , 0, 5000, 9, 20, [301309], [19200109], [81301], 0, 0, 81, 0, 1, 0, 0, 0, 0, [], 
5100, 天地风火·追月, , 0, 5100, 0, 0, [], [], [], 0, 0, 0, 0, 0, 0, 0, 0, 0, [], 
5101, 天地风火·追月, , 0, 5100, 1, 0, [301501], [19300201], [], 90, 3850000, 81, 0, 1, 0, 0, 0, 0, [], 
5102, 天地风火·追月, , 0, 5100, 2, 1, [301502], [19300202], [], 180, 6700000, 81, 0, 1, 0, 0, 0, 0, [], 
5103, 天地风火·追月, , 0, 5100, 3, 2, [301503], [19300203], [], 270, 9600000, 81, 0, 1, 0, 0, 0, 0, [], 
5104, 天地风火·追月, , 0, 5100, 4, 3, [301504], [19300204], [], 4, 14400000, 81, 0, 1, 0, 0, 0, 0, [], 
5105, 天地风火·追月, , 0, 5100, 5, 5, [301505], [19300205], [], 95, 19200000, 81, 0, 1, 0, 0, 0, 0, [], 
5106, 天地风火·追月, , 0, 5100, 6, 8, [301506], [19300206], [], 190, 24000000, 81, 0, 1, 0, 0, 0, 0, [], 
5107, 天地风火·追月, , 0, 5100, 7, 12, [301507], [19300207], [], 280, 28800000, 81, 0, 1, 0, 0, 0, 0, [], 
5108, 天地风火·追月, , 0, 5100, 8, 16, [301508], [19300208], [], 4, 96000000, 81, 0, 1, 0, 0, 0, 0, [], 
5109, 天地风火·追月, , 0, 5100, 9, 20, [301509], [19300209], [81401], 0, 0, 81, 0, 1, 0, 0, 0, 0, [], 
700, , , 0, 700, 0, 0, [], [], [], 0, 0, 81, 0, 0, 4, 0, 0, 0, [2000$$ 2100$$ 2200$$ 2300$$ 2400$$ 2500$$ 2600$$ 2700$$ 2800$$ 2900$$ 3000$$ 3100$$ 3200$$ 3300$$ 3400$$ 3500$$ 3600$$ 3700$$ 3800$$ 3900$$ 4000$$ 4100$$ 4200$$ 4300$$ 4400$$ 4500$$ 4600$$ 4700$$ 4800$$ 4900$$ 5000$$ 5100$$ 5200$$ 5300$$ 5400$$ 5500$$ 5600$$ 5700$$ 5800$$ 5900$$ 6000$$ 6100$$ 6200$$ 6300$$ 6400$$ 6500$$ 6600$$ 6700$$ 6800$$ 6900$$ 7000$$ 7100$$ 7200$$ 7300], 
701, 精纯冶玲珑, , 0, 700, 1, 0, [], [], [], 0, 0, 81, 0, 1, 4, 0, 0, 0, [2000$$ 2100$$ 2200$$ 2300$$ 2400$$ 2500$$ 2600$$ 2700$$ 2800$$ 2900$$ 3000$$ 3100$$ 3200$$ 3300$$ 3400$$ 3500$$ 3600$$ 3700$$ 3800$$ 3900$$ 4000$$ 4100$$ 4200$$ 4300$$ 4400$$ 4500$$ 4600$$ 4700$$ 4800$$ 4900$$ 5000$$ 5100$$ 5200$$ 5300$$ 5400$$ 5500$$ 5600$$ 5700$$ 5800$$ 5900$$ 6000$$ 6100$$ 6200$$ 6300$$ 6400$$ 6500$$ 6600$$ 6700$$ 6800$$ 6900$$ 7000$$ 7100$$ 7200$$ 7300], 
800, , , 0, 800, 0, 0, [], [], [], 0, 0, 81, 0, 0, 8, 5, 0, 0, [2000$$ 2100$$ 2200$$ 2300$$ 2400$$ 2500$$ 2600$$ 2700$$ 2800$$ 2900$$ 3000$$ 3100$$ 3200$$ 3300$$ 3400$$ 3500$$ 3600$$ 3700$$ 3800$$ 3900$$ 4000$$ 4100$$ 4200$$ 4300$$ 4400$$ 4500$$ 4600$$ 4700$$ 4800$$ 4900$$ 5000$$ 5100$$ 5200$$ 5300$$ 5400$$ 5500$$ 5600$$ 5700$$ 5800$$ 5900$$ 6000$$ 6100$$ 6200$$ 6300$$ 6400$$ 6500$$ 6600$$ 6700$$ 6800$$ 6900$$ 7000$$ 7100$$ 7200$$ 7300], 
801, 劫火冶玲珑, , 0, 800, 1, 0, [], [], [], 0, 0, 81, 0, 1, 8, 5, 0, 0, [2000$$ 2100$$ 2200$$ 2300$$ 2400$$ 2500$$ 2600$$ 2700$$ 2800$$ 2900$$ 3000$$ 3100$$ 3200$$ 3300$$ 3400$$ 3500$$ 3600$$ 3700$$ 3800$$ 3900$$ 4000$$ 4100$$ 4200$$ 4300$$ 4400$$ 4500$$ 4600$$ 4700$$ 4800$$ 4900$$ 5000$$ 5100$$ 5200$$ 5300$$ 5400$$ 5500$$ 5600$$ 5700$$ 5800$$ 5900$$ 6000$$ 6100$$ 6200$$ 6300$$ 6400$$ 6500$$ 6600$$ 6700$$ 6800$$ 6900$$ 7000$$ 7100$$ 7200$$ 7300], 
900, , , 0, 900, 0, 0, [], [], [], 0, 0, 81, 0, 0, 5, 4, 0, 0, [2000$$ 2100$$ 2200$$ 2300$$ 2400$$ 2500$$ 2600$$ 2700$$ 2800$$ 2900$$ 3000$$ 3100$$ 3200$$ 3300$$ 3400$$ 3500$$ 3600$$ 3700$$ 3800$$ 3900$$ 4000$$ 4100$$ 4200$$ 4300$$ 4400$$ 4500$$ 4600$$ 4700$$ 4800$$ 4900$$ 5000$$ 5100$$ 5200$$ 5300$$ 5400$$ 5500$$ 5600$$ 5700$$ 5800$$ 5900$$ 6000$$ 6100$$ 6200$$ 6300$$ 6400$$ 6500$$ 6600$$ 6700$$ 6800$$ 6900$$ 7000$$ 7100$$ 7200$$ 7300], 
901, 玲珑心·壹, , 0, 900, 1, 0, [], [], [], 0, 0, 81, 0, 1, 5, 4, 0, 0, [2000$$ 2100$$ 2200$$ 2300$$ 2400$$ 2500$$ 2600$$ 2700$$ 2800$$ 2900$$ 3000$$ 3100$$ 3200$$ 3300$$ 3400$$ 3500$$ 3600$$ 3700$$ 3800$$ 3900$$ 4000$$ 4100$$ 4200$$ 4300$$ 4400$$ 4500$$ 4600$$ 4700$$ 4800$$ 4900$$ 5000$$ 5100$$ 5200$$ 5300$$ 5400$$ 5500$$ 5600$$ 5700$$ 5800$$ 5900$$ 6000$$ 6100$$ 6200$$ 6300$$ 6400$$ 6500$$ 6600$$ 6700$$ 6800$$ 6900$$ 7000$$ 7100$$ 7200$$ 7300], 
1000, , , 0, 1000, 0, 0, [], [], [], 0, 0, 81, 0, 0, 9, 8, 0, 0, [2000$$ 2100$$ 2200$$ 2300$$ 2400$$ 2500$$ 2600$$ 2700$$ 2800$$ 2900$$ 3000$$ 3100$$ 3200$$ 3300$$ 3400$$ 3500$$ 3600$$ 3700$$ 3800$$ 3900$$ 4000$$ 4100$$ 4200$$ 4300$$ 4400$$ 4500$$ 4600$$ 4700$$ 4800$$ 4900$$ 5000$$ 5100$$ 5200$$ 5300$$ 5400$$ 5500$$ 5600$$ 5700$$ 5800$$ 5900$$ 6000$$ 6100$$ 6200$$ 6300$$ 6400$$ 6500$$ 6600$$ 6700$$ 6800$$ 6900$$ 7000$$ 7100$$ 7200$$ 7300], 
1001, 玲珑心·贰, , 0, 1000, 1, 0, [], [], [], 0, 0, 81, 0, 1, 9, 8, 0, 0, [2000$$ 2100$$ 2200$$ 2300$$ 2400$$ 2500$$ 2600$$ 2700$$ 2800$$ 2900$$ 3000$$ 3100$$ 3200$$ 3300$$ 3400$$ 3500$$ 3600$$ 3700$$ 3800$$ 3900$$ 4000$$ 4100$$ 4200$$ 4300$$ 4400$$ 4500$$ 4600$$ 4700$$ 4800$$ 4900$$ 5000$$ 5100$$ 5200$$ 5300$$ 5400$$ 5500$$ 5600$$ 5700$$ 5800$$ 5900$$ 6000$$ 6100$$ 6200$$ 6300$$ 6400$$ 6500$$ 6600$$ 6700$$ 6800$$ 6900$$ 7000$$ 7100$$ 7200$$ 7300], 
1100, , , 0, 1100, 0, 0, [], [], [], 0, 0, 81, 0, 0, 4, 0, 0, 0, [2000$$ 2100$$ 2200$$ 2300$$ 2400$$ 2500$$ 2600$$ 2700$$ 2800$$ 2900$$ 3000$$ 3100$$ 3200$$ 3300$$ 3400$$ 3500$$ 3600$$ 3700$$ 3800$$ 3900$$ 4000$$ 4100$$ 4200$$ 4300$$ 4400$$ 4500$$ 4600$$ 4700$$ 4800$$ 4900$$ 5000$$ 5100$$ 5200$$ 5300$$ 5400$$ 5500$$ 5600$$ 5700$$ 5800$$ 5900$$ 6000$$ 6100$$ 6200$$ 6300$$ 6400$$ 6500$$ 6600$$ 6700$$ 6800$$ 6900$$ 7000$$ 7100$$ 7200$$ 7300], 
1101, 精纯冶玲珑·上衣, , 0, 1100, 1, 0, [], [], [], 0, 0, 81, 0, 1, 4, 0, 0, 0, [2000$$ 2100$$ 2200$$ 2300$$ 2400$$ 2500$$ 2600$$ 2700$$ 2800$$ 2900$$ 3000$$ 3100$$ 3200$$ 3300$$ 3400$$ 3500$$ 3600$$ 3700$$ 3800$$ 3900$$ 4000$$ 4100$$ 4200$$ 4300$$ 4400$$ 4500$$ 4600$$ 4700$$ 4800$$ 4900$$ 5000$$ 5100$$ 5200$$ 5300$$ 5400$$ 5500$$ 5600$$ 5700$$ 5800$$ 5900$$ 6000$$ 6100$$ 6200$$ 6300$$ 6400$$ 6500$$ 6600$$ 6700$$ 6800$$ 6900$$ 7000$$ 7100$$ 7200$$ 7300], 
1200, , , 0, 1200, 0, 0, [], [], [], 0, 0, 81, 0, 0, 5, 4, 0, 0, [2000$$ 2100$$ 2200$$ 2300$$ 2400$$ 2500$$ 2600$$ 2700$$ 2800$$ 2900$$ 3000$$ 3100$$ 3200$$ 3300$$ 3400$$ 3500$$ 3600$$ 3700$$ 3800$$ 3900$$ 4000$$ 4100$$ 4200$$ 4300$$ 4400$$ 4500$$ 4600$$ 4700$$ 4800$$ 4900$$ 5000$$ 5100$$ 5200$$ 5300$$ 5400$$ 5500$$ 5600$$ 5700$$ 5800$$ 5900$$ 6000$$ 6100$$ 6200$$ 6300$$ 6400$$ 6500$$ 6600$$ 6700$$ 6800$$ 6900$$ 7000$$ 7100$$ 7200$$ 7300], 
1201, 玲珑心·壹·上衣, , 0, 1200, 1, 0, [], [], [], 0, 0, 81, 0, 1, 5, 4, 0, 0, [2000$$ 2100$$ 2200$$ 2300$$ 2400$$ 2500$$ 2600$$ 2700$$ 2800$$ 2900$$ 3000$$ 3100$$ 3200$$ 3300$$ 3400$$ 3500$$ 3600$$ 3700$$ 3800$$ 3900$$ 4000$$ 4100$$ 4200$$ 4300$$ 4400$$ 4500$$ 4600$$ 4700$$ 4800$$ 4900$$ 5000$$ 5100$$ 5200$$ 5300$$ 5400$$ 5500$$ 5600$$ 5700$$ 5800$$ 5900$$ 6000$$ 6100$$ 6200$$ 6300$$ 6400$$ 6500$$ 6600$$ 6700$$ 6800$$ 6900$$ 7000$$ 7100$$ 7200$$ 7300], 
5200, 风雷一剑·长辛, , 0, 5200, 0, 0, [], [], [], 0, 0, 0, 0, 0, 0, 0, 0, 0, [], 
5201, 风雷一剑·长辛, , 0, 5200, 1, 0, [301801], [16200327], [], 135, 5050000, 81, 0, 1, 0, 0, 0, 0, [], 
5202, 风雷一剑·长辛, , 0, 5200, 2, 1, [301802], [16200328], [], 270, 8850000, 81, 0, 1, 0, 0, 0, 0, [], 
5203, 风雷一剑·长辛, , 0, 5200, 3, 2, [301803], [16200329], [], 405, 12650000, 81, 0, 1, 0, 0, 0, 0, [], 
5204, 风雷一剑·长辛, , 0, 5200, 4, 3, [301804], [16200330], [], 6, 19000000, 81, 0, 1, 0, 0, 0, 0, [], 
5205, 风雷一剑·长辛, , 0, 5200, 5, 5, [301805], [16200331], [], 130, 25350000, 81, 0, 1, 0, 0, 0, 0, [], 
5206, 风雷一剑·长辛, , 0, 5200, 6, 8, [301806], [16200332], [], 260, 31650000, 81, 0, 1, 0, 0, 0, 0, [], 
5207, 风雷一剑·长辛, , 0, 5200, 7, 12, [301807], [16200333], [], 385, 38000000, 81, 0, 1, 0, 0, 0, 0, [], 
5208, 风雷一剑·长辛, , 0, 5200, 8, 16, [301808], [16200334], [], 6, 126700000, 81, 0, 1, 0, 0, 0, 0, [], 
5209, 风雷一剑·长辛, , 0, 5200, 9, 20, [301809], [16200335], [11501], 0, 0, 81, 0, 1, 0, 0, 0, 0, [], 
5300, 天峰五云剑·长辛, , 0, 5300, 0, 0, [], [], [], 0, 0, 0, 0, 0, 0, 0, 0, 0, [], 
5301, 天峰五云剑·长辛, , 0, 5300, 1, 0, [301701], [16200317], [], 165, 5550000, 81, 0, 1, 0, 0, 0, 0, [], 
5302, 天峰五云剑·长辛, , 0, 5300, 2, 1, [301702], [16200318], [], 335, 9700000, 81, 0, 1, 0, 0, 0, 0, [], 
5303, 天峰五云剑·长辛, , 0, 5300, 3, 2, [301703], [16200319], [], 505, 13900000, 81, 0, 1, 0, 0, 0, 0, [], 
5304, 天峰五云剑·长辛, , 0, 5300, 4, 3, [301704], [16200320], [], 7, 20900000, 81, 0, 1, 0, 0, 0, 0, [], 
5305, 天峰五云剑·长辛, , 0, 5300, 5, 5, [301705], [16200321], [], 140, 27850000, 81, 0, 1, 0, 0, 0, 0, [], 
5306, 天峰五云剑·长辛, , 0, 5300, 6, 8, [301706], [16200322], [], 285, 34800000, 81, 0, 1, 0, 0, 0, 0, [], 
5307, 天峰五云剑·长辛, , 0, 5300, 7, 12, [301707], [16200323], [], 420, 41800000, 81, 0, 1, 0, 0, 0, 0, [], 
5308, 天峰五云剑·长辛, , 0, 5300, 8, 16, [301708], [16200324], [], 6, 139350000, 81, 0, 1, 0, 0, 0, 0, [], 
5309, 天峰五云剑·长辛, , 0, 5300, 9, 20, [301709], [16200325], [11601], 0, 0, 81, 0, 1, 0, 0, 0, 0, [], 
5400, 烈风枪·长辛, , 0, 5400, 0, 0, [], [], [], 0, 0, 0, 0, 0, 0, 0, 0, 0, [], 
5401, 烈风枪·长辛, , 0, 5400, 1, 0, [301801], [15400226], [], 135, 5050000, 81, 0, 1, 0, 0, 0, 0, [], 
5402, 烈风枪·长辛, , 0, 5400, 2, 1, [301802], [15400227], [], 270, 8850000, 81, 0, 1, 0, 0, 0, 0, [], 
5403, 烈风枪·长辛, , 0, 5400, 3, 2, [301803], [15400228], [], 405, 12650000, 81, 0, 1, 0, 0, 0, 0, [], 
5404, 烈风枪·长辛, , 0, 5400, 4, 3, [301804], [15400229], [], 6, 19000000, 81, 0, 1, 0, 0, 0, 0, [], 
5405, 烈风枪·长辛, , 0, 5400, 5, 5, [301805], [15400230], [], 130, 25350000, 81, 0, 1, 0, 0, 0, 0, [], 
5406, 烈风枪·长辛, , 0, 5400, 6, 8, [301806], [15400231], [], 260, 31650000, 81, 0, 1, 0, 0, 0, 0, [], 
5407, 烈风枪·长辛, , 0, 5400, 7, 12, [301807], [15400232], [], 385, 38000000, 81, 0, 1, 0, 0, 0, 0, [], 
5408, 烈风枪·长辛, , 0, 5400, 8, 16, [301808], [15400233], [], 6, 126700000, 81, 0, 1, 0, 0, 0, 0, [], 
5409, 烈风枪·长辛, , 0, 5400, 9, 20, [301809], [15400234], [21501], 0, 0, 81, 0, 1, 0, 0, 0, 0, [], 
5500, 云龙五现·长辛, , 0, 5500, 0, 0, [], [], [], 0, 0, 0, 0, 0, 0, 0, 0, 0, [], 
5501, 云龙五现·长辛, , 0, 5500, 1, 0, [301701], [15400216], [], 165, 5550000, 81, 0, 1, 0, 0, 0, 0, [], 
5502, 云龙五现·长辛, , 0, 5500, 2, 1, [301702], [15400217], [], 335, 9700000, 81, 0, 1, 0, 0, 0, 0, [], 
5503, 云龙五现·长辛, , 0, 5500, 3, 2, [301703], [15400218], [], 505, 13900000, 81, 0, 1, 0, 0, 0, 0, [], 
5504, 云龙五现·长辛, , 0, 5500, 4, 3, [301704], [15400219], [], 7, 20900000, 81, 0, 1, 0, 0, 0, 0, [], 
5505, 云龙五现·长辛, , 0, 5500, 5, 5, [301705], [15400220], [], 140, 27850000, 81, 0, 1, 0, 0, 0, 0, [], 
5506, 云龙五现·长辛, , 0, 5500, 6, 8, [301706], [15400221], [], 285, 34800000, 81, 0, 1, 0, 0, 0, 0, [], 
5507, 云龙五现·长辛, , 0, 5500, 7, 12, [301707], [15400222], [], 420, 41800000, 81, 0, 1, 0, 0, 0, 0, [], 
5508, 云龙五现·长辛, , 0, 5500, 8, 16, [301708], [15400223], [], 6, 139350000, 81, 0, 1, 0, 0, 0, 0, [], 
5509, 云龙五现·长辛, , 0, 5500, 9, 20, [301709], [15400224], [21601], 0, 0, 81, 0, 1, 0, 0, 0, 0, [], 
5600, 奔雷拳·长辛, , 0, 5600, 0, 0, [], [], [], 0, 0, 0, 0, 0, 0, 0, 0, 0, [], 
5601, 奔雷拳·长辛, , 0, 5600, 1, 0, [301801], [13300210], [], 135, 5050000, 81, 0, 1, 0, 0, 0, 0, [], 
5602, 奔雷拳·长辛, , 0, 5600, 2, 1, [301802], [13300211], [], 270, 8850000, 81, 0, 1, 0, 0, 0, 0, [], 
5603, 奔雷拳·长辛, , 0, 5600, 3, 2, [301803], [13300212], [], 405, 12650000, 81, 0, 1, 0, 0, 0, 0, [], 
5604, 奔雷拳·长辛, , 0, 5600, 4, 3, [301804], [13300213], [], 6, 19000000, 81, 0, 1, 0, 0, 0, 0, [], 
5605, 奔雷拳·长辛, , 0, 5600, 5, 5, [301805], [13300214], [], 130, 25350000, 81, 0, 1, 0, 0, 0, 0, [], 
5606, 奔雷拳·长辛, , 0, 5600, 6, 8, [301806], [13300215], [], 260, 31650000, 81, 0, 1, 0, 0, 0, 0, [], 
5607, 奔雷拳·长辛, , 0, 5600, 7, 12, [301807], [13300216], [], 385, 38000000, 81, 0, 1, 0, 0, 0, 0, [], 
5608, 奔雷拳·长辛, , 0, 5600, 8, 16, [301808], [13300217], [], 6, 126700000, 81, 0, 1, 0, 0, 0, 0, [], 
5609, 奔雷拳·长辛, , 0, 5600, 9, 20, [301809], [13300218], [31501], 0, 0, 81, 0, 1, 0, 0, 0, 0, [], 
5700, 龙吟三破·长辛, , 0, 5700, 0, 0, [], [], [], 0, 0, 0, 0, 0, 0, 0, 0, 0, [], 
5701, 龙吟三破·长辛, , 0, 5700, 1, 0, [301701], [13300200], [], 165, 5550000, 81, 0, 1, 0, 0, 0, 0, [], 
5702, 龙吟三破·长辛, , 0, 5700, 2, 1, [301702], [13300201], [], 335, 9700000, 81, 0, 1, 0, 0, 0, 0, [], 
5703, 龙吟三破·长辛, , 0, 5700, 3, 2, [301703], [13300202], [], 505, 13900000, 81, 0, 1, 0, 0, 0, 0, [], 
5704, 龙吟三破·长辛, , 0, 5700, 4, 3, [301704], [13300203], [], 7, 20900000, 81, 0, 1, 0, 0, 0, 0, [], 
5705, 龙吟三破·长辛, , 0, 5700, 5, 5, [301705], [13300204], [], 140, 27850000, 81, 0, 1, 0, 0, 0, 0, [], 
5706, 龙吟三破·长辛, , 0, 5700, 6, 8, [301706], [13300205], [], 285, 34800000, 81, 0, 1, 0, 0, 0, 0, [], 
5707, 龙吟三破·长辛, , 0, 5700, 7, 12, [301707], [13300206], [], 420, 41800000, 81, 0, 1, 0, 0, 0, 0, [], 
5708, 龙吟三破·长辛, , 0, 5700, 8, 16, [301708], [13300207], [], 6, 139350000, 81, 0, 1, 0, 0, 0, 0, [], 
5709, 龙吟三破·长辛, , 0, 5700, 9, 20, [301709], [13300208], [31601], 0, 0, 81, 0, 1, 0, 0, 0, 0, [], 
5800, 风花饮月·长辛, , 0, 5800, 0, 0, [], [], [], 0, 0, 0, 0, 0, 0, 0, 0, 0, [], 
5801, 风花饮月·长辛, , 0, 5800, 1, 0, [301801], [14200411], [], 135, 5050000, 81, 0, 1, 0, 0, 0, 0, [], 
5802, 风花饮月·长辛, , 0, 5800, 2, 1, [301802], [14200412], [], 270, 8850000, 81, 0, 1, 0, 0, 0, 0, [], 
5803, 风花饮月·长辛, , 0, 5800, 3, 2, [301803], [14200413], [], 405, 12650000, 81, 0, 1, 0, 0, 0, 0, [], 
5804, 风花饮月·长辛, , 0, 5800, 4, 3, [301804], [14200414], [], 6, 19000000, 81, 0, 1, 0, 0, 0, 0, [], 
5805, 风花饮月·长辛, , 0, 5800, 5, 5, [301805], [14200415], [], 130, 25350000, 81, 0, 1, 0, 0, 0, 0, [], 
5806, 风花饮月·长辛, , 0, 5800, 6, 8, [301806], [14200416], [], 260, 31650000, 81, 0, 1, 0, 0, 0, 0, [], 
5807, 风花饮月·长辛, , 0, 5800, 7, 12, [301807], [14200417], [], 385, 38000000, 81, 0, 1, 0, 0, 0, 0, [], 
5808, 风花饮月·长辛, , 0, 5800, 8, 16, [301808], [14200418], [], 6, 126700000, 81, 0, 1, 0, 0, 0, 0, [], 
5809, 风花饮月·长辛, , 0, 5800, 9, 20, [301809], [14200419], [41501], 0, 0, 81, 0, 1, 0, 0, 0, 0, [], 
5900, 星雨飞花·长辛, , 0, 5900, 0, 0, [], [], [], 0, 0, 0, 0, 0, 0, 0, 0, 0, [], 
5901, 星雨飞花·长辛, , 0, 5900, 1, 0, [301701], [14200421], [], 165, 5550000, 81, 0, 1, 0, 0, 0, 0, [], 
5902, 星雨飞花·长辛, , 0, 5900, 2, 1, [301702], [14200422], [], 335, 9700000, 81, 0, 1, 0, 0, 0, 0, [], 
5903, 星雨飞花·长辛, , 0, 5900, 3, 2, [301703], [14200423], [], 505, 13900000, 81, 0, 1, 0, 0, 0, 0, [], 
5904, 星雨飞花·长辛, , 0, 5900, 4, 3, [301704], [14200424], [], 7, 20900000, 81, 0, 1, 0, 0, 0, 0, [], 
5905, 星雨飞花·长辛, , 0, 5900, 5, 5, [301705], [14200425], [], 140, 27850000, 81, 0, 1, 0, 0, 0, 0, [], 
5906, 星雨飞花·长辛, , 0, 5900, 6, 8, [301706], [14200426], [], 285, 34800000, 81, 0, 1, 0, 0, 0, 0, [], 
5907, 星雨飞花·长辛, , 0, 5900, 7, 12, [301707], [14200427], [], 420, 41800000, 81, 0, 1, 0, 0, 0, 0, [], 
5908, 星雨飞花·长辛, , 0, 5900, 8, 16, [301708], [14200428], [], 6, 139350000, 81, 0, 1, 0, 0, 0, 0, [], 
5909, 星雨飞花·长辛, , 0, 5900, 9, 20, [301709], [14200429], [41601], 0, 0, 81, 0, 1, 0, 0, 0, 0, [], 
6000, 归玄·地煞, , 0, 6000, 0, 0, [], [], [], 0, 0, 0, 0, 0, 0, 0, 0, 0, [], 
6001, 归玄·地煞, , 0, 6000, 1, 0, [301801], [18300321], [], 135, 5050000, 81, 0, 1, 0, 0, 0, 0, [], 
6002, 归玄·地煞, , 0, 6000, 2, 1, [301802], [18300322], [], 270, 8850000, 81, 0, 1, 0, 0, 0, 0, [], 
6003, 归玄·地煞, , 0, 6000, 3, 2, [301803], [18300323], [], 405, 12650000, 81, 0, 1, 0, 0, 0, 0, [], 
6004, 归玄·地煞, , 0, 6000, 4, 3, [301804], [18300324], [], 6, 19000000, 81, 0, 1, 0, 0, 0, 0, [], 
6005, 归玄·地煞, , 0, 6000, 5, 5, [301805], [18300325], [], 130, 25350000, 81, 0, 1, 0, 0, 0, 0, [], 
6006, 归玄·地煞, , 0, 6000, 6, 8, [301806], [18300326], [], 260, 31650000, 81, 0, 1, 0, 0, 0, 0, [], 
6007, 归玄·地煞, , 0, 6000, 7, 12, [301807], [18300327], [], 385, 38000000, 81, 0, 1, 0, 0, 0, 0, [], 
6008, 归玄·地煞, , 0, 6000, 8, 16, [301808], [18300328], [], 6, 126700000, 81, 0, 1, 0, 0, 0, 0, [], 
6009, 归玄·地煞, , 0, 6000, 9, 20, [301809], [18300329], [51501], 0, 0, 81, 0, 1, 0, 0, 0, 0, [], 
6100, 离渊·地煞, , 0, 6100, 0, 0, [], [], [], 0, 0, 0, 0, 0, 0, 0, 0, 0, [], 
6101, 离渊·地煞, , 0, 6100, 1, 0, [301701], [18300311], [], 165, 5550000, 81, 0, 1, 0, 0, 0, 0, [], 
6102, 离渊·地煞, , 0, 6100, 2, 1, [301702], [18300312], [], 335, 9700000, 81, 0, 1, 0, 0, 0, 0, [], 
6103, 离渊·地煞, , 0, 6100, 3, 2, [301703], [18300313], [], 505, 13900000, 81, 0, 1, 0, 0, 0, 0, [], 
6104, 离渊·地煞, , 0, 6100, 4, 3, [301704], [18300314], [], 7, 20900000, 81, 0, 1, 0, 0, 0, 0, [], 
6105, 离渊·地煞, , 0, 6100, 5, 5, [301705], [18300315], [], 140, 27850000, 81, 0, 1, 0, 0, 0, 0, [], 
6106, 离渊·地煞, , 0, 6100, 6, 8, [301706], [18300316], [], 285, 34800000, 81, 0, 1, 0, 0, 0, 0, [], 
6107, 离渊·地煞, , 0, 6100, 7, 12, [301707], [18300317], [], 420, 41800000, 81, 0, 1, 0, 0, 0, 0, [], 
6108, 离渊·地煞, , 0, 6100, 8, 16, [301708], [18300318], [], 6, 139350000, 81, 0, 1, 0, 0, 0, 0, [], 
6109, 离渊·地煞, , 0, 6100, 9, 20, [301709], [18300319], [51601], 0, 0, 81, 0, 1, 0, 0, 0, 0, [], 
6200, 绝命伞·长辛, , 0, 6200, 0, 0, [], [], [], 0, 0, 0, 0, 0, 0, 0, 0, 0, [], 
6201, 绝命伞·长辛, , 0, 6200, 1, 0, [301801], [12200327], [], 135, 5050000, 81, 0, 1, 0, 0, 0, 0, [], 
6202, 绝命伞·长辛, , 0, 6200, 2, 1, [301802], [12200328], [], 270, 8850000, 81, 0, 1, 0, 0, 0, 0, [], 
6203, 绝命伞·长辛, , 0, 6200, 3, 2, [301803], [12200329], [], 405, 12650000, 81, 0, 1, 0, 0, 0, 0, [], 
6204, 绝命伞·长辛, , 0, 6200, 4, 3, [301804], [12200330], [], 6, 19000000, 81, 0, 1, 0, 0, 0, 0, [], 
6205, 绝命伞·长辛, , 0, 6200, 5, 5, [301805], [12200331], [], 130, 25350000, 81, 0, 1, 0, 0, 0, 0, [], 
6206, 绝命伞·长辛, , 0, 6200, 6, 8, [301806], [12200332], [], 260, 31650000, 81, 0, 1, 0, 0, 0, 0, [], 
6207, 绝命伞·长辛, , 0, 6200, 7, 12, [301807], [12200333], [], 385, 38000000, 81, 0, 1, 0, 0, 0, 0, [], 
6208, 绝命伞·长辛, , 0, 6200, 8, 16, [301808], [12200334], [], 6, 126700000, 81, 0, 1, 0, 0, 0, 0, [], 
6209, 绝命伞·长辛, , 0, 6200, 9, 20, [301809], [12200335], [61501], 0, 0, 81, 0, 1, 0, 0, 0, 0, [], 
6300, 琴心三叠·长辛, , 0, 6300, 0, 0, [], [], [], 0, 0, 0, 0, 0, 0, 0, 0, 0, [], 
6301, 琴心三叠·长辛, , 0, 6300, 1, 0, [301701], [12200317], [], 165, 5550000, 81, 0, 1, 0, 0, 0, 0, [], 
6302, 琴心三叠·长辛, , 0, 6300, 2, 1, [301702], [12200318], [], 335, 9700000, 81, 0, 1, 0, 0, 0, 0, [], 
6303, 琴心三叠·长辛, , 0, 6300, 3, 2, [301703], [12200319], [], 505, 13900000, 81, 0, 1, 0, 0, 0, 0, [], 
6304, 琴心三叠·长辛, , 0, 6300, 4, 3, [301704], [12200320], [], 7, 20900000, 81, 0, 1, 0, 0, 0, 0, [], 
6305, 琴心三叠·长辛, , 0, 6300, 5, 5, [301705], [12200321], [], 140, 27850000, 81, 0, 1, 0, 0, 0, 0, [], 
6306, 琴心三叠·长辛, , 0, 6300, 6, 8, [301706], [12200322], [], 285, 34800000, 81, 0, 1, 0, 0, 0, 0, [], 
6307, 琴心三叠·长辛, , 0, 6300, 7, 12, [301707], [12200323], [], 420, 41800000, 81, 0, 1, 0, 0, 0, 0, [], 
6308, 琴心三叠·长辛, , 0, 6300, 8, 16, [301708], [12200324], [], 6, 139350000, 81, 0, 1, 0, 0, 0, 0, [], 
6309, 琴心三叠·长辛, , 0, 6300, 9, 20, [301709], [12200325], [61601], 0, 0, 81, 0, 1, 0, 0, 0, 0, [], 
6400, 狂风追命·长辛, , 0, 6400, 0, 0, [], [], [], 0, 0, 0, 0, 0, 0, 0, 0, 0, [], 
6401, 狂风追命·长辛, , 0, 6400, 1, 0, [301801], [19110321], [], 135, 5050000, 81, 0, 1, 0, 0, 0, 0, [], 
6402, 狂风追命·长辛, , 0, 6400, 2, 1, [301802], [19110322], [], 270, 8850000, 81, 0, 1, 0, 0, 0, 0, [], 
6403, 狂风追命·长辛, , 0, 6400, 3, 2, [301803], [19110323], [], 405, 12650000, 81, 0, 1, 0, 0, 0, 0, [], 
6404, 狂风追命·长辛, , 0, 6400, 4, 3, [301804], [19110324], [], 6, 19000000, 81, 0, 1, 0, 0, 0, 0, [], 
6405, 狂风追命·长辛, , 0, 6400, 5, 5, [301805], [19110325], [], 130, 25350000, 81, 0, 1, 0, 0, 0, 0, [], 
6406, 狂风追命·长辛, , 0, 6400, 6, 8, [301806], [19110326], [], 260, 31650000, 81, 0, 1, 0, 0, 0, 0, [], 
6407, 狂风追命·长辛, , 0, 6400, 7, 12, [301807], [19110327], [], 385, 38000000, 81, 0, 1, 0, 0, 0, 0, [], 
6408, 狂风追命·长辛, , 0, 6400, 8, 16, [301808], [19110328], [], 6, 126700000, 81, 0, 1, 0, 0, 0, 0, [], 
6409, 狂风追命·长辛, , 0, 6400, 9, 20, [301809], [19110329], [71501], 0, 0, 81, 0, 1, 0, 0, 0, 0, [], 
6500, 凤凰决杀·长辛, , 0, 6500, 0, 0, [], [], [], 0, 0, 0, 0, 0, 0, 0, 0, 0, [], 
6501, 凤凰决杀·长辛, , 0, 6500, 1, 0, [301701], [19110311], [], 165, 5550000, 81, 0, 1, 0, 0, 0, 0, [], 
6502, 凤凰决杀·长辛, , 0, 6500, 2, 1, [301702], [19110312], [], 335, 9700000, 81, 0, 1, 0, 0, 0, 0, [], 
6503, 凤凰决杀·长辛, , 0, 6500, 3, 2, [301703], [19110313], [], 505, 13900000, 81, 0, 1, 0, 0, 0, 0, [], 
6504, 凤凰决杀·长辛, , 0, 6500, 4, 3, [301704], [19110314], [], 7, 20900000, 81, 0, 1, 0, 0, 0, 0, [], 
6505, 凤凰决杀·长辛, , 0, 6500, 5, 5, [301705], [19110315], [], 140, 27850000, 81, 0, 1, 0, 0, 0, 0, [], 
6506, 凤凰决杀·长辛, , 0, 6500, 6, 8, [301706], [19110316], [], 285, 34800000, 81, 0, 1, 0, 0, 0, 0, [], 
6507, 凤凰决杀·长辛, , 0, 6500, 7, 12, [301707], [19110317], [], 420, 41800000, 81, 0, 1, 0, 0, 0, 0, [], 
6508, 凤凰决杀·长辛, , 0, 6500, 8, 16, [301708], [19110318], [], 6, 139350000, 81, 0, 1, 0, 0, 0, 0, [], 
6509, 凤凰决杀·长辛, , 0, 6500, 9, 20, [301709], [19110319], [71601], 0, 0, 81, 0, 1, 0, 0, 0, 0, [], 
6600, 鹰击长空·长辛, , 0, 6600, 0, 0, [], [], [], 0, 0, 0, 0, 0, 0, 0, 0, 0, [], 
6601, 鹰击长空·长辛, , 0, 6600, 1, 0, [301801], [19301327], [], 135, 5050000, 81, 0, 1, 0, 0, 0, 0, [], 
6602, 鹰击长空·长辛, , 0, 6600, 2, 1, [301802], [19301328], [], 270, 8850000, 81, 0, 1, 0, 0, 0, 0, [], 
6603, 鹰击长空·长辛, , 0, 6600, 3, 2, [301803], [19301329], [], 405, 12650000, 81, 0, 1, 0, 0, 0, 0, [], 
6604, 鹰击长空·长辛, , 0, 6600, 4, 3, [301804], [19301330], [], 6, 19000000, 81, 0, 1, 0, 0, 0, 0, [], 
6605, 鹰击长空·长辛, , 0, 6600, 5, 5, [301805], [19301331], [], 130, 25350000, 81, 0, 1, 0, 0, 0, 0, [], 
6606, 鹰击长空·长辛, , 0, 6600, 6, 8, [301806], [19301332], [], 260, 31650000, 81, 0, 1, 0, 0, 0, 0, [], 
6607, 鹰击长空·长辛, , 0, 6600, 7, 12, [301807], [19301333], [], 385, 38000000, 81, 0, 1, 0, 0, 0, 0, [], 
6608, 鹰击长空·长辛, , 0, 6600, 8, 16, [301808], [19301334], [], 6, 126700000, 81, 0, 1, 0, 0, 0, 0, [], 
6609, 鹰击长空·长辛, , 0, 6600, 9, 20, [301809], [19301335], [81501], 0, 0, 81, 0, 1, 0, 0, 0, 0, [], 
6700, 斩血海·长辛, , 0, 6700, 0, 0, [], [], [], 0, 0, 0, 0, 0, 0, 0, 0, 0, [], 
6701, 斩血海·长辛, , 0, 6700, 1, 0, [301701], [19301317], [], 165, 5550000, 81, 0, 1, 0, 0, 0, 0, [], 
6702, 斩血海·长辛, , 0, 6700, 2, 1, [301702], [19301318], [], 335, 9700000, 81, 0, 1, 0, 0, 0, 0, [], 
6703, 斩血海·长辛, , 0, 6700, 3, 2, [301703], [19301319], [], 505, 13900000, 81, 0, 1, 0, 0, 0, 0, [], 
6704, 斩血海·长辛, , 0, 6700, 4, 3, [301704], [19301320], [], 7, 20900000, 81, 0, 1, 0, 0, 0, 0, [], 
6705, 斩血海·长辛, , 0, 6700, 5, 5, [301705], [19301321], [], 140, 27850000, 81, 0, 1, 0, 0, 0, 0, [], 
6706, 斩血海·长辛, , 0, 6700, 6, 8, [301706], [19301322], [], 285, 34800000, 81, 0, 1, 0, 0, 0, 0, [], 
6707, 斩血海·长辛, , 0, 6700, 7, 12, [301707], [19301323], [], 420, 41800000, 81, 0, 1, 0, 0, 0, 0, [], 
6708, 斩血海·长辛, , 0, 6700, 8, 16, [301708], [19301324], [], 6, 139350000, 81, 0, 1, 0, 0, 0, 0, [], 
6709, 斩血海·长辛, , 0, 6700, 9, 20, [301709], [19301325], [81601], 0, 0, 81, 0, 1, 0, 0, 0, 0, [], 
6800, 漱玉诀·劲松, , 0, 6800, 0, 0, [], [], [], 0, 0, 0, 0, 0, 0, 0, 0, 0, [], 
6801, 漱玉诀·劲松, , 0, 6800, 1, 0, [301301], [20001301], [], 15, 2000000, 81, 0, 1, 0, 0, 0, 0, [], 
6802, 漱玉诀·劲松, , 0, 6800, 2, 1, [301302], [20001302], [], 30, 3500000, 81, 0, 1, 0, 0, 0, 0, [], 
6803, 漱玉诀·劲松, , 0, 6800, 3, 2, [301303], [20001303], [], 45, 5000000, 81, 0, 1, 0, 0, 0, 0, [], 
6804, 漱玉诀·劲松, , 0, 6800, 4, 3, [301304], [20001304], [], 2, 7500000, 81, 0, 1, 0, 0, 0, 0, [], 
6805, 漱玉诀·劲松, , 0, 6800, 5, 5, [301305], [20001305], [], 50, 10000000, 81, 0, 1, 0, 0, 0, 0, [], 
6806, 漱玉诀·劲松, , 0, 6800, 6, 8, [301306], [20001307], [], 100, 12500000, 81, 0, 1, 0, 0, 0, 0, [], 
6807, 漱玉诀·劲松, , 0, 6800, 7, 12, [301307], [20001309], [], 150, 15000000, 81, 0, 1, 0, 0, 0, 0, [], 
6808, 漱玉诀·劲松, , 0, 6800, 8, 16, [301308], [20001311], [], 2, 50000000, 81, 0, 1, 0, 0, 0, 0, [], 
6809, 漱玉诀·劲松, , 0, 6800, 9, 20, [301309], [20001313], [90101], 0, 0, 81, 0, 1, 0, 0, 0, 0, [], 
6900, 天地醉心·观复, , 0, 6900, 0, 0, [], [], [], 0, 0, 0, 0, 0, 0, 0, 0, 0, [], 
6901, 天地醉心·观复, , 0, 6900, 1, 0, [301401], [20001501], [], 30, 3200000, 81, 0, 1, 0, 0, 0, 0, [], 
6902, 天地醉心·观复, , 0, 6900, 2, 1, [301402], [20001502], [], 60, 5600000, 81, 0, 1, 0, 0, 0, 0, [], 
6903, 天地醉心·观复, , 0, 6900, 3, 2, [301403], [20001503], [], 90, 8000000, 81, 0, 1, 0, 0, 0, 0, [], 
6904, 天地醉心·观复, , 0, 6900, 4, 3, [301404], [20001504], [], 3, 12000000, 81, 0, 1, 0, 0, 0, 0, [], 
6905, 天地醉心·观复, , 0, 6900, 5, 5, [301405], [20001505], [], 75, 16000000, 81, 0, 1, 0, 0, 0, 0, [], 
6906, 天地醉心·观复, , 0, 6900, 6, 8, [301406], [20001506], [], 150, 20000000, 81, 0, 1, 0, 0, 0, 0, [], 
6907, 天地醉心·观复, , 0, 6900, 7, 12, [301407], [20001507], [], 225, 24000000, 81, 0, 1, 0, 0, 0, 0, [], 
6908, 天地醉心·观复, , 0, 6900, 8, 16, [301408], [20001508], [], 3, 80000000, 81, 0, 1, 0, 0, 0, 0, [], 
6909, 天地醉心·观复, , 0, 6900, 9, 20, [301409], [20001509], [90201], 0, 0, 81, 0, 1, 0, 0, 0, 0, [], 
7000, 裁玉三问·长辛, , 0, 7000, 0, 0, [], [], [], 0, 0, 0, 0, 0, 0, 0, 0, 0, [], 
7001, 裁玉三问·长辛, , 0, 7000, 1, 0, [301501], [20001201], [], 90, 3850000, 81, 0, 1, 0, 0, 0, 0, [], 
7002, 裁玉三问·长辛, , 0, 7000, 2, 1, [301502], [20001202], [], 180, 6700000, 81, 0, 1, 0, 0, 0, 0, [], 
7003, 裁玉三问·长辛, , 0, 7000, 3, 2, [301503], [20001203], [], 270, 9600000, 81, 0, 1, 0, 0, 0, 0, [], 
7004, 裁玉三问·长辛, , 0, 7000, 4, 3, [301504], [20001204], [], 4, 14400000, 81, 0, 1, 0, 0, 0, 0, [], 
7005, 裁玉三问·长辛, , 0, 7000, 5, 5, [301505], [20001205], [], 95, 19200000, 81, 0, 1, 0, 0, 0, 0, [], 
7006, 裁玉三问·长辛, , 0, 7000, 6, 8, [301506], [20001206], [], 190, 24000000, 81, 0, 1, 0, 0, 0, 0, [], 
7007, 裁玉三问·长辛, , 0, 7000, 7, 12, [301507], [20001207], [], 280, 28800000, 81, 0, 1, 0, 0, 0, 0, [], 
7008, 裁玉三问·长辛, , 0, 7000, 8, 16, [301508], [20001208], [], 4, 96000000, 81, 0, 1, 0, 0, 0, 0, [], 
7009, 裁玉三问·长辛, , 0, 7000, 9, 20, [301509], [20001209], [90301], 0, 0, 81, 0, 1, 0, 0, 0, 0, [], 
7100, 大音希声·长辛, , 0, 7100, 0, 0, [], [], [], 0, 0, 0, 0, 0, 0, 0, 0, 0, [], 
7101, 大音希声·长辛, , 0, 7100, 1, 0, [301601], [20001401], [], 115, 4600000, 81, 0, 1, 0, 0, 0, 0, [], 
7102, 大音希声·长辛, , 0, 7100, 2, 1, [301602], [20001402], [], 225, 8050000, 81, 0, 1, 0, 0, 0, 0, [], 
7103, 大音希声·长辛, , 0, 7100, 3, 2, [301603], [20001403], [], 340, 11500000, 81, 0, 1, 0, 0, 0, 0, [], 
7104, 大音希声·长辛, , 0, 7100, 4, 3, [301604], [20001404], [], 5, 17300000, 81, 0, 1, 0, 0, 0, 0, [], 
7105, 大音希声·长辛, , 0, 7100, 5, 5, [301605], [20001405], [], 120, 23050000, 81, 0, 1, 0, 0, 0, 0, [], 
7106, 大音希声·长辛, , 0, 7100, 6, 8, [301606], [20001407], [], 240, 28800000, 81, 0, 1, 0, 0, 0, 0, [], 
7107, 大音希声·长辛, , 0, 7100, 7, 12, [301607], [20001409], [], 350, 34550000, 81, 0, 1, 0, 0, 0, 0, [], 
7108, 大音希声·长辛, , 0, 7100, 8, 16, [301608], [20001411], [], 5, 115200000, 81, 0, 1, 0, 0, 0, 0, [], 
7109, 大音希声·长辛, , 0, 7100, 9, 20, [301609], [20001413], [90401], 0, 0, 81, 0, 1, 0, 0, 0, 0, [], 
7200, 花杀一念·长辛, , 0, 7200, 0, 0, [], [], [], 0, 0, 0, 0, 0, 0, 0, 0, 0, [], 
7201, 花杀一念·长辛, , 0, 7200, 1, 0, [301801], [20001101], [], 135, 5050000, 81, 0, 1, 0, 0, 0, 0, [], 
7202, 花杀一念·长辛, , 0, 7200, 2, 1, [301802], [20001102], [], 270, 8850000, 81, 0, 1, 0, 0, 0, 0, [], 
7203, 花杀一念·长辛, , 0, 7200, 3, 2, [301803], [20001103], [], 405, 12650000, 81, 0, 1, 0, 0, 0, 0, [], 
7204, 花杀一念·长辛, , 0, 7200, 4, 3, [301804], [20001104], [], 6, 19000000, 81, 0, 1, 0, 0, 0, 0, [], 
7205, 花杀一念·长辛, , 0, 7200, 5, 5, [301805], [20001105], [], 130, 25350000, 81, 0, 1, 0, 0, 0, 0, [], 
7206, 花杀一念·长辛, , 0, 7200, 6, 8, [301806], [20001106], [], 260, 31650000, 81, 0, 1, 0, 0, 0, 0, [], 
7207, 花杀一念·长辛, , 0, 7200, 7, 12, [301807], [20001107], [], 385, 38000000, 81, 0, 1, 0, 0, 0, 0, [], 
7208, 花杀一念·长辛, , 0, 7200, 8, 16, [301808], [20001108], [], 6, 126700000, 81, 0, 1, 0, 0, 0, 0, [], 
7209, 花杀一念·长辛, , 0, 7200, 9, 20, [301809], [20001109], [90501], 0, 0, 81, 0, 1, 0, 0, 0, 0, [], 
7300, 五蕴昭华·长辛, , 0, 7300, 0, 0, [], [], [], 0, 0, 0, 0, 0, 0, 0, 0, 0, [], 
7301, 五蕴昭华·长辛, , 0, 7300, 1, 0, [301701], [20001001], [], 165, 5550000, 81, 0, 1, 0, 0, 0, 0, [], 
7302, 五蕴昭华·长辛, , 0, 7300, 2, 1, [301702], [20001002], [], 335, 9700000, 81, 0, 1, 0, 0, 0, 0, [], 
7303, 五蕴昭华·长辛, , 0, 7300, 3, 2, [301703], [20001003], [], 505, 13900000, 81, 0, 1, 0, 0, 0, 0, [], 
7304, 五蕴昭华·长辛, , 0, 7300, 4, 3, [301704], [20001004], [], 7, 20900000, 81, 0, 1, 0, 0, 0, 0, [], 
7305, 五蕴昭华·长辛, , 0, 7300, 5, 5, [301705], [20001005], [], 140, 27850000, 81, 0, 1, 0, 0, 0, 0, [], 
7306, 五蕴昭华·长辛, , 0, 7300, 6, 8, [301706], [20001006], [], 285, 34800000, 81, 0, 1, 0, 0, 0, 0, [], 
7307, 五蕴昭华·长辛, , 0, 7300, 7, 12, [301707], [20001007], [], 420, 41800000, 81, 0, 1, 0, 0, 0, 0, [], 
7308, 五蕴昭华·长辛, , 0, 7300, 8, 16, [301708], [20001008], [], 6, 139350000, 81, 0, 1, 0, 0, 0, 0, [], 
7309, 五蕴昭华·长辛, , 0, 7300, 9, 20, [301709], [20001009], [90601], 0, 0, 81, 0, 1, 0, 0, 0, 0, [], 
