id, type, advPoint, v4, star, name, image, preDes, doingDes, afterDes, k, levelAndInvest, m, n, o, p, q, r, s, t, u, v, w, jzxPoint, y, z, aa, songqian, ac, ad, ae, af, ag, ah, ai, aj, ak, al, am, name2, preDes2, ap, aq, ar, as, , , , , , , , , , , , , , , , , , , , ,
1, 1, 50, 40601, 1, 钱塘港, Icons/Seacollect/Port_qiantanggang.png, 抵达钱塘港, 紧邻杭州外的港口，钱塘港是大宋海政司完全控制的港口，商船军船交错往来。乃是朝廷重港。, 紧邻杭州外的港口，钱塘港是大宋海政司完全控制的港口，商船军船交错往来。乃是朝廷重港。, 0, [0.0], 0, [], 0, [], 0, 0, 0, 0, 5, 2, 3, 55, 2, 2, 11, 1000, 0, 0, 0, 0, 0, 0, 3, 1, 43750, 10064, 1090599049, 钱塘港, 抵达钱塘港, 0, [], 0, 0, , , 0, [], 0, 0, , , 0, [], 0, 0, , , 0, [], 0, 0, , ,
2, 2, 50, 40601, 1, 望东海, Icons/Seacollect/Geo_wangdonghai.png, 钱塘港有一处大酒楼，登上顶层可以一览东海风光, 在高处俯瞰杭州出海口的风貌，大江入海气势恢宏，商船往来欣欣向荣。, 在高处俯瞰杭州出海口的风貌，大江入海气势恢宏，商船往来欣欣向荣。, 2, [1.0], 0, [], 0, [], 0, 0, 0, 0, 5, 2, 3, 55, 2, 2, 11, 1000, 0, 0, 0, 0, 0, 0, 3, 1, 43751, 10064, 1090599043, 望东海, 钱塘港有一处大酒楼，登上顶层可以一览东海风光, 0, [], 0, 0, , , 0, [], 0, 0, , , 0, [], 0, 0, , , 0, [], 0, 0, , , 
3, 2, 50, 40601, 1, 平安塔, Icons/Seacollect/Geo_pinganta.png, 海岛半山处有一座高塔，时而有岛上的人们在此祈福, 由水手们的家人捐资建造，许多人会到塔下祈求家人平安。而对远航的水手们来说，远远看到这座塔的轮廓，也代表了此次航行的胜利曙光。, 由水手们的家人捐资建造，许多人会到塔下祈求家人平安。而对远航的水手们来说，远远看到这座塔的轮廓，也代表了此次航行的胜利曙光。, 2, [1.0], 0, [], 0, [], 0, 0, 0, 0, 5, 2, 3, 55, 2, 2, 11, 1000, 0, 0, 0, 0, 0, 0, 3, 1, 43752, 10064, 1090599044, 平安塔, 海岛半山处有一座高塔，时而有岛上的人们在此祈福, 0, [], 0, 0, , , 0, [], 0, 0, , , 0, [], 0, 0, , , 0, [], 0, 0, , , 
4, 3, 60, 40603, 1, 吉祥草, Icons/Seacollect/Grass_jixiangcao.png, 钱塘港上少见的小草，通常生长在山地的树木边上, 吉祥草又名四叶草，本是不知名的野草但由于四瓣叶的极其少见因此被水手们认为是好运的象征。, 吉祥草又名四叶草，本是不知名的野草但由于四瓣叶的极其少见因此被水手们认为是好运的象征。, 0, [0.0], 0, [], 0, [], 0, 0, 0, 0, 5, 2, 3, 65, 2, 2, 11, 1500, 0, 0, 0, 0, 0, 0, 3, 1, 43753, 10064, 1090599046, 吉祥草, 钱塘港上少见的小草，通常生长在山地的树木边上, 0, [], 0, 0, , , 0, [], 0, 0, , , 0, [], 0, 0, , , 0, [], 0, 0, , , 
5, 3, 60, 40603, 1, 迎帆花, Icons/Seacollect/Grass_yingfanhua.png, 港口边上常见的小花，多加留意就能发现, 港口多风且贸易频繁，寻常花草难易生长，但神奇的是每当有船要出航时在其停泊的码头处必然会开着一朵小花。, 港口多风且贸易频繁，寻常花草难易生长，但神奇的是每当有船要出航时在其停泊的码头处必然会开着一朵小花。, 0, [0.0], 0, [], 0, [], 0, 0, 0, 0, 5, 2, 3, 65, 2, 2, 11, 1500, 0, 0, 0, 0, 0, 0, 3, 1, 43754, 10064, 1090599047, 迎帆花, 港口边上常见的小花，多加留意就能发现, 0, [], 0, 0, , , 0, [], 0, 0, , , 0, [], 0, 0, , , 0, [], 0, 0, , , 
6, 6, 56, 40602, 2, 绸伞, Icons/Seacollect/Nat_chousan.png, 唐青铃从伞庄带了一批货，上去问问有没有需要帮忙的地方, 杭州绸伞在传统油纸伞的基础上在做钻研，在保证其防雨性能之上又使其更美观风雅。, 杭州绸伞在传统油纸伞的基础上在做钻研，在保证其防雨性能之上又使其更美观风雅。, 1, [1.0$$ 3000.0], 0, [], 0, [], 0, 0, 0, 0, 5, 2, 3, 60, 2, 2, 11, 1500, 0, 0, 0, 0, 0, 0, 3, 1, 43755, 10064, 1090599048, 绸伞, 唐青铃从伞庄带了一批货，上去问问有没有需要帮忙的地方, 0, [], 0, 0, , , 0, [], 0, 0, , , 0, [], 0, 0, , , 0, [], 0, 0, , , 
7, 6, 56, 40602, 2, 炒蛏子, Icons/Seacollect/Nat_chaochengzi.png, 想了解一个地方的特色小吃，没有比去酒馆更直接的方法了, 中医认为蛏子肉有清热解毒，利小便，消水肿之功。其肉质鲜美，是钱塘港最受欢迎的一道小吃, 中医认为蛏子肉有清热解毒，利小便，消水肿之功。其肉质鲜美，是钱塘港最受欢迎的一道小吃, 0, [0.0], 0, [], 0, [], 0, 0, 0, 0, 5, 2, 3, 60, 2, 2, 11, 1500, 0, 0, 0, 0, 0, 0, 3, 1, 43756, 10064, 1090599051, 炒蛏子, 想了解一个地方的特色小吃，没有比去酒馆更直接的方法了, 0, [], 0, 0, , , 0, [], 0, 0, , , 0, [], 0, 0, , , 0, [], 0, 0, , , 
8, 7, 108, 40610, 1, 黄泥螺, Icons/Seacollect/Fish_huangniluo.png, 白天（10:00-18:00）在钱塘港的浅滩处较为常见, 在河海交界处最容易钓到，产量比较丰富。, 在河海交界处最容易钓到，产量比较丰富。, 0, [0.0], 0, [], 0, [], 0, 0, 0, 0, 5, 2, 3, 115, 2, 2, 11, 2000, 0, 0, 0, 0, 0, 0, 3, 1, 43757, 10064, 1090599071, 黄泥螺, 白天（10:00-18:00）在钱塘港的浅滩处较为常见, 0, [], 0, 0, , , 0, [], 0, 0, , , 0, [], 0, 0, , , 0, [], 0, 0, , , 
9, 7, 108, 40610, 1, 复虾虎鱼, Icons/Seacollect/Fish_fuxiahuyu.png, 钱塘港特有鱼类，常在早晨（8:00-13:00）群聚在海岛附近的水域中, 食性很杂凶残贪婪，只要是荤饵来者不拒，生存条件恶劣时“六亲不认”，同类相残。, 食性很杂凶残贪婪，只要是荤饵来者不拒，生存条件恶劣时“六亲不认”，同类相残。, 0, [0.0], 0, [], 0, [], 0, 0, 0, 0, 5, 2, 3, 115, 2, 2, 11, 2000, 0, 0, 0, 0, 0, 0, 3, 1, 43758, 10064, 1090599059, 复虾虎鱼, 钱塘港特有鱼类，常在早晨（8:00-13:00）群聚在海岛附近的水域中, 0, [], 0, 0, , , 0, [], 0, 0, , , 0, [], 0, 0, , , 0, [], 0, 0, , , 
10, 1, 60, 40604, 1, 江洋港, Icons/Seacollect/Port_jiangyanggang.png, 抵达江洋港, 海上丝绸之路的起点，各路有实力的江湖人士都聚集在此地, 海上丝绸之路的起点，各路有实力的江湖人士都聚集在此地, 0, [0.0], 0, [], 0, [], 0, 0, 0, 0, 5, 2, 3, 70, 2, 2, 11, 1000, 0, 0, 0, 0, 0, 0, 3, 1, 43760, 10056, 1107376324, 江洋港, 抵达江洋港, 0, [], 0, 0, , , 0, [], 0, 0, , , 0, [], 0, 0, , , 0, [], 0, 0, , , 
11, 2, 60, 40604, 1, 环形礁, Icons/Seacollect/Geo_huanxingjiao.png, 环形礁分布在岛屿周围，海水较浅适合潜水, 此处有特殊的环形礁石，此处最宜度过美妙的日出和日落。, 海岛上观看日出日落，一定别有一番风味吧, 2, [10.0], 0, [], 0, [], 0, 0, 0, 0, 5, 2, 3, 70, 2, 2, 11, 1000, 0, 0, 0, 0, 0, 0, 3, 1, 43761, 10056, 1107376272, 环形礁, 环形礁分布在岛屿周围，海水较浅适合潜水, 0, [], 0, 0, , , 0, [], 0, 0, , , 0, [], 0, 0, , , 0, [], 0, 0, , , 
12, 2, 60, 40604, 1, 瞭望塔, Icons/Seacollect/Geo_liaowangta.png, 江洋港上有处常明的灯塔，站在上面可以看到很远的地方, 在高处常明的灯塔为来往船只指明方向，站在顶上也可以及时掌控船只的动向。, 在高处常明的灯塔为来往船只指明方向，站在顶上也可以及时掌控船只的动向。, 2, [10.0], 0, [], 0, [], 0, 0, 0, 0, 5, 2, 3, 70, 2, 2, 11, 1000, 0, 0, 0, 0, 0, 0, 3, 1, 43762, 10056, 1107376271, 瞭望所, 江洋港上有处常明的灯塔，站在上面可以看到很远的地方, 0, [], 0, 0, , , 0, [], 0, 0, , , 0, [], 0, 0, , , 0, [], 0, 0, , , 
13, 3, 68, 40605, 1, 马鞍藤, Icons/Seacollect/Grass_maanteng.png, 有一定的药用价值，岛上的人常在靠近海边的砂石地上摘取, 在靠海砂石地上长着一种马鞍形状的藤蔓，此类植物最喜暖湿润的气候。, 在靠海砂石地上长着一种马鞍形状的藤蔓，此类植物最喜暖湿润的气候。, 0, [0.0], 0, [], 0, [], 0, 0, 0, 0, 5, 2, 3, 75, 2, 2, 11, 1500, 0, 0, 0, 0, 0, 0, 3, 1, 43763, 10056, 1107376269, 马鞍藤, 有一定的药用价值，岛上的人常在靠近海边的砂石地上摘取, 0, [], 0, 0, , , 0, [], 0, 0, , , 0, [], 0, 0, , , 0, [], 0, 0, , , 
14, 3, 68, 40605, 1, 笑酡颜, Icons/Seacollect/Grass_xiaotuoyan.png, 林地中原本很常见，但采的人多了现在也很少有, 一种开深红色花朵的植物并伴有异香，是制造胭脂的主要原料之一。, 一种开深红色花朵的植物并伴有异香，是制造胭脂的主要原料之一。, 0, [0.0], 0, [], 0, [], 0, 0, 0, 0, 5, 2, 3, 75, 2, 2, 11, 1500, 0, 0, 0, 0, 0, 0, 3, 1, 43764, 10056, 1107376270, 笑酡颜, 林地中原本很常见，但采的人多了现在也很少有, 0, [], 0, 0, , , 0, [], 0, 0, , , 0, [], 0, 0, , , 0, [], 0, 0, , , 
15, 6, 68, 40605, 2, 唐水仙, Icons/Seacollect/Nat_tangshuixian.png, 向胡老板了解海外的热销商品, 水仙花本是常见的景观花，但经过胡老板巧手的一番布置竟让其盆栽显得格外精美。, 唐水仙虽在中原常见，却是海外热销之物, 1, [2.0$$ 3000.0], 0, [], 0, [], 0, 0, 0, 0, 5, 2, 3, 75, 2, 2, 11, 1500, 0, 0, 0, 0, 0, 0, 3, 1, 43765, 10056, 1107376276, 唐水仙, 向胡老板了解海外的热销商品, 0, [], 0, 0, , , 0, [], 0, 0, , , 0, [], 0, 0, , , 0, [], 0, 0, , , 
16, 6, 68, 40605, 2, 醉螺, Icons/Seacollect/Nat_zuiluo.png, 想了解一个地方的特色小吃，没有比去酒馆更直接的方法了, 海螺是海边居民常备的美味，其中以邹婷醉制的最佳。, 海螺是海边居民常备的美味，其中以邹婷醉制的最佳。, 0, [0.0], 0, [], 0, [], 0, 0, 0, 0, 5, 2, 3, 75, 2, 2, 11, 1500, 0, 0, 0, 0, 0, 0, 3, 1, 43766, 10056, 1107376277, 醉螺, 想了解一个地方的特色小吃，没有比去酒馆更直接的方法了, 0, [], 0, 0, , , 0, [], 0, 0, , , 0, [], 0, 0, , , 0, [], 0, 0, , , 
17, 7, 108, 40611, 1, 鲽鱼, Icons/Seacollect/Fish_dieyu.png, 中午（12:00-20:00）会靠近海岸觅食，到了晚上退回到海中, 寒风凛冽之时，其它鱼类纷纷向深海迁徙，鲽鱼却到近岸浅水区安家，是冬钓的主要对象鱼。, 寒风凛冽之时，其它鱼类纷纷向深海迁徙，鲽鱼却到近岸浅水区安家，是冬钓的主要对象鱼。, 0, [0.0], 0, [], 0, [], 0, 0, 0, 0, 5, 2, 3, 125, 2, 2, 11, 2000, 0, 0, 0, 0, 0, 0, 3, 1, 43767, 10056, 1107376275, 鲽鱼, 中午（12:00-20:00）会靠近海岸觅食，到了晚上退回到海中, 0, [], 0, 0, , , 0, [], 0, 0, , , 0, [], 0, 0, , , 0, [], 0, 0, , , 
18, 7, 108, 40611, 1, 鳌蟹, Icons/Seacollect/Fish_aoxie.png, 白天隐藏在洞中，只有黄昏（18:00-23:00）后才会出现觅食，浅水沙滩处分布最多, 一种钳子特别大的螃蟹，最适合做醉蟹钳。, 一种钳子特别大的螃蟹，最适合做醉蟹钳。, 0, [0.0], 0, [], 0, [], 0, 0, 0, 0, 5, 2, 3, 125, 2, 2, 11, 2000, 0, 0, 0, 0, 0, 0, 3, 1, 43768, 10056, 1107376274, 鳌蟹, 白天隐藏在洞中，只有黄昏（18:00-23:00）后才会出现觅食，浅水沙滩处分布最多, 0, [], 0, 0, , , 0, [], 0, 0, , , 0, [], 0, 0, , , 0, [], 0, 0, , , 
19, 1, 70, 40606, 1, 泉州港, Icons/Seacollect/Port_quanzhougang.png, 抵达泉州港, 泉州港是一个自由国度。中原财神商会、西域端木世家等巨商将各地货物运至此出海，而东越本部势力绝智轩亦驻扎在此, 东越是龙争虎斗之地，嘲天宫，万象门等都曾盘踞其中。距东越最近的泉州港因此成为一个自由国度。中原财神商会、西域端木世家等巨商将各地货物运至此出海，而东越本部势力绝智轩亦驻扎在此, 0, [0.0], 0, [], 0, [], 0, 0, 0, 0, 5, 2, 3, 85, 2, 2, 11, 1000, 0, 0, 0, 0, 0, 0, 3, 1, 43770, 10057, 1124153474, 泉州港, 抵达泉州港, 0, [], 0, 0, , , 0, [], 0, 0, , , 0, [], 0, 0, , , 0, [], 0, 0, , , 
20, 2, 70, 40606, 1, 望海楼, Icons/Seacollect/Geo_wanghailou.png, 望海楼依山而建、凭海临风，登上此处可一览泉州港全貌, 这边的许多建筑都是凭海临风，确保可以看见最美的海景。望海楼便是其中最有名之处，相传李白还曾在此饮酒题诗，可惜诗词已失落不可考。, 这边的许多建筑都是凭海临风，确保可以看见最美的海景。望海楼便是其中最有名之处，相传李白还曾在此饮酒题诗，可惜诗词已失落不可考。, 2, [19.0], 0, [], 0, [], 0, 0, 0, 0, 5, 2, 3, 85, 2, 2, 11, 1000, 0, 0, 0, 0, 0, 0, 3, 1, 43771, 10057, 1124153475, 望海楼, 望海楼依山而建、凭海临风，登上此处可一览泉州港全貌, 0, [], 0, 0, , , 0, [], 0, 0, , , 0, [], 0, 0, , , 0, [], 0, 0, , , 
21, 2, 70, 40606, 1, 芳草集, Icons/Seacollect/Geo_fangcaoji.png, 在半山处寻找芳草集, 别的地方用某某集来称呼集市，此处的芳草集却是一个小小的盆景园，可以从中采集到各种珍稀奇异的花草。, 别的地方用某某集来称呼集市，此处的芳草集却是一个小小的盆景园，可以从中采集到各种珍稀奇异的花草。, 2, [19.0], 0, [], 0, [], 0, 0, 0, 0, 5, 2, 3, 85, 2, 2, 11, 1000, 0, 0, 0, 0, 0, 0, 3, 1, 43772, 10057, 1124153476, 芳草集, 在半山处寻找芳草集, 0, [], 0, 0, , , 0, [], 0, 0, , , 0, [], 0, 0, , , 0, [], 0, 0, , , 
22, 3, 80, 40607, 1, 红袖兰, Icons/Seacollect/Grass_hongxiulan.png, 在芳草集中寻找红袖兰, 芳草集中最为值钱的就是这一种兰花，乃是前朝才女、香帅的红颜知己李红袖姑娘培育出的珍稀品种。, 芳草集中最为值钱的就是这一种兰花，乃是前朝才女、香帅的红颜知己李红袖姑娘培育出的珍稀品种。, 0, [0.0], 0, [], 0, [], 0, 0, 0, 0, 5, 2, 3, 95, 2, 2, 11, 1500, 0, 0, 0, 0, 0, 0, 3, 1, 43773, 10057, 1124153477, 红袖兰, 在芳草集中寻找红袖兰, 0, [], 0, 0, , , 0, [], 0, 0, , , 0, [], 0, 0, , , 0, [], 0, 0, , , 
23, 3, 80, 40607, 1, 竹根姜, Icons/Seacollect/Grass_zhugenjiang.png, 竹根姜常伴生在树木下，在平坦肥沃的土壤中生长, 沐摇光道出和树木伴生的生姜，晒干切片，和普洱茶同煮，乃是当地人最为钟爱的饮品。, 沐摇光道出和树木伴生的生姜，晒干切片，和普洱茶同煮，乃是当地人最为钟爱的饮品。, 3, [43036.0], 0, [], 0, [], 0, 0, 0, 0, 5, 2, 3, 95, 2, 2, 11, 1500, 0, 0, 0, 0, 0, 0, 3, 1, 43774, 10057, 0, 竹根姜, 竹根姜常伴生在树木下，在平坦肥沃的土壤中生长, 0, [], 0, 0, , , 0, [], 0, 0, , , 0, [], 0, 0, , , 0, [], 0, 0, , , 
24, 6, 80, 40607, 2, 普洱茶饼, Icons/Seacollect/Nat_puerchabing.png, 听闻沐摇光喜欢喝茶，去庭院外的茶摊上采一些带给她吧, 普洱茶是以中国云南省一定区域内云南大叶种晒青毛茶为原料，经过发酵加工成的散茶和紧压茶。, 普洱茶是以中国云南省一定区域内云南大叶种晒青毛茶为原料，经过发酵加工成的散茶和紧压茶。, 3, [43037.0], 0, [], 0, [], 0, 0, 0, 0, 5, 2, 3, 95, 2, 2, 11, 1500, 0, 0, 0, 0, 0, 0, 3, 1, 43775, 10057, 0, 普洱茶饼, 听闻沐摇光喜欢喝茶，去庭院外的茶摊上采一些带给她吧, 0, [], 0, 0, , , 0, [], 0, 0, , , 0, [], 0, 0, , , 0, [], 0, 0, , , 
25, 6, 80, 40607, 2, 白瓷观音, Icons/Seacollect/Nat_baiciguanyin.png, 瓷器在海外常年热销，可以去瓷器铺子了解下情况, 经过海上丝路的传播，外海信奉佛教的人越来越多，这让原本就做工精美的白瓷观音变得极为紧俏。, 经过海上丝路的传播，外海信奉佛教的人越来越多，这让原本就做工精美的白瓷观音变得极为紧俏。, 3, [43038.0], 0, [], 0, [], 0, 0, 0, 0, 5, 2, 3, 95, 2, 2, 11, 1500, 0, 0, 0, 0, 0, 0, 3, 1, 43776, 10057, 0, 白瓷观音, 瓷器在海外常年热销，可以去瓷器铺子了解下情况, 0, [], 0, 0, , , 0, [], 0, 0, , , 0, [], 0, 0, , , 0, [], 0, 0, , , 
26, 6, 80, 40607, 2, 土笋冻, Icons/Seacollect/Nat_tusundong.png, 想了解一个地方的特色小吃，没有比去酒馆更直接的方法了, 生于沿海江河入海处咸淡水交汇的滩涂上，在闽常食土笋冻，味甚鲜异，但闻生于海滨，形似蚯蚓，即沙巽也。, 生于沿海江河入海处咸淡水交汇的滩涂上，在闽常食土笋冻，味甚鲜异，但闻生于海滨，形似蚯蚓，即沙巽也。, 1, [3.0$$ 3000.0], 0, [], 0, [], 0, 0, 0, 0, 5, 2, 3, 95, 2, 2, 11, 1500, 0, 0, 0, 0, 0, 0, 3, 1, 43777, 10057, 1124153480, 土笋冻, 想了解一个地方的特色小吃，没有比去酒馆更直接的方法了, 0, [], 0, 0, , , 0, [], 0, 0, , , 0, [], 0, 0, , , 0, [], 0, 0, , , 
27, 7, 108, 40613, 1, 海蜇, Icons/Seacollect/Fish_haizhe.png, 行动缓慢的海蜇，会在午夜（2:00-12:00）慢慢群聚到海边，正午后游回深海, 凉拌海蜇口感脆爽，其中海蜇头更是海蜇中的精品，口感及营养价值更上一层。, 凉拌海蜇口感脆爽，其中海蜇头更是海蜇中的精品，口感及营养价值更上一层。, 0, [0.0], 0, [], 0, [], 0, 0, 0, 0, 5, 2, 3, 130, 2, 2, 11, 2000, 0, 0, 0, 0, 0, 0, 3, 1, 43778, 10057, 1124153490, 海蜇, 行动缓慢的海蜇，会在午夜（2:00-12:00）慢慢群聚到海边，正午后游回深海, 0, [], 0, 0, , , 0, [], 0, 0, , , 0, [], 0, 0, , , 0, [], 0, 0, , , 
28, 7, 108, 40613, 1, 鲻鱼, Icons/Seacollect/Fish_ziyu.png, 在海岛的西边偶尔能发现鲻鱼，下午（13:00-20:00）的时候聚集在海床上觅食, 鲻鱼属杂食性鱼类，幼鱼主要以浮游生物为食，成鱼后则在海床上滤食硅藻，兼食一些小型水生动物，食性随栖息环境而变化。, 鲻鱼属杂食性鱼类，幼鱼主要以浮游生物为食，成鱼后则在海床上滤食硅藻，兼食一些小型水生动物，食性随栖息环境而变化。, 0, [0.0], 0, [], 0, [], 0, 0, 0, 0, 5, 2, 3, 130, 2, 2, 11, 2000, 0, 0, 0, 0, 0, 0, 3, 1, 43779, 10057, 1124153501, 鲻鱼, 在海岛的西边偶尔能发现鲻鱼，下午（13:00-20:00）的时候聚集在海床上觅食, 0, [], 0, 0, , , 0, [], 0, 0, , , 0, [], 0, 0, , , 0, [], 0, 0, , , 
29, 1, 80, 40607, 2, 天涯盐场, Icons/Seacollect/Port_tianyayanchang.png, 抵达天涯盐场, 此地是四海商盟买断的盐场岛，受到大宋律法的保护，并且整个中原的海盐有大半都来自此地。, 此地是四海商盟买断的盐场岛，受到大宋律法的保护，并且整个中原的海盐有大半都来自此地。, 0, [0.0], 0, [], 0, [], 0, 0, 0, 0, 5, 2, 3, 95, 2, 2, 11, 1500, 0, 0, 0, 0, 0, 0, 3, 1, 43780, 10065, 1140930690, 天涯盐场, 抵达天涯盐场, 0, [], 0, 0, , , 0, [], 0, 0, , , 0, [], 0, 0, , , 0, [], 0, 0, , , 
30, 2, 80, 40607, 2, 盐场滩, Icons/Seacollect/Geo_yanchangtan.png, 盐场滩一般沿海而建，晒干水分后的盐滩远远望去会是白茫茫的一片, 海盐是非常稳定而值钱的物产，历代朝廷控制极严，朱家历来垄断了贩盐的生意后又转向海上贸易富可敌国, 海盐是非常稳定而值钱的物产，历代朝廷控制极严，朱家历来垄断了贩盐的生意后又转向海上贸易富可敌国, 2, [29.0], 0, [], 0, [], 0, 0, 0, 0, 5, 2, 3, 95, 2, 2, 11, 1500, 0, 0, 0, 0, 0, 0, 3, 1, 43781, 10065, 1140930691, 盐场滩, 盐场滩一般沿海而建，晒干水分后的盐滩远远望去会是白茫茫的一片, 0, [], 0, 0, , , 0, [], 0, 0, , , 0, [], 0, 0, , , 0, [], 0, 0, , , 
31, 2, 80, 40607, 2, 熬盐厂, Icons/Seacollect/Geo_aoyanchang.png, 将海水烧干熬制海盐的设备，需要消耗大量木材，因原料是海水所以尽量建在海边, 将海水提炼成粗盐还是细盐，端看此处的工艺如何了。, 将海水提炼成粗盐还是细盐，端看此处的工艺如何了。, 2, [29.0], 0, [], 0, [], 0, 0, 0, 0, 5, 2, 3, 95, 2, 2, 11, 1500, 0, 0, 0, 0, 0, 0, 3, 1, 43782, 10065, 1140930692, 熬盐厂, 将海水烧干熬制海盐的设备，需要消耗大量木材，因原料是海水所以尽量建在海边, 0, [], 0, 0, , , 0, [], 0, 0, , , 0, [], 0, 0, , , 0, [], 0, 0, , , 
32, 2, 80, 40607, 2, 小月居, Icons/Seacollect/Geo_xiaoyueju.png, 千金大小姐的闺房，比定会选在风景优美的地方, 朱小月在盐场岛上的居处，和千金大小姐的身份相比，其实颇为朴素。, 朱小月在盐场岛上的居处，和千金大小姐的身份相比，其实颇为朴素。, 2, [29.0], 0, [], 0, [], 0, 0, 0, 0, 5, 2, 3, 95, 2, 2, 11, 1500, 0, 0, 0, 0, 0, 0, 3, 1, 43783, 10065, 1140930693, 小月居, 千金大小姐的闺房，比定会选在风景优美的地方, 0, [], 0, 0, , , 0, [], 0, 0, , , 0, [], 0, 0, , , 0, [], 0, 0, , , 
33, 3, 92, 40609, 2, 七七花, Icons/Seacollect/Grass_qiqihua.png, 海岛上特有的小花，在山中漫步偶尔会发现几株, 是一种可爱的花朵，当年朱七七和沈浪航行至此，沈浪采无名野花赠予朱七七，并给它取名字叫“七七花”。, 是一种可爱的花朵，当年朱七七和沈浪航行至此，沈浪采无名野花赠予朱七七，并给它取名字叫“七七花”。, 5, [4.0], 0, [], 0, [], 0, 0, 0, 0, 5, 2, 3, 110, 2, 2, 11, 2000, 0, 0, 0, 0, 0, 0, 3, 1, 43784, 10065, 1140930699, 七七花, 海岛上特有的小花，在山中漫步偶尔会发现几株, 0, [], 0, 0, , , 0, [], 0, 0, , , 0, [], 0, 0, , , 0, [], 0, 0, , , 
34, 3, 92, 40609, 2, 荆棘林, Icons/Seacollect/Grass_jingjilin.png, 靠近熬盐厂的树木都被砍去当柴火，剩下的只有没什么用处的荆棘灌木, 高大木材都被砍伐殆尽去熬盐，因此矮小的灌木反而生长茂盛，而有一种浑身带刺的灌木经划伤来往的工人很是讨厌。, 高大木材都被砍伐殆尽去熬盐，因此矮小的灌木反而生长茂盛，而有一种浑身带刺的灌木经划伤来往的工人很是讨厌。, 5, [4.0], 0, [], 0, [], 0, 0, 0, 0, 5, 2, 3, 110, 2, 2, 11, 2000, 0, 0, 0, 0, 0, 0, 3, 1, 43785, 10065, 1140930701, 荆棘林, 靠近熬盐厂的树木都被砍去当柴火，剩下的只有没什么用处的荆棘灌木, 0, [], 0, 0, , , 0, [], 0, 0, , , 0, [], 0, 0, , , 0, [], 0, 0, , , 
35, 4, 92, 40609, 2, 盐鸟蛋, Icons/Seacollect/Ani_yanniaodan.png, 盐鸟常在盐滩捕食，但巢穴却筑在地势较高的地方, 盐鸟为此岛稀有鸟类，平日所食昆虫生长在盐场，因此体内所含矿物较高，所生的鸟蛋外壳坚硬且营养价格更为丰富。, 盐鸟为此岛稀有鸟类，平日所食昆虫生长在盐场，因此体内所含矿物较高，所生的鸟蛋外壳坚硬且营养价格更为丰富。, 5, [4.0], 0, [], 0, [], 0, 0, 0, 0, 5, 2, 3, 110, 2, 2, 11, 2000, 0, 0, 0, 0, 0, 0, 3, 1, 43786, 10065, 1140930700, 盐鸟蛋, 盐鸟常在盐滩捕食，但巢穴却筑在地势较高的地方, 0, [], 0, 0, , , 0, [], 0, 0, , , 0, [], 0, 0, , , 0, [], 0, 0, , , 
36, 4, 92, 40609, 2, 贼鸥, Icons/Seacollect/Ani_zeiou.png, 贼鸥一般会落在海边的礁石上，时刻寻找着海面上的食物, 胆子极大的海鸟，就停在礁石上窥伺着你，一旦有所松懈，即刻飞来叼走你正在吃的东西。, 胆子极大的海鸟，就停在礁石上窥伺着你，一旦有所松懈，即刻飞来叼走你正在吃的东西。, 5, [4.0], 0, [], 0, [], 0, 0, 0, 0, 5, 2, 3, 110, 2, 2, 11, 2000, 0, 0, 0, 0, 0, 0, 3, 1, 43787, 10065, 1140930758, 贼鸥, 贼鸥一般会落在海边的礁石上，时刻寻找着海面上的食物, 0, [], 0, 0, , , 0, [], 0, 0, , , 0, [], 0, 0, , , 0, [], 0, 0, , , 
37, 6, 92, 40609, 3, 青盐, Icons/Seacollect/Nat_qingyan.png, 擦眼的青盐取自特殊的海盐结晶，可以向盐场工人询问详情, 《礼记》中提及鸡初鸣，咸盥嗽便说的是盐有健齿之功效，其中青盐便是海盐的结晶产物。, 《礼记》中提及鸡初鸣，咸盥嗽便说的是盐有健齿之功效，其中青盐便是海盐的结晶产物。, 5, [5.0], 0, [], 0, [], 0, 0, 0, 0, 5, 2, 3, 110, 2, 2, 11, 2000, 0, 0, 0, 0, 0, 0, 3, 1, 43788, 10065, 1140930694, 青盐, 擦眼的青盐取自特殊的海盐结晶，可以向盐场工人询问详情, 0, [], 0, 0, , , 0, [], 0, 0, , , 0, [], 0, 0, , , 0, [], 0, 0, , , 
38, 5, 92, 40609, 3, 天涯赌坊, Icons/Seacollect/Cul_tianyadufang.png, 酒馆中长聚集着天南海北的各路人士，这里最适合打听一些江湖传闻, 天涯赌坊是一座巨大的赌船，在海上航行，除了主人邀请的赌客之外，任何人都追寻不到它的踪迹。, 天涯赌坊是一座巨大的赌船，在海上航行，除了主人邀请的赌客之外，任何人都追寻不到它的踪迹。, 1, [4.0$$ 5000.0], 0, [], 0, [], 0, 0, 0, 0, 5, 2, 3, 110, 2, 2, 11, 2000, 0, 0, 0, 0, 0, 0, 3, 1, 43789, 10065, 1140930695, 天涯赌坊, 酒馆中长聚集着天南海北的各路人士，这里最适合打听一些江湖传闻, 0, [], 0, 0, , , 0, [], 0, 0, , , 0, [], 0, 0, , , 0, [], 0, 0, , , 
39, 6, 92, 40609, 3, 干货鲍鱼, Icons/Seacollect/Nat_ganhuobaoyu.png, 货商端木成那里的货源出了问题，去问问有什么可以帮忙的, 个头极大的鲍鱼，采上来之后可以交给颜如玉晒成干货。干货鲍鱼味道极好，是中原人最为热衷的海货精品。, 个头极大的鲍鱼，采上来之后可以交给颜如玉晒成干货。干货鲍鱼味道极好，是中原人最为热衷的海货精品。, 5, [5.0], 0, [], 0, [], 0, 0, 0, 0, 5, 2, 3, 110, 2, 2, 11, 2000, 0, 0, 0, 0, 0, 0, 3, 1, 43790, 10065, 1140930697, 干货鲍鱼, 货商端木成那里的货源出了问题，去问问有什么可以帮忙的, 3, [43793], 10065, 1140930696, 干货鲍鱼, 潜水采集鲍鱼, 3, [43794], 10065, 1140930697, 干货鲍鱼, 将采好的鲍鱼交给端木成, 0, [], 0, 0, , , 0, [], 0, 0, , , 
40, 7, 108, 40614, 2, 皮皮虾, Icons/Seacollect/Fish_pipixia.png, 在海岛南边的浅滩处有许多皮皮虾，在午后至黄昏之间（15:00-19:00）很容易钓到, 一种长得像唐门扇子的大虾，很多人觉得长相凶恶，不知该如何料理。客栈老板娘颜如玉却认为，它是人间美味之一。, 一种长得像唐门扇子的大虾，很多人觉得长相凶恶，不知该如何料理。客栈老板娘颜如玉却认为，它是人间美味之一。, 0, [0.0], 0, [], 0, [], 0, 0, 0, 0, 5, 2, 3, 130, 2, 2, 11, 2500, 0, 0, 0, 0, 0, 0, 3, 1, 43791, 10065, 1140930712, 皮皮虾, 在海岛南边的浅滩处有许多皮皮虾，在午后至黄昏之间（15:00-19:00）很容易钓到, 0, [], 0, 0, , , 0, [], 0, 0, , , 0, [], 0, 0, , , 0, [], 0, 0, , , 
41, 7, 108, 40614, 2, 鞍带石斑, Icons/Seacollect/Fish_andaishiban.png, 在岛屿东部栖息，岛上的人们最喜欢在此钓鱼消耗一下午（14:00-21:00）的时光, 也称龙趸肉食性鱼类，喜栖息在礁盘内的海域中$$最大体长可达2米$$据传曾有人捕获了一条重达200公斤。, 也称龙趸肉食性鱼类，喜栖息在礁盘内的海域中$$最大体长可达2米$$据传曾有人捕获了一条重达200公斤。, 0, [0.0], 0, [], 0, [], 0, 0, 0, 0, 5, 2, 3, 130, 2, 2, 11, 2500, 0, 0, 0, 0, 0, 0, 3, 1, 43792, 10065, 1140930723, 鞍带石斑, 在岛屿东部栖息，岛上的人们最喜欢在此钓鱼消耗一下午（14:00-21:00）的时光, 0, [], 0, 0, , , 0, [], 0, 0, , , 0, [], 0, 0, , , 0, [], 0, 0, , , 
42, 1, 88, 40608, 2, 望海岬, Icons/Seacollect/Port_wanghaijia.png, 抵达望海岬, 大宋最远的一道海防，远洋商船每行至望海岬附近，则相互庆贺，意味着他们可以平安的抵达中原。, 大宋最远的一道海防，远洋商船每行至望海岬附近，则相互庆贺，意味着他们可以平安的抵达中原。, 0, [0.0], 0, [], 0, [], 0, 0, 0, 0, 5, 2, 3, 110, 2, 2, 11, 1500, 0, 0, 0, 0, 0, 0, 3, 1, 43800, 10055, 1157707911, 望海岬, 抵达望海岬, 0, [], 0, 0, , , 0, [], 0, 0, , , 0, [], 0, 0, , , 0, [], 0, 0, , , 
43, 2, 88, 40608, 2, 军备库, Icons/Seacollect/Geo_junbeiku.png, 军备库一般紧靠军营，日夜有官兵在此巡视, 海政司的军备库分为文库和武库，望海岬的主要是武库，储存的是各种兵刃、火炮，还有造船的基本材料等等。, 海政司的军备库分为文库和武库，望海岬的主要是武库，储存的是各种兵刃、火炮，还有造船的基本材料等等。, 3, [43072.0], 0, [], 0, [], 0, 0, 0, 0, 5, 2, 3, 110, 2, 2, 11, 1500, 0, 0, 0, 0, 0, 0, 3, 1, 43801, 10055, 1157707912, 军备库, 军备库一般紧靠军营，日夜有官兵在此巡视, 0, [], 0, 0, , , 0, [], 0, 0, , , 0, [], 0, 0, , , 0, [], 0, 0, , , 
44, 2, 88, 40608, 2, 练兵场, Icons/Seacollect/Geo_lianbingchang.png, 练兵场平坦开阔，水兵白天会在此操练, 许多水兵在操练之处，由海政司船舶营的团练使霍少华率领，而干练的团练女教头林月娘在旁辅佐。, 许多水兵在操练之处，由海政司船舶营的团练使霍少华率领，而干练的团练女教头林月娘在旁辅佐。, 3, [43072.0], 0, [], 0, [], 0, 0, 0, 0, 5, 2, 3, 110, 2, 2, 11, 1500, 0, 0, 0, 0, 0, 0, 3, 1, 43802, 10055, 1157707913, 练兵场, 练兵场平坦开阔，水兵白天会在此操练, 0, [], 0, 0, , , 0, [], 0, 0, , , 0, [], 0, 0, , , 0, [], 0, 0, , , 
45, 2, 88, 40608, 2, 瞭望所, Icons/Seacollect/Geo_liaowangsuo.png, 瞭望所一般设于前沿高出，视野开阔之地，才可洞察敌情, 瞭望所中有人日夜轮班值守，一旦看到海上有任何动静，就会鸣鼓通知, 瞭望所中有人日夜轮班值守，一旦看到海上有任何动静，就会鸣鼓通知, 3, [43072.0], 0, [], 0, [], 0, 0, 0, 0, 5, 2, 3, 110, 2, 2, 11, 1500, 0, 0, 0, 0, 0, 0, 3, 1, 43803, 10055, 1157707914, 瞭望所, 瞭望所一般设于前沿高出，视野开阔之地，才可洞察敌情, 0, [], 0, 0, , , 0, [], 0, 0, , , 0, [], 0, 0, , , 0, [], 0, 0, , , 
46, 3, 100, 40615, 2, 纪年草, Icons/Seacollect/Grass_jiniancao.png, 在桦树林中偶尔能发现的小草, 这种草一年只开一次花，每年开花时，将士们纷纷摘取，做成干花夹在家信中寄回，以此纪念自己的驻防生涯又走过了一年的岁月。, 这种草一年只开一次花，每年开花时，将士们纷纷摘取，做成干花夹在家信中寄回，以此纪念自己的驻防生涯又走过了一年的岁月。, 3, [43071.0], 0, [], 0, [], 0, 0, 0, 0, 5, 2, 3, 135, 2, 2, 11, 2000, 0, 0, 0, 0, 0, 0, 3, 1, 43804, 10055, 0, 纪年草, 在桦树林中偶尔能发现的小草, 0, [], 0, 0, , , 0, [], 0, 0, , , 0, [], 0, 0, , , 0, [], 0, 0, , , 
47, 4, 100, 40615, 2, 知途鸟, Icons/Seacollect/Ani_zhituniao.png, 军营里饲养着几只知途鸟，用于和中原的书信来往, 望海岬上养了不少知途鸟，此鸟耐性极佳可跨越长途海域，肩负着海峡两岸书信往来的重任。, 望海岬上养了不少知途鸟，此鸟耐性极佳可跨越长途海域，肩负着海峡两岸书信往来的重任。, 5, [7.0], 0, [], 0, [], 0, 0, 0, 0, 5, 2, 3, 135, 2, 2, 11, 2000, 0, 0, 0, 0, 0, 0, 3, 1, 43805, 10055, 1157707976, 知途鸟, 军营里饲养着几只知途鸟，用于和中原的书信来往, 0, [], 0, 0, , , 0, [], 0, 0, , , 0, [], 0, 0, , , 0, [], 0, 0, , , 
48, 4, 100, 40615, 2, 水手猫, Icons/Seacollect/Ani_shuishoumao.png, 水手猫似乎在港口小有名气，路过的时候稍加留意就能发现, 自小流浪在港口的小猫，早已和商贾水手们混熟，被视为吉祥物。, 自小流浪在港口的小猫，早已和商贾水手们混熟，被视为吉祥物。, 5, [7.0], 0, [], 0, [], 0, 0, 0, 0, 5, 2, 3, 135, 2, 2, 11, 2000, 0, 0, 0, 0, 0, 0, 3, 1, 43806, 10055, 1157707975, 水手猫, 水手猫似乎在港口小有名气，路过的时候稍加留意就能发现, 0, [], 0, 0, , , 0, [], 0, 0, , , 0, [], 0, 0, , , 0, [], 0, 0, , , 
49, 6, 100, 40611, 3, 军备刀鞘, Icons/Seacollect/Nat_junbeidaoqiao.png, 勤务营的夏老板有事情找你，路过的时候可以问问看, 旧的军备物资是军费的重要来源之一，但为了避免提升他人军力，折旧的军备中，军刀全部熔炼成废铁，只有刀鞘才能直接出售。, 旧的军备物资是军费的重要来源之一，但为了避免提升他人军力，折旧的军备中，军刀全部熔炼成废铁，只有刀鞘才能直接出售。, 1, [5.0$$ 5000.0], 0, [], 0, [], 0, 0, 0, 0, 5, 2, 3, 125, 2, 2, 11, 2000, 0, 0, 0, 0, 0, 0, 3, 1, 43807, 10055, 1157707915, 军备刀鞘, 勤务营的夏老板有事情找你，路过的时候可以问问看, 0, [], 0, 0, , , 0, [], 0, 0, , , 0, [], 0, 0, , , 0, [], 0, 0, , , 
50, 5, 100, 40615, 3, 海岛布防, Icons/Seacollect/Cul_haidaobufang.png, 传令官秦屿刚刚来到岛上，似乎是来准备换防的事宜, 海防责任重大，而由于人力有限往往官兵要在孤岛上驻扎数周才得以轮换。, 海防责任重大，而由于人力有限往往官兵要在孤岛上驻扎数周才得以轮换。, 1, [5.0$$ 5000.0], 0, [], 0, [], 0, 0, 0, 0, 5, 2, 3, 135, 2, 2, 11, 2000, 0, 0, 0, 0, 0, 0, 3, 1, 43808, 10055, 1157707916, 海岛布防, 传令官秦屿刚刚来到岛上，似乎是来准备换防的事宜, 3, [43812], 10055, 1157707916, 海岛布防, 去练兵场通知霍大人和林教头, 0, [], 0, 0, , , 0, [], 0, 0, , , 0, [], 0, 0, , , 
51, 6, 100, 40615, 3, 海星汤, Icons/Seacollect/Nat_haixingtang.png, 海星熬汤应该少有人喝过，可以向海岛上的人了解一下, 海星常用于药料炖汤，但由于体态颜色丰富也深受孩童们喜爱。, 海星常用于药料炖汤，但由于体态颜色丰富也深受孩童们喜爱。, 5, [7.0], 0, [], 0, [], 0, 0, 0, 0, 5, 2, 3, 135, 2, 2, 11, 2000, 0, 0, 0, 0, 0, 0, 3, 1, 43809, 10055, 1157707917, 海星汤, 海星熬汤应该少有人喝过，可以向海岛上的人了解一下, 0, [], 0, 0, , , 0, [], 0, 0, , , 0, [], 0, 0, , , 0, [], 0, 0, , , 
52, 7, 118, 40619, 2, 大黄鱼, Icons/Seacollect/Fish_dahuangyu.png, 大黄鱼是岛上很受欢迎的食材，上午（7:00-13:00）的时候去钓往往有不错的收获, 也成黄花鱼肉质肥美，“松鼠黄鱼”便是著名的筵席佳肴，同时鱼鳔还可干制成“鱼肚”，又或是制成“黄鱼胶”。, 也成黄花鱼肉质肥美，“松鼠黄鱼”便是著名的筵席佳肴，同时鱼鳔还可干制成“鱼肚”，又或是制成“黄鱼胶”。, 0, [0.0], 0, [], 0, [], 0, 0, 0, 0, 5, 2, 3, 160, 2, 2, 11, 2500, 0, 0, 0, 0, 0, 0, 3, 1, 43810, 10055, 1157707933, 大黄鱼, 大黄鱼是岛上很受欢迎的食材，上午（7:00-13:00）的时候去钓往往有不错的收获, 0, [], 0, 0, , , 0, [], 0, 0, , , 0, [], 0, 0, , , 0, [], 0, 0, , , 
53, 7, 118, 40619, 2, 东星斑, Icons/Seacollect/Fish_dongxingban.png, 天黑之前（10:00-18:00）在岛屿北侧浅水处可以钓到, 东星斑颜色鲜艳，很适合饲养观赏，但需要注意它是很凶猛的掠食者，会吞掉任何它能吞掉的鱼。, 东星斑颜色鲜艳，很适合饲养观赏，但需要注意它是很凶猛的掠食者，会吞掉任何它能吞掉的鱼。, 0, [0.0], 0, [], 0, [], 0, 0, 0, 0, 5, 2, 3, 160, 2, 2, 11, 2500, 0, 0, 0, 0, 0, 0, 3, 1, 43811, 10055, 1157707943, 东星斑, 天黑之前（10:00-18:00）在岛屿北侧浅水处可以钓到, 0, [], 0, 0, , , 0, [], 0, 0, , , 0, [], 0, 0, , , 0, [], 0, 0, , , 
54, 1, 96, 40612, 2, 灵鹿岛, Icons/Seacollect/Port_lingludao.png, 抵达灵鹿岛, 满是鸟语花香，植物繁茂的岛屿。岛屿上到处都是顽猴，还有美丽的小鹿徜徉其中。更有传说中的白色仙鹿，唯有缘者才能一睹真容。, 满是鸟语花香，植物繁茂的岛屿。岛屿上到处都是顽猴，还有美丽的小鹿徜徉其中。更有传说中的白色仙鹿，唯有缘者才能一睹真容。, 0, [0.0], 0, [], 0, [], 0, 0, 0, 0, 5, 2, 3, 130, 2, 2, 11, 1500, 0, 0, 0, 0, 0, 0, 3, 1, 43820, 10058, 1174485130, 灵鹿岛, 抵达灵鹿岛, 0, [], 0, 0, , , 0, [], 0, 0, , , 0, [], 0, 0, , , 0, [], 0, 0, , , 
55, 2, 96, 40612, 2, 猴鹿林, Icons/Seacollect/Geo_hoululin.png, 猴林山势陡峭，鹿林地势平坦，进入岛屿腹地就能找到, 岛屿之中有一处长满野果的大山，山上常有猴子出没，相隔的另一边蕴有一片树林，鹿叟所养的灵鹿尝出没于此。, 岛屿之中有一处长满野果的大山，山上常有猴子出没，相隔的另一边蕴有一片树林，鹿叟所养的灵鹿尝出没于此。, 2, [54.0], 0, [], 0, [], 0, 0, 0, 0, 5, 2, 3, 130, 2, 2, 11, 1500, 0, 0, 0, 0, 0, 0, 3, 1, 43821, 10058, 1174485134, 猴鹿林, 猴林山势陡峭，鹿林地势平坦，进入岛屿腹地就能找到, 0, [], 0, 0, , , 0, [], 0, 0, , , 0, [], 0, 0, , , 0, [], 0, 0, , , 
56, 2, 96, 40612, 2, 观鸟台, Icons/Seacollect/Geo_guanniaotai.png, 观鸟台在岛屿一侧，背山靠海，能看到在海面上巡游的海鸟, 岛屿的一侧聚集的大量的海鸟，一对名叫信天翁和白头翁的长者常常在这里消磨一整天的时间。, 岛屿的一侧聚集的大量的海鸟，一对名叫信天翁和白头翁的长者常常在这里消磨一整天的时间。, 2, [54.0], 0, [], 0, [], 0, 0, 0, 0, 5, 2, 3, 130, 2, 2, 11, 1500, 0, 0, 0, 0, 0, 0, 3, 1, 43822, 10058, 1174485131, 观鸟台, 观鸟台在岛屿一侧，背山靠海，能看到在海面上巡游的海鸟, 0, [], 0, 0, , , 0, [], 0, 0, , , 0, [], 0, 0, , , 0, [], 0, 0, , , 
57, 3, 110, 40618, 2, 野槟榔, Icons/Seacollect/Grass_yebinglang.png, 在猴山中可以找到，偶尔会被猴子从树上摘下丢到地上, 岛上的猴子们最喜欢嚼的东西，有的中原人一试之下热爱终生，有的却无论如何都不能接受那种味道。, 岛上的猴子们最喜欢嚼的东西，有的中原人一试之下热爱终生，有的却无论如何都不能接受那种味道。, 5, [9.0], 0, [], 0, [], 0, 0, 0, 0, 5, 2, 3, 160, 2, 2, 11, 2000, 0, 0, 0, 0, 0, 0, 3, 1, 43823, 10058, 1174485137, 野槟榔, 在猴山中可以找到，偶尔会被猴子从树上摘下丢到地上, 0, [], 0, 0, , , 0, [], 0, 0, , , 0, [], 0, 0, , , 0, [], 0, 0, , , 
58, 3, 110, 40618, 2, 毒花菇, Icons/Seacollect/Grass_duhuagu.png, 在鹿林中偶尔生长，采摘时要小心不要接触到伤口, 一种体态肥硕，花纹极其好看的蘑菇，但不曾想它缺蕴有剧毒。, 一种体态肥硕，花纹极其好看的蘑菇，但不曾想它缺蕴有剧毒。, 5, [9.0], 0, [], 0, [], 0, 0, 0, 0, 5, 2, 3, 160, 2, 2, 11, 2000, 0, 0, 0, 0, 0, 0, 3, 1, 43824, 10058, 1174485138, 毒花菇, 在鹿林中偶尔生长，采摘时要小心不要接触到伤口, 0, [], 0, 0, , , 0, [], 0, 0, , , 0, [], 0, 0, , , 0, [], 0, 0, , , 
59, 4, 110, 40618, 3, 猴王, Icons/Seacollect/Ani_houwang.png, 统治猴山的猴王，时常在最高处俯视着自己的领地, 猴王在猴群中的地位最高，经常会在自己的领地内巡视, 猴王在猴群中的地位最高，经常会在自己的领地内巡视, 5, [9.0], 0, [], 0, [], 0, 0, 0, 0, 5, 2, 3, 160, 2, 2, 11, 2000, 0, 0, 0, 0, 0, 0, 3, 1, 43825, 10058, 1174485192, 猴王, 统治猴山的猴王，时常在最高处俯视着自己的领地, 0, [], 0, 0, , , 0, [], 0, 0, , , 0, [], 0, 0, , , 0, [], 0, 0, , , 
60, 4, 110, 40618, 3, 白鹿, Icons/Seacollect/Ani_bailu.png, 生活在鹿林中的美丽白鹿，来岛上的人都想一观其貌, 传闻中，只有有大福缘之人，方能在有生之年，亲见白鹿。, 传闻中，只有有大福缘之人，方能在有生之年，亲见白鹿。, 5, [9.0], 0, [], 0, [], 0, 0, 0, 0, 5, 2, 3, 160, 2, 2, 11, 2000, 0, 0, 0, 0, 0, 0, 3, 1, 43826, 10058, 1174485191, 白鹿, 生活在鹿林中的美丽白鹿，来岛上的人都想一观其貌, 0, [], 0, 0, , , 0, [], 0, 0, , , 0, [], 0, 0, , , 0, [], 0, 0, , , 
61, 6, 110, 40616, 3, 猴王酒, Icons/Seacollect/Nat_houwangjiu.png, 船老大白头翁有事情找你，有时间了过去看看, 据传是山中诸猴采百果于一洞，机缘巧合之际这一洞百果被猴子所望便逐渐发酵，而后酿成一洞百果酒。, 据传是山中诸猴采百果于一洞，机缘巧合之际这一洞百果被猴子所望便逐渐发酵，而后酿成一洞百果酒。, 1, [6.0$$ 5000.0], 0, [], 0, [], 0, 0, 0, 0, 5, 2, 3, 150, 2, 2, 11, 2000, 0, 0, 0, 0, 0, 0, 3, 1, 43827, 10058, 1174485160, 猴王酒, 船老大白头翁有事情找你，有时间了过去看看, 0, [], 0, 0, , , 0, [], 0, 0, , , 0, [], 0, 0, , , 0, [], 0, 0, , , 
62, 5, 110, 40616, 3, 一物降一物, Icons/Seacollect/Cul_yiwuxiangyiwu.png, 信天翁老爷爷好像出了事情，赶紧去问问, 世上的生物常常遵循一物降一物的道理，凡有毒物，对应的解毒之物往往就长在附近。, 世上的生物常常遵循一物降一物的道理，凡有毒物，对应的解毒之物往往就长在附近。, 1, [6.0$$ 5000.0], 0, [], 0, [], 0, 0, 0, 0, 5, 2, 3, 150, 2, 2, 11, 2000, 0, 0, 0, 0, 0, 0, 3, 1, 43828, 10058, 1174485159, 一物降一物, 信天翁老爷爷好像出了事情，赶紧去问问, 0, [], 0, 0, , , 0, [], 0, 0, , , 0, [], 0, 0, , , 0, [], 0, 0, , , 
63, 6, 110, 40618, 3, 海胆刺身, Icons/Seacollect/Nat_haidancishen.png, 向岛上的居民打听当地的美食, 海胆黄通常的吃法，是生吃。将海胆剖开外壳，挑取新鲜海胆黄直接入口尝吃或蘸调料吃，其味鲜美至极。, 海胆黄通常的吃法，是生吃。将海胆剖开外壳，挑取新鲜海胆黄直接入口尝吃或蘸调料吃，其味鲜美至极。, 5, [9.0], 0, [], 0, [], 0, 0, 0, 0, 5, 2, 3, 160, 2, 2, 11, 2000, 0, 0, 0, 0, 0, 0, 3, 1, 43829, 10058, 1174485136, 海胆刺身, 向岛上的居民打听当地的美食, 0, [], 0, 0, , , 0, [], 0, 0, , , 0, [], 0, 0, , , 0, [], 0, 0, , , 
64, 7, 128, 40621, 2, 海鲈鱼, Icons/Seacollect/Fish_hailuyu.png, 在岛屿东侧的水域里分布广泛，下午时分（16:00-22:00）会浮出水面近岸捕食, 又称花鲈，所谓金旖玉脍，东南之佳味也，其中菊花鲈鱼便是一道名菜，形似菊花，酥香嫩鲜，甜酸适口。, 又称花鲈，所谓金旖玉脍，东南之佳味也，其中菊花鲈鱼便是一道名菜，形似菊花，酥香嫩鲜，甜酸适口。, 0, [0.0], 0, [], 0, [], 0, 0, 0, 0, 5, 2, 3, 180, 2, 2, 11, 2500, 0, 0, 0, 0, 0, 0, 3, 1, 43830, 10058, 1174485149, 海鲈鱼, 在岛屿东侧的水域里分布广泛，下午时分（16:00-22:00）会浮出水面近岸捕食, 0, [], 0, 0, , , 0, [], 0, 0, , , 0, [], 0, 0, , , 0, [], 0, 0, , , 
65, 7, 128, 40621, 2, 霞光鱼, Icons/Seacollect/Fish_xiaguangyu.png, 平时很难被看到，只有在黄昏时间（18:00-20:00）才能在布满霞光的水面中发现, 一种聚集在浅海处的小小的小鱼，通体透明，平日很难被发现。当朝霞晚霞映照时会呈现出霞光之色。, 一种聚集在浅海处的小小的小鱼，通体透明，平日很难被发现。当朝霞晚霞映照时会呈现出霞光之色。, 0, [0.0], 0, [], 0, [], 0, 0, 0, 0, 5, 2, 3, 180, 2, 2, 11, 2500, 0, 0, 0, 0, 0, 0, 3, 1, 43831, 10058, 1174485158, 霞光鱼, 平时很难被看到，只有在黄昏时间（18:00-20:00）才能在布满霞光的水面中发现, 0, [], 0, 0, , , 0, [], 0, 0, , , 0, [], 0, 0, , , 0, [], 0, 0, , , 
66, 1, 104, 40617, 2, 沧浪岛, Icons/Seacollect/Port_canglangdao.png, 抵达沧浪岛, 这里是当年江湖第一名侠沈浪与千面公子王怜花退隐后在东海的故居，也是公子羽的出生地，因而引得中原各路人士瞩目。, 这里是当年江湖第一名侠沈浪与千面公子王怜花退隐后在东海的故居，也是公子羽的出生地，因而引得中原各路人士瞩目。, 0, [0.0], 0, [], 0, [], 0, 0, 0, 0, 5, 2, 3, 160, 2, 2, 11, 1500, 0, 0, 0, 0, 0, 0, 3, 1, 43840, 10062, 1191262341, 沧浪岛, 抵达沧浪岛, 0, [], 0, 0, , , 0, [], 0, 0, , , 0, [], 0, 0, , , 0, [], 0, 0, , , 
67, 2, 104, 40617, 2, 沧海洞, Icons/Seacollect/Geo_canghaidong.png, 岛的另一侧有一处天然石洞，那里应该可以找到当年岛上豪侠们生活的痕迹, 由海水潮汐日久侵蚀而成，每当涨潮只是气势恢宏，沈浪和公子羽曾在此处炼心修炼，洞中有有沈浪手书石碑一座。, 由海水潮汐日久侵蚀而成，每当涨潮只是气势恢宏，沈浪和公子羽曾在此处炼心修炼，洞中有有沈浪手书石碑一座。, 2, [66.0], 0, [], 0, [], 0, 0, 0, 0, 5, 2, 3, 160, 2, 2, 11, 1500, 0, 0, 0, 0, 0, 0, 3, 1, 43841, 10062, 1191262343, 沧海洞, 岛的另一侧有一处天然石洞，那里应该可以找到当年岛上豪侠们生活的痕迹, 0, [], 0, 0, , , 0, [], 0, 0, , , 0, [], 0, 0, , , 0, [], 0, 0, , , 
68, 2, 104, 40617, 2, 沧海台, Icons/Seacollect/Geo_canghaitai.png, 沧浪岛高山上有处人工修凿的石台，看起来很适合练剑, 岛屿上有一处人工修凿的石台，沈浪在此处练剑并创下了沧海六合剑术，之后沈沧海、公子羽的剑术也都来自于此。, 岛屿上有一处人工修凿的石台，沈浪在此处练剑并创下了沧海六合剑术，之后沈沧海、公子羽的剑术也都来自于此。, 2, [66.0], 0, [], 0, [], 0, 0, 0, 0, 5, 2, 3, 160, 2, 2, 11, 1500, 0, 0, 0, 0, 0, 0, 3, 1, 43842, 10062, 1191262342, 沧海台, 沧浪岛高山上有处人工修凿的石台，看起来很适合练剑, 0, [], 0, 0, , , 0, [], 0, 0, , , 0, [], 0, 0, , , 0, [], 0, 0, , , 
69, 3, 118, 40622, 2, 海兰花, Icons/Seacollect/Grass_hailanhua.png, 似乎在别的地方没有见过，喜欢生长在潮湿的岩壁上, 中原带来的兰花均未存活，只有一种与本地藤蔓杂交后存活，它喜欢生长在湿润的洞穴峭壁之上。, 中原带来的兰花均未存活，只有一种与本地藤蔓杂交后存活，它喜欢生长在湿润的洞穴峭壁之上。, 5, [11.0], 0, [], 0, [], 0, 0, 0, 0, 5, 2, 3, 185, 2, 2, 11, 2000, 0, 0, 0, 0, 0, 0, 3, 1, 43843, 10062, 1191262347, 海兰花, 似乎在别的地方没有见过，喜欢生长在潮湿的岩壁上, 0, [], 0, 0, , , 0, [], 0, 0, , , 0, [], 0, 0, , , 0, [], 0, 0, , , 
70, 3, 118, 40622, 2, 葛藤麻, Icons/Seacollect/Grass_getengma.png, 山林中偶尔能找到几株，喜欢在山顶较为开阔的地方生长, 在中原常见的植物，在海岛上却颇为罕见。据说岛上的沈蓑衣很擅长用它织布制衣，自给自足。, 在中原常见的植物，在海岛上却颇为罕见。据说岛上的沈蓑衣很擅长用它织布制衣，自给自足。, 5, [11.0], 0, [], 0, [], 0, 0, 0, 0, 5, 2, 3, 185, 2, 2, 11, 2000, 0, 0, 0, 0, 0, 0, 3, 1, 43844, 10062, 1191262348, 葛藤麻, 山林中偶尔能找到几株，喜欢在山顶较为开阔的地方生长, 0, [], 0, 0, , , 0, [], 0, 0, , , 0, [], 0, 0, , , 0, [], 0, 0, , , 
71, 6, 118, 40620, 2, 海底沉船, Icons/Seacollect/Nat_haidichenchuan.png, 海岛的一侧似乎有处沉船的旧址，向经常航海的人打探应该能了解其消息, 沧浪岛的附近有一艘很大的沉船，有人说就是王琳琅失事的那一艘船，也有人说是被沧浪岛的火炮击沉的海盗之船。, 沧浪岛的附近有一艘很大的沉船，有人说就是王琳琅失事的那一艘船，也有人说是被沧浪岛的火炮击沉的海盗之船。, 5, [11.0], 0, [], 0, [], 0, 0, 0, 0, 5, 2, 3, 180, 2, 2, 11, 2000, 0, 0, 0, 0, 0, 0, 3, 1, 43845, 10062, 1191262370, 海底沉船, 海岛的一侧似乎有处沉船的旧址，向经常航海的人打探应该能了解其消息, 0, [], 0, 0, , , 0, [], 0, 0, , , 0, [], 0, 0, , , 0, [], 0, 0, , , 
72, 6, 118, 40620, 2, 秘笈残本, Icons/Seacollect/Nat_mijicanben.png, 岛上原本散落着许多秘笈残本，却不知道被谁收去了，仔细找找看吧, 沧浪岛上随意堆着各种秘笈的残本，它们大多残缺不全或被海风海水侵蚀的无法辨认其内容。, 沧浪岛上随意堆着各种秘笈的残本，它们大多残缺不全或被海风海水侵蚀的无法辨认其内容。, 1, [7.0$$ 7000.0], 0, [], 0, [], 0, 0, 0, 0, 5, 2, 3, 180, 2, 2, 11, 2000, 0, 0, 0, 0, 0, 0, 3, 1, 43846, 10062, 1191262349, 秘笈残本, 岛上原本散落着许多秘笈残本，却不知道被谁收去了，仔细找找看吧, 0, [], 0, 0, , , 0, [], 0, 0, , , 0, [], 0, 0, , , 0, [], 0, 0, , , 
73, 6, 118, 40620, 3, 怜花真藏, Icons/Seacollect/Nat_lianhuazhencang.png, 王怜花的故居里，应该有着许多宝藏吧！过去看看就知道了, 王怜花故居之处珍宝藏品无数其中藏锋之剑和影青之瓷乃是王怜花最爱之物。, 王怜花故居之处珍宝藏品无数其中藏锋之剑和影青之瓷乃是王怜花最爱之物。, 1, [7.0$$ 7000.0], 0, [], 0, [], 0, 0, 0, 0, 5, 2, 3, 180, 2, 2, 11, 2000, 0, 0, 0, 0, 0, 0, 3, 1, 43847, 10062, 1191262350, 怜花真藏, 王怜花的故居里，应该有着许多宝藏吧！过去看看就知道了, 0, [], 0, 0, , , 0, [], 0, 0, , , 0, [], 0, 0, , , 0, [], 0, 0, , , 
74, 5, 118, 40620, 3, 公子之剑, Icons/Seacollect/Cul_gongzizhijian.png, 听人说山上有一处奇怪的树林，亲自去看看吧, 公子羽幼年剑气尚不能收发随心致使周遭树木山石皆被剑气所斩，从而留下如今这般景象。, 公子羽幼年剑气尚不能收发随心致使周遭树木山石皆被剑气所斩，从而留下如今这般景象。, 5, [11.0], 0, [], 0, [], 0, 0, 0, 0, 5, 2, 3, 180, 2, 2, 11, 2000, 0, 0, 0, 0, 0, 0, 3, 1, 43848, 10062, 1191262351, 公子之剑, 听人说山上有一处奇怪的树林，亲自去看看吧, 0, [], 0, 0, , , 0, [], 0, 0, , , 0, [], 0, 0, , , 0, [], 0, 0, , , 
75, 5, 118, 40620, 3, 琳琅帆, Icons/Seacollect/Cul_linglangfan.png, 沧浪岛入海口处有一张鲜艳的红帆，应该有人知道它的来历, 王怜花之女王琳琅曾带着弟弟王神庭一起，在海上逍遥肆意，劫富济贫，而后人将其最喜爱的琳琅帆插在岛屿出海口处留作纪念。, 王怜花之女王琳琅曾带着弟弟王神庭一起，在海上逍遥肆意，劫富济贫，而后人将其最喜爱的琳琅帆插在岛屿出海口处留作纪念。, 5, [11.0], 0, [], 0, [], 0, 0, 0, 0, 5, 2, 3, 180, 2, 2, 11, 2000, 0, 0, 0, 0, 0, 0, 3, 1, 43849, 10062, 1191262403, 琳琅帆, 沧浪岛入海口处有一张鲜艳的红帆，应该有人知道它的来历, 0, [], 0, 0, , , 0, [], 0, 0, , , 0, [], 0, 0, , , 0, [], 0, 0, , , 
76, 6, 118, 40620, 2, 全鱼宴, Icons/Seacollect/Nat_quanyuyan.png, 听闻云梦老婆婆喜欢吃鱼，带着鱼去找她或许有额外的收获, 云梦老婆婆最擅长做鱼，整鱼出锅造型完整、肉质细腻、味道鲜美，是宴请宾客的主菜, 云梦老婆婆最擅长做鱼，整鱼出锅造型完整、肉质细腻、味道鲜美，是宴请宾客的主菜, 5, [11.0], 2, [77.0], 2, [78.0], 0, 0, 0, 0, 5, 2, 3, 180, 2, 2, 11, 2000, 0, 0, 0, 0, 0, 0, 3, 1, 43850, 10062, 1191262352, 全鱼宴, 听闻云梦老婆婆喜欢吃鱼，带着鱼去找她或许有额外的收获, 3, [43853], 10062, 1191262352, 全鱼宴, 听闻云梦老婆婆喜欢吃鱼，带着鱼去找她或许有额外的收获, 3, [43854], 10062, 1191262352, 全鱼宴, 吃完云梦婆婆的全鱼宴，顿觉一切的辛苦都是值得的, 0, [], 0, 0, , , 0, [], 0, 0, , , 
77, 7, 140, 40624, 2, 小鳞针, Icons/Seacollect/Fish_xiaolinzhen.png, 这种小鱼群聚在岛的内海，大清早（6:00-12:00）就会浮出水面觅食, 一种针形的海鱼，有非常多刺，很容易被扎。但是据说这是云梦老婆婆最喜欢吃的海鱼，她还能将小鳞针的骨头拆出来，打磨成暗器。, 一种针形的海鱼，有非常多刺，很容易被扎。但是据说这是云梦老婆婆最喜欢吃的海鱼，她还能将小鳞针的骨头拆出来，打磨成暗器。, 0, [0.0], 0, [], 0, [], 0, 0, 0, 0, 5, 2, 3, 220, 2, 2, 11, 2500, 0, 0, 0, 0, 0, 0, 3, 1, 43851, 10062, 1191262361, 小鳞针, 这种小鱼群聚在岛的内海，大清早（6:00-12:00）就会浮出水面觅食, 0, [], 0, 0, , , 0, [], 0, 0, , , 0, [], 0, 0, , , 0, [], 0, 0, , , 
78, 7, 140, 40624, 2, 大菱鲆, Icons/Seacollect/Fish_dalingping.png, 海岛外围山势陡峭，却能在午后（13:00-20:00）水温正暖时钓到少见的大菱鲆, 又称多宝鱼，胶质含量高，味道鲜美，常以清蒸、清炖为主，也是做生鱼片的好材料。, 又称多宝鱼，胶质含量高，味道鲜美，常以清蒸、清炖为主，也是做生鱼片的好材料。, 0, [0.0], 0, [], 0, [], 0, 0, 0, 0, 5, 2, 3, 220, 2, 2, 11, 2500, 0, 0, 0, 0, 0, 0, 3, 1, 43852, 10062, 1191262369, 大菱鲆, 海岛外围山势陡峭，却能在午后（13:00-20:00）水温正暖时钓到少见的大菱鲆, 0, [], 0, 0, , , 0, [], 0, 0, , , 0, [], 0, 0, , , 0, [], 0, 0, , , 
79, 1, 112, 40623, 2, 宝矿山, Icons/Seacollect/Port_baokuangshan.png, 抵达宝矿山, 正座岛蕴含丰富的各类矿物，岛屿上聚集着许多以矿石为一生追求的人们, 正座岛蕴含丰富的各类矿物，岛屿上聚集着许多以矿石为一生追求的人们, 0, [0.0], 0, [], 0, [], 0, 0, 0, 0, 5, 2, 3, 195, 2, 2, 11, 1500, 0, 0, 0, 0, 0, 0, 3, 1, 43860, 10060, 1208039554, 宝矿山, 抵达宝矿山, 0, [], 0, 0, , , 0, [], 0, 0, , , 0, [], 0, 0, , , 0, [], 0, 0, , , 
80, 2, 112, 40623, 2, 红叶林, Icons/Seacollect/Geo_hongyelin.png, 宝矿山腹地有片红叶树林，是很多人慕名而来的美景, 由于岛内的土壤富含矿物元素，在矿坑附近生长的树木都长着茂密的红叶, 由于岛内的土壤富含矿物元素，在矿坑附近生长的树木都长着茂密的红叶, 2, [79.0], 0, [], 0, [], 0, 0, 0, 0, 5, 2, 3, 195, 2, 2, 11, 1500, 0, 0, 0, 0, 0, 0, 3, 1, 43861, 10060, 1208039555, 红叶林, 宝矿山腹地有片红叶树林，是很多人慕名而来的美景, 0, [], 0, 0, , , 0, [], 0, 0, , , 0, [], 0, 0, , , 0, [], 0, 0, , , 
81, 2, 112, 40623, 2, 采矿洞, Icons/Seacollect/Geo_caikuangdong.png, 宝矿山腹地有大大小小数个采矿洞，从中采出的各类矿材不计其数, 岛内分布着大大小小的矿坑，还有座巨大的熔炉日夜不停的烧制着矿物, 岛内分布着大大小小的矿坑，还有座巨大的熔炉日夜不停的烧制着矿物, 2, [79.0], 0, [], 0, [], 0, 0, 0, 0, 5, 2, 3, 195, 2, 2, 11, 1500, 0, 0, 0, 0, 0, 0, 3, 1, 43862, 10060, 1208039556, 采矿洞, 宝矿山腹地有大大小小数个采矿洞，从中采出的各类矿材不计其数, 0, [], 0, 0, , , 0, [], 0, 0, , , 0, [], 0, 0, , , 0, [], 0, 0, , , 
82, 3, 128, 40627, 2, 岛胡杨, Icons/Seacollect/Grass_daohuyang.png, 岛上的土壤虽然含有丰富的矿物质，但雨水较少只有耐旱的植物才能较好的生长, 形似胡杨的海岛植物，喜欢生在蕴有矿物的土地之上因此也成了宝矿山全岛的幸运标志。, 形似胡杨的海岛植物，喜欢生在蕴有矿物的土地之上因此也成了宝矿山全岛的幸运标志。, 5, [15.0], 0, [], 0, [], 0, 0, 0, 0, 5, 2, 3, 240, 2, 2, 11, 2000, 0, 0, 0, 0, 0, 0, 3, 1, 43863, 10060, 1208039577, 岛胡杨, 岛上的土壤虽然含有丰富的矿物质，但雨水较少只有耐旱的植物才能较好的生长, 0, [], 0, 0, , , 0, [], 0, 0, , , 0, [], 0, 0, , , 0, [], 0, 0, , , 
83, 3, 128, 40627, 3, 马兜铃, Icons/Seacollect/Grass_madouling.png, 一种不起眼的小草，在矿山的山脊上较为常见, 喜砂质黄壤，耐寒，中医认为其有清肺降气、止咳平喘、清肠消痔的功效，故收矿工的喜爱。, 喜砂质黄壤，耐寒，中医认为其有清肺降气、止咳平喘、清肠消痔的功效，故收矿工的喜爱。, 5, [15.0], 0, [], 0, [], 0, 0, 0, 0, 5, 2, 3, 240, 2, 2, 11, 2000, 0, 0, 0, 0, 0, 0, 3, 1, 43864, 10060, 1208039578, 马兜铃, 一种不起眼的小草，在矿山的山脊上较为常见, 0, [], 0, 0, , , 0, [], 0, 0, , , 0, [], 0, 0, , , 0, [], 0, 0, , , 
84, 4, 128, 40627, 3, 海凫犬, Icons/Seacollect/Ani_haifuquan.png, 海岛上有只喜欢下海游泳的大犬，吃饭睡觉的地方却在矿区中, 喜欢游泳的大犬，下矿回来的工人大多都会给它带些食物并予以爱抚，因此每每矿洞有人出入时都会开心的迎上去。, 矿区常驻的流浪狗，下矿回来的工人大多都会给它带些食物并予以爱抚，因此每每矿洞有人出入时都会开心的迎上去。, 5, [15.0], 0, [], 0, [], 0, 0, 0, 0, 5, 2, 3, 240, 2, 2, 11, 2000, 0, 0, 0, 0, 0, 0, 3, 1, 43865, 10060, 1208039614, 海凫犬, 海岛上有只喜欢下海游泳的大犬，吃饭睡觉的地方却在矿区中, 0, [], 0, 0, , , 0, [], 0, 0, , , 0, [], 0, 0, , , 0, [], 0, 0, , , 
85, 4, 128, 40627, 3, 海雀蛋, Icons/Seacollect/Ani_haiquedan.png, 海雀喜欢在岩壁上筑巢，能躲避蛇鼠等天敌的危害, 海雀不喜在林中做窝，而是将巢筑在靠海的峭壁之上，据说海雀一年只产卵一次，春天下蛋，要等到夏季方会回来孵化。, 海雀不喜在林中做窝，而是将巢筑在靠海的峭壁之上，据说海雀一年只产卵一次，春天下蛋，要等到夏季方会回来孵化。, 5, [15.0], 0, [], 0, [], 0, 0, 0, 0, 5, 2, 3, 240, 2, 2, 11, 2000, 0, 0, 0, 0, 0, 0, 3, 1, 43866, 10060, 1208039581, 海雀蛋, 海雀喜欢在岩壁上筑巢，能躲避蛇鼠等天敌的危害, 0, [], 0, 0, , , 0, [], 0, 0, , , 0, [], 0, 0, , , 0, [], 0, 0, , , 
86, 6, 128, 40625, 3, 丹砂矿, Icons/Seacollect/Nat_danshakuang.png, 未挑选的丹砂原矿常伴有各类杂质，只有在加工过后才显出艳红的本色, 丹砂伴生在多种矿产之中，本身色泽美丽，犹如心头之血，也是方士炼丹的主要原料, 丹砂伴生在多种矿产之中，色泽美丽，犹如心头之血，也是方士炼丹的主要原料, 5, [15.0], 0, [], 0, [], 0, 0, 0, 0, 5, 2, 3, 225, 2, 2, 11, 2000, 0, 0, 0, 0, 0, 0, 3, 1, 43867, 10060, 1208039575, 丹砂, 未挑选的丹砂原矿常伴有各类杂质，只有在加工过后才显出艳红的本色, 0, [], 0, 0, , , 0, [], 0, 0, , , 0, [], 0, 0, , , 0, [], 0, 0, , , 
87, 6, 128, 40625, 3, 石棉矿, Icons/Seacollect/Nat_shimiankuang.png, 石棉矿虽大，但其中真正有开采价值的原石的数量却相当之稀少，需要用心挑选, 石棉矿的外表像坚硬的矿石，切面却如纺织的棉絮一样，因其具有防火隔热的特性，其织成的布又称为“火浣布”, 石棉矿的外表像坚硬的矿石，切面却如纺织的棉絮一样，因其具有防火隔热的特性，其织成的布又称为“火浣布”, 5, [15.0], 0, [], 0, [], 0, 0, 0, 0, 5, 2, 3, 225, 2, 2, 11, 2000, 0, 0, 0, 0, 0, 0, 3, 1, 43868, 10060, 1208039576, 石棉, 石棉矿虽大，但其中真正有开采价值的原石的数量却相当之稀少，需要用心挑选, 0, [], 0, 0, , , 0, [], 0, 0, , , 0, [], 0, 0, , , 0, [], 0, 0, , , 
88, 5, 128, 40625, 3, 财神元宝, Icons/Seacollect/Cul_caishenyuanbao.png, 财神元宝据说是财神商会藏在宝矿山的纯质黄金，应该会隐藏在岛上极为隐蔽的地方, 黄金生托堂侄黄贝贝把一些成色极好的黄金带到宝矿山埋藏。可惜被金玉使所知，画成藏宝之图指引众人挖取，现在只剩下个空箱子。, 黄金生托堂侄黄贝贝把一些成色极好的黄金带到宝矿山埋藏，所谓“藏金于金山之中，防不胜防也。”可惜此举被金玉使所知，更画成藏宝之图指引众人挖取，现在只剩下个空箱子。, 1, [8.0$$ 7000.0], 0, [], 0, [], 0, 0, 0, 0, 5, 2, 3, 225, 2, 2, 11, 2000, 0, 0, 0, 0, 0, 0, 3, 1, 43869, 10060, 1208039579, 财神元宝, 财神元宝据说是财神商会藏在宝矿山的纯质黄金，应该会隐藏在岛上极为隐蔽的地方, 0, [], 0, 0, , , 0, [], 0, 0, , , 0, [], 0, 0, , , 0, [], 0, 0, , , 
89, 5, 128, 40625, 3, 五彩之音, Icons/Seacollect/Cul_wucaizhiyin.png, 宝矿山上的商会老板黄贝贝似乎有事情找你，有空去看看吧, 丁清甜是丁灵琳的族妹。自幼患上奇怪病症，听乐曲能看见颜色，看画卷能听见声音。丁灵琳认为这是种美好的能力，并鼓励她进行绘画和创作。, 丁清甜是丁灵琳的族妹。她自幼患上奇怪的病症，听见乐曲时能看见颜色，看到画卷时能听见声音。有长辈要为她延医疗治，但丁灵琳却坚持这不是病，而是一种美好的能力，并鼓励她进行绘画和创作。, 1, [8.0$$ 7000.0], 0, [], 0, [], 0, 0, 0, 0, 5, 2, 3, 225, 2, 2, 11, 2000, 0, 0, 0, 0, 0, 0, 3, 1, 43870, 10060, 1208039580, 五彩之音, 宝矿山上的商会老板黄贝贝似乎有事情找你，有空去看看吧, 0, [], 0, 0, , , 0, [], 0, 0, , , 0, [], 0, 0, , , 0, [], 0, 0, , , 
90, 6, 128, 40625, 2, 凉拌海菜, Icons/Seacollect/Nat_liangbanhaicai.png, 生长在宝矿山港口水底的大片海菜，但怎么烹饪还是要问问岛上的食客, 宝矿山水下生长着大片海菜，简单的清洗烹调就别有一番风味, 大片巨型的褐色海带，在海底飘扬，好像一片森林一般，日光照入其中，神秘而美丽。, 5, [15.0], 0, [], 0, [], 0, 0, 0, 0, 5, 2, 3, 225, 2, 2, 11, 2000, 0, 0, 0, 0, 0, 0, 3, 1, 43871, 10060, 1208039574, 凉拌海菜, 生长在宝矿山港口水底的大片海菜，但怎么烹饪还是要问问岛上的食客, 0, [], 0, 0, , , 0, [], 0, 0, , , 0, [], 0, 0, , , 0, [], 0, 0, , , 
91, 7, 150, 40628, 3, 深海带鱼, Icons/Seacollect/Fish_shenhaidaiyu.png, 白天（10:00-20:00）洄游到宝矿山浅滩的水草中产卵，此时是钓取的好时机, 和普通的带鱼不同，深海带鱼体体型更大，肉质更高，但也更难捕获, 和普通的带鱼不同，深海带鱼体体型更大，肉质更高，但也更难捕获, 0, [0.0], 0, [], 0, [], 0, 0, 0, 0, 5, 2, 3, 260, 2, 2, 11, 2500, 0, 0, 0, 0, 0, 0, 3, 1, 43872, 10060, 1208039573, 深海带鱼, 白天（10:00-20:00）洄游到宝矿山浅滩的水草中产卵，此时是钓取的好时机, 0, [], 0, 0, , , 0, [], 0, 0, , , 0, [], 0, 0, , , 0, [], 0, 0, , , 
92, 7, 150, 40628, 3, 海蝙蝠, Icons/Seacollect/Fish_haibianfu.png, 海岛深水处栖息着许多大型的海蝙蝠，午后（14:00-22:00）会靠近海岸附近觅食, 长像蝙蝠成年体形可以达到八米，温柔而优美，性情温和和好奇，喜欢在波浪中与人嬉戏。, 长像蝙蝠成年体形可以达到八米，温柔而优美，性情温和和好奇，喜欢在波浪中与人嬉戏。, 0, [0.0], 0, [], 0, [], 0, 0, 0, 0, 5, 2, 3, 260, 2, 2, 11, 2500, 0, 0, 0, 0, 0, 0, 3, 1, 43873, 10060, 1208039565, 海蝙蝠, 海岛深水处栖息着许多大型的海蝙蝠，午后（14:00-22:00）会靠近海岸附近觅食, 0, [], 0, 0, , , 0, [], 0, 0, , , 0, [], 0, 0, , , 0, [], 0, 0, , , 
93, 1, 120, 40623, 2, 幽灵岛, Icons/Seacollect/Port_youlingdao.png, 抵达幽灵岛, 由海底火山喷发形成的奇特岛屿，幽灵岛之所以叫此名称，是因为其时常起雾，岛上居住着一群退休的海盗过着快活的生活。, 由海底火山喷发形成的奇特岛屿，幽灵岛之所以叫此名称，是因为其时常起雾，岛上居住着一群退休的海盗过着快活的生活。, 0, [0.0], 0, [], 0, [], 0, 0, 0, 0, 5, 2, 3, 195, 2, 2, 11, 1500, 0, 0, 0, 0, 0, 0, 3, 1, 43880, 10059, 1224816770, 幽灵岛, 抵达幽灵岛, 0, [], 0, 0, , , 0, [], 0, 0, , , 0, [], 0, 0, , , 0, [], 0, 0, , , 
94, 2, 120, 40623, 2, 火山温泉, Icons/Seacollect/Geo_huoshanwenquan.png, 幽灵岛是海底火山喷发形成的，岛上有一处温泉腾着热腾腾的水汽, 岛上的泉水在火山的作用下常年维持在较高的温度，受伤的人们泡在泉水中疗伤可以很快的恢复健康。, 岛上的泉水在火山的作用下常年维持在较高的温度，受伤的人们泡在泉水中疗伤可以很快的恢复健康。, 2, [93.0], 0, [], 0, [], 0, 0, 0, 0, 5, 2, 3, 195, 2, 2, 11, 1500, 0, 0, 0, 0, 0, 0, 3, 1, 43881, 10059, 1224816772, 火山温泉, 幽灵岛是海底火山喷发形成的，岛上有一处温泉腾着热腾腾的水汽, 0, [], 0, 0, , , 0, [], 0, 0, , , 0, [], 0, 0, , , 0, [], 0, 0, , , 
95, 2, 120, 40623, 2, 流星阵, Icons/Seacollect/Geo_liuxingzhen.png, 港口处列有一处炮阵，虽然年代久远但还是充满威慑力, 幽灵岛的海岛列有炮阵，据说乃是退役海盗黑珍珠当年威震远洋的流行炮阵。, 幽灵岛的海岛列有炮阵，据说乃是退役海盗黑珍珠当年威震远洋的流行炮阵。, 2, [93.0], 0, [], 0, [], 0, 0, 0, 0, 5, 2, 3, 195, 2, 2, 11, 1500, 0, 0, 0, 0, 0, 0, 3, 1, 43882, 10059, 1224816771, 流星阵, 港口处列有一处炮阵，虽然年代久远但还是充满威慑力, 0, [], 0, 0, , , 0, [], 0, 0, , , 0, [], 0, 0, , , 0, [], 0, 0, , , 
96, 3, 138, 40625, 2, 烟草叶, Icons/Seacollect/Grass_yancaoye.png, 海盗们都喜欢抽烟，岛上应该种有制烟的烟草叶, 对海盗们而言世间任何宝物都可出售，但唯独烟叶例外，正所谓头可断血可流，烟草不卖自己抽。, 对海盗们而言世间任何宝物都可出售，但唯独烟叶例外，正所谓头可断血可流，烟草不卖自己抽。, 5, [13.0], 0, [], 0, [], 0, 0, 0, 0, 5, 2, 3, 225, 2, 2, 11, 2000, 0, 0, 0, 0, 0, 0, 3, 1, 43883, 10059, 1224816773, 烟草叶, 海盗们都喜欢抽烟，岛上应该种有制烟的烟草叶, 0, [], 0, 0, , , 0, [], 0, 0, , , 0, [], 0, 0, , , 0, [], 0, 0, , , 
97, 3, 138, 40626, 2, 幽冥草, Icons/Seacollect/Grass_youmingcao.png, 岛上特有的小草，在地势较高的山脊上比较容易发现, 岛上特有的一种小草，据说夜里会发出微弱的光，远看如同鬼魅的幽冥，但实际是落在叶子上的萤虫。, 岛上特有的一种小草，夜里会发出微弱的光，远看如同鬼魅的幽冥, 5, [13.0], 0, [], 0, [], 0, 0, 0, 0, 5, 2, 3, 235, 2, 2, 11, 2000, 0, 0, 0, 0, 0, 0, 3, 1, 43884, 10059, 1224816774, 幽冥草, 岛上特有的小草，在地势较高的山脊上比较容易发现, 0, [], 0, 0, , , 0, [], 0, 0, , , 0, [], 0, 0, , , 0, [], 0, 0, , , 
98, 4, 138, 40626, 2, 血眼鹰, Icons/Seacollect/Ani_xueyanying.png, 独眼龙说过他散养了一只鹰，在岛上的四周找找吧, 十分凶残的鹰，被船老大独眼龙饲养。独眼龙表示，自己的眼睛就是被这只鹰啄瞎了一只！, 十分凶残的鹰，被船老大独眼龙饲养。独眼龙表示，自己的眼睛就是被这只鹰啄瞎了一只！, 5, [13.0], 0, [], 0, [], 0, 0, 0, 0, 5, 2, 3, 235, 2, 2, 11, 2000, 0, 0, 0, 0, 0, 0, 3, 1, 43885, 10059, 1224816829, 血眼鹰, 独眼龙说过他散养了一只鹰，在岛上的四周找找吧, 0, [], 0, 0, , , 0, [], 0, 0, , , 0, [], 0, 0, , , 0, [], 0, 0, , , 
99, 4, 138, 40626, 2, 独眼猫, Icons/Seacollect/Ani_duyanmao.png, 在幽灵岛上寻找特殊的独眼猫, 海港野猫颇多，而其中有一只带着眼罩的独眼猫最的黑珍珠喜爱。, 海港野猫颇多，而其中有一只带着眼罩的独眼猫最的黑珍珠喜爱。, 5, [13.0], 0, [], 0, [], 0, 0, 0, 0, 5, 2, 3, 235, 2, 2, 11, 2000, 0, 0, 0, 0, 0, 0, 3, 1, 43886, 10059, 1224816830, 独眼猫, 在幽灵岛上寻找特殊的独眼猫, 0, [], 0, 0, , , 0, [], 0, 0, , , 0, [], 0, 0, , , 0, [], 0, 0, , , 
100, 4, 138, 40626, 2, 霸王龟, Icons/Seacollect/Ani_bawanggui.png, 刚来到岛上时好像看到港口有只大龟, 幽灵岛的黄胡子养了一只巨大的霸王龟，有时在海边，有时在岛上，据说他吹吹口哨龟就会爬回来，只是爬的速度比较慢。, 幽灵岛的黄胡子养了一只巨大的霸王龟，有时在海边，有时在岛上，据说他吹吹口哨龟就会爬回来，只是爬的速度比较慢。, 3, [43104.0], 0, [], 0, [], 0, 0, 0, 0, 5, 2, 3, 235, 2, 2, 11, 2000, 0, 0, 0, 0, 0, 0, 3, 1, 43887, 10059, 0, 霸王龟, 刚来到岛上时好像看到港口有只大龟, 0, [], 0, 0, , , 0, [], 0, 0, , , 0, [], 0, 0, , , 0, [], 0, 0, , , 
101, 6, 138, 40625, 3, 三两钉, Icons/Seacollect/Nat_sanliangding.png, 完成主线任务后解锁, 有一艘废弃大船搁浅在岛屿深处，也不知道是如何拖上来的。而时不时有人从大船上取些零件，正所谓废船还有三两钉。, 有一艘废弃大船搁浅在岛屿深处，也不知道是如何拖上来的。而时不时有人从大船上取些零件，正所谓废船还有三两钉。, 3, [43103.0], 0, [], 0, [], 0, 0, 0, 0, 5, 2, 3, 225, 2, 2, 11, 2000, 0, 0, 0, 0, 0, 0, 3, 1, 43888, 10059, 0, 三两钉, 完成主线任务后解锁, 0, [], 0, 0, , , 0, [], 0, 0, , , 0, [], 0, 0, , , 0, [], 0, 0, , , 
102, 6, 138, 40625, 3, 黑木舵, Icons/Seacollect/Nat_heimuduo.png, 幽灵岛的港口堆放着许多船舵，可以向海盗们询问其由来, 港口的堤坝上堆满了木舵，黄胡子告诉你以前海盗劫掠商船，船舵则作为纪念收藏起来，其中最大的黑木舵就是他得意的战利品。, 港口的堤坝上堆满了木舵，黄胡子告诉你以前海盗劫掠商船，船舵则作为纪念收藏起来，其中最大的黑木舵就是他得意的战利品。, 1, [9.0$$ 7000.0], 0, [], 0, [], 0, 0, 0, 0, 5, 2, 3, 225, 2, 2, 11, 2000, 0, 0, 0, 0, 0, 0, 3, 1, 43889, 10059, 1224816776, 黑木舵, 幽灵岛的港口堆放着许多船舵，可以向海盗们询问其由来, 0, [], 0, 0, , , 0, [], 0, 0, , , 0, [], 0, 0, , , 0, [], 0, 0, , , 
103, 5, 138, 40625, 3, 海盗规则, Icons/Seacollect/Cul_haidaoguize.png, 黑珍珠似乎有什么重要的事情要通知，快去找他吧, 海盗的规则，就是不论身份，一律平分，连小铁匠的猫们也能分到一份, 海盗的规则，就是不论身份，一律平分，连小铁匠的猫们也能分到一份, 1, [9.0$$ 7000.0], 0, [], 0, [], 0, 0, 0, 0, 5, 2, 3, 225, 2, 2, 11, 2000, 0, 0, 0, 0, 0, 0, 3, 1, 43890, 10059, 1224816778, 海盗规则, 黑珍珠似乎有什么重要的事情要通知，快去找他吧, 0, [], 0, 0, , , 0, [], 0, 0, , , 0, [], 0, 0, , , 0, [], 0, 0, , , 
104, 6, 138, 40626, 3, 碳烤牡蛎, Icons/Seacollect/Nat_tankaomuli.png, 想了解一个地方的特色小吃，没有比去酒馆更直接的方法了, 牡蛎又叫蚝或海蛎子，附着生长在礁石上，生吃蒸煮皆可食用，其中碳烤的方式最受人们欢迎, 牡蛎又叫蚝或海蛎子，附着生长在礁石上，生吃蒸煮皆可食用，其中碳烤的方式最受人们欢迎, 5, [13.0], 0, [], 0, [], 0, 0, 0, 0, 5, 2, 3, 235, 2, 2, 11, 2000, 0, 0, 0, 0, 0, 0, 3, 1, 43891, 10059, 1224816777, 牡蛎, 想了解一个地方的特色小吃，没有比去酒馆更直接的方法了, 0, [], 0, 0, , , 0, [], 0, 0, , , 0, [], 0, 0, , , 0, [], 0, 0, , , 
105, 7, 162, 40629, 3, 山口海鳗, Icons/Seacollect/Fish_shankouhaiman.png, 幽灵岛礁石滩处生活着许多海鳗鱼，早晨（8:00-12:00）可以趁其出洞捕食时钓取, 海鳗肉厚质细、味美、含脂量高，可供鲜食或与其他鱼肉掺和制成鱼丸和鱼香肠，味更鲜美而富有弹性。, 海鳗肉厚质细、味美、含脂量高，可供鲜食或与其他鱼肉掺和制成鱼丸和鱼香肠，味更鲜美而富有弹性。, 0, [0.0], 0, [], 0, [], 0, 0, 0, 0, 5, 2, 3, 275, 2, 2, 11, 2500, 0, 0, 0, 0, 0, 0, 3, 1, 43892, 10059, 1224816794, 山口海鳗, 幽灵岛礁石滩处生活着许多海鳗鱼，早晨（8:00-12:00）可以趁其出洞捕食时钓取, 0, [], 0, 0, , , 0, [], 0, 0, , , 0, [], 0, 0, , , 0, [], 0, 0, , , 
106, 7, 162, 40629, 3, 幼鲨, Icons/Seacollect/Fish_yousha.png, 午后（15:00-20:00）时常会出现在幽灵岛的周围，钓取时要格外小心, 海洋霸主虎鲨的幼体，喜欢靠近海岸捕食乌贼、鱼和各类软体动物。常会误咬鱼饵而被钓起。, 海洋霸主虎鲨的幼体，喜欢靠近海岸捕食乌贼、鱼和各类软体动物。常会误咬鱼饵而被钓起。, 0, [0.0], 0, [], 0, [], 0, 0, 0, 0, 5, 2, 3, 275, 2, 2, 11, 2500, 0, 0, 0, 0, 0, 0, 3, 1, 43893, 10059, 1224816786, 幼鲨, 午后（15:00-20:00）时常会出现在幽灵岛的周围，钓取时要格外小心, 0, [], 0, 0, , , 0, [], 0, 0, , , 0, [], 0, 0, , , 0, [], 0, 0, , , 
107, 1, 126, 40630, 3, 琅嬛福地, Icons/Seacollect/Port_langhuanfudi.png, 抵达琅嬛福地, 海岛名字源于传说中天帝藏书的洞府，同时又因为地理位置极佳景色秀美的缘故，移花弟子航海时也最喜在此停留，最后竟定居于此。, 海岛名字源于传说中天帝藏书的洞府，同时又因为地理位置极佳景色秀美的缘故，移花弟子航海时也最喜在此停留，最后竟定居于此。, 0, [0.0], 0, [], 0, [], 0, 0, 0, 0, 5, 2, 3, 250, 2, 2, 11, 1500, 0, 0, 0, 0, 0, 0, 3, 1, 43900, 10061, 1241594020, 琅嬛福地, 抵达琅嬛福地, 0, [], 0, 0, , , 0, [], 0, 0, , , 0, [], 0, 0, , , 0, [], 0, 0, , , 
108, 2, 126, 40630, 3, 回峰长廊, Icons/Seacollect/Geo_changfenghuilang.png, 此地山势陡峭，但也无法阻挡移花宫的能工巧匠在此修筑回廊, 峰回路转，柳暗花明。能将一道长廊设计得如此曲折婉转，又与天然山势风景相依相融，唯移花出身的工匠方能做到。, 峰回路转，柳暗花明。能将一道长廊设计得如此曲折婉转，又与天然山势风景相依相融，唯移花出身的工匠方能做到。, 2, [107.0], 0, [], 0, [], 0, 0, 0, 0, 5, 2, 3, 250, 2, 2, 11, 1500, 0, 0, 0, 0, 0, 0, 3, 1, 43901, 10061, 1241594024, 回峰长廊, 此地山势陡峭，但也无法阻挡移花宫的能工巧匠在此修筑回廊, 0, [], 0, 0, , , 0, [], 0, 0, , , 0, [], 0, 0, , , 0, [], 0, 0, , , 
109, 2, 126, 40630, 3, 密林花海, Icons/Seacollect/Geo_milinhuahai.png, 岛上的林地里常开满鲜花，看过的人都难以忘怀, 曾有侠士到过此地，画下密林花海之盛景，流传中原。中原人苦苦追寻，却不知其原在海外。, 曾有侠士到过此地，画下密林花海之盛景，流传中原。中原人苦苦追寻，却不知其原在海外。, 2, [107.0], 0, [], 0, [], 0, 0, 0, 0, 5, 2, 3, 250, 2, 2, 11, 1500, 0, 0, 0, 0, 0, 0, 3, 1, 43902, 10061, 1241594022, 密林花海, 岛上的林地里常开满鲜花，看过的人都难以忘怀, 0, [], 0, 0, , , 0, [], 0, 0, , , 0, [], 0, 0, , , 0, [], 0, 0, , , 
110, 3, 144, 40631, 3, 醉心花, Icons/Seacollect/Grass_zuixinhua.png, 对生长环境要求苛刻，在琅嬛福地的花海中也很少见, 又名曼陀罗花，据说移花宫本岛上有许多此花，子桑不墨等人携来了少许如今在琅嬛福地的腹地中也可见到。, 又名曼陀罗花，据说移花宫本岛上有许多此花，子桑不墨等人携来了少许如今在琅嬛福地的腹地中也可见到。, 5, [17.0], 0, [], 0, [], 0, 0, 0, 0, 5, 2, 3, 305, 2, 2, 11, 2000, 0, 0, 0, 0, 0, 0, 3, 1, 43903, 10061, 1241594030, 醉心花, 对生长环境要求苛刻，在琅嬛福地的花海中也很少见, 0, [], 0, 0, , , 0, [], 0, 0, , , 0, [], 0, 0, , , 0, [], 0, 0, , , 
111, 3, 144, 40631, 3, 铃铛花, Icons/Seacollect/Grass_lingdanghua.png, 生长在高山峭壁之上，寻常人很难采到, 生长在峭壁之上的花朵，长得像铃铛的花朵，风吹来时微微摇曳，此时苏萌苏茜兄妹会模拟出叮铃铃的声音来配合。, 生长在峭壁之上的花朵，长得像铃铛的花朵，风吹来时微微摇曳，此时苏萌苏茜兄妹会模拟出叮铃铃的声音来配合。, 5, [17.0], 0, [], 0, [], 0, 0, 0, 0, 5, 2, 3, 305, 2, 2, 11, 2000, 0, 0, 0, 0, 0, 0, 3, 1, 43904, 10061, 1241594028, 铃铛花, 生长在高山峭壁之上，寻常人很难采到, 0, [], 0, 0, , , 0, [], 0, 0, , , 0, [], 0, 0, , , 0, [], 0, 0, , , 
112, 4, 144, 40631, 3, 白孔雀, Icons/Seacollect/Ani_baikongque.png, 岛上有许多散养的孔雀，其中羽毛纯白的一只最受子桑不墨喜爱, 子桑不墨饲养的纯白孔雀，放养在岛上，能见到便是幸运，听说它只对内心与灵魂都美丽的人开屏。, 子桑不墨饲养的纯白孔雀，放养在岛上，能见到便是幸运，听说它只对内心与灵魂都美丽的人开屏。, 5, [17.0], 0, [], 0, [], 0, 0, 0, 0, 5, 2, 3, 305, 2, 2, 11, 2000, 0, 0, 0, 0, 0, 0, 3, 1, 43905, 10061, 1241594025, 白孔雀, 岛上有许多散养的孔雀，其中羽毛纯白的一只最受子桑不墨喜爱, 0, [], 0, 0, , , 0, [], 0, 0, , , 0, [], 0, 0, , , 0, [], 0, 0, , , 
113, 4, 144, 40631, 3, 苏眉兔, Icons/Seacollect/Ani_sumeitu.png, 毛茸茸的小兔子，在花海中随处可见, 一种萌萌的小兔子，花云裳告诉你说在移花的时候，她的小师叔苏眉便豢养了一对，如今带到这里没有天敌反倒繁殖开来。, 一种萌萌的小兔子，花云裳告诉你说在移花的时候，她的小师叔苏眉便豢养了一对，如今带到这里没有天敌反倒繁殖开来。, 5, [17.0], 0, [], 0, [], 0, 0, 0, 0, 5, 2, 3, 305, 2, 2, 11, 2000, 0, 0, 0, 0, 0, 0, 3, 1, 43906, 10061, 1241594027, 苏眉兔, 毛茸茸的小兔子，在花海中随处可见, 0, [], 0, 0, , , 0, [], 0, 0, , , 0, [], 0, 0, , , 0, [], 0, 0, , , 
114, 4, 144, 40631, 3, 浣笔兽, Icons/Seacollect/Ani_huanbishou.png, 听花云裳说她养了只浣熊，非常喜欢待在水边, 花云裳养的小动物，看到什么都想拿到水边洗一洗，中原人也有叫它小浣熊的。花云裳训练此物为她洗毛笔，还给它取了个名字叫“静静”。, 花云裳养的小动物，看到什么都想拿到水边洗一洗，中原人也有叫它小浣熊的。花云裳训练此物为她洗毛笔，还给它取了个名字叫“静静”。, 5, [17.0], 0, [], 0, [], 0, 0, 0, 0, 5, 2, 3, 305, 2, 2, 11, 2000, 0, 0, 0, 0, 0, 0, 3, 1, 43907, 10061, 1241594026, 浣笔兽, 听花云裳说她养了只浣熊，非常喜欢待在水边, 0, [], 0, 0, , , 0, [], 0, 0, , , 0, [], 0, 0, , , 0, [], 0, 0, , , 
115, 5, 144, 40632, 3, 移花真容, Icons/Seacollect/Cul_yihuazhenrong.png, 在岛上相处许久，可以向子桑岛主了解移花宫的消息, 中原的移花宫是之前的宫主子桑青青偷跑出去游玩，她的两个侍女邀月和怜星所创建，待小鱼儿和花无缺找到秘笈，造了大船出海来到移花岛，中原移花和东海移花才又合为一体。, 中原的移花宫是之前的宫主子桑青青偷跑出去游玩，她的两个侍女邀月和怜星所创建，待小鱼儿和花无缺找到秘笈，造了大船出海来到移花岛，中原移花和东海移花才又合为一体。, 1, [10.0$$ 20000.0], 0, [], 0, [], 0, 0, 0, 0, 5, 2, 3, 285, 2, 2, 11, 2000, 0, 0, 0, 0, 0, 0, 3, 1, 43908, 10061, 1241594032, 移花真容, 在岛上相处许久，可以向子桑岛主了解移花宫的消息, 0, [], 0, 0, , , 0, [], 0, 0, , , 0, [], 0, 0, , , 0, [], 0, 0, , , 
116, 5, 144, 40632, 3, 琅嬛藏书, Icons/Seacollect/Cul_langhuancangshu.png, 岛上的书房有许多藏书，似乎都是苏萌兄妹在整理, 移花宫有着一套十分科学的管理和查找藏书的方法，可以帮助快速编号，索引到所需要的书籍。, 移花宫有着一套十分科学的管理和查找藏书的方法，可以帮助快速编号，索引到所需要的书籍。, 1, [10.0$$ 20000.0], 0, [], 0, [], 0, 0, 0, 0, 5, 2, 3, 285, 2, 2, 11, 2000, 0, 0, 0, 0, 0, 0, 3, 1, 43909, 10061, 1241594033, 琅嬛藏书, 岛上的书房有许多藏书，似乎都是苏萌兄妹在整理, 0, [], 0, 0, , , 0, [], 0, 0, , , 0, [], 0, 0, , , 0, [], 0, 0, , , 
117, 6, 144, 40632, 3, 鹿角珊瑚, Icons/Seacollect/Nat_lujiaoshanhu.png, 苏茜似乎要重新装饰下宴厅，问问她缺少什么东西, 琅嬛福地附近的水域下有大片大片的鹿角珊瑚，十分美丽，珊瑚丛中还有鹦哥鱼哦。, 琅嬛福地附近的水域下有大片大片的鹿角珊瑚，十分美丽，珊瑚丛中还有鹦哥鱼哦。, 1, [10.0$$ 7000.0], 0, [], 0, [], 0, 0, 0, 0, 5, 2, 3, 285, 2, 2, 11, 2000, 0, 0, 0, 0, 0, 0, 3, 1, 43910, 10061, 1241594031, 鹿角珊瑚, 苏茜似乎要重新装饰下宴厅，问问她缺少什么东西, 0, [], 0, 0, , , 0, [], 0, 0, , , 0, [], 0, 0, , , 0, [], 0, 0, , , 
118, 7, 170, 40633, 3, 紫月蝴蝶, Icons/Seacollect/Fish_ziyuehudie.png, 上午（10:00-18:00）阳光照到水中，便能看到成群的紫月蝴蝶在水草中觅食, 相比起钓来吃，这种色彩斑斓的鱼更适合养殖和观赏。, 相比起钓来吃，这种色彩斑斓的鱼更适合养殖和观赏。, 0, [0.0], 0, [], 0, [], 0, 0, 0, 0, 5, 2, 3, 360, 2, 2, 11, 2500, 0, 0, 0, 0, 0, 0, 3, 1, 43911, 10061, 1241594053, 紫月蝴蝶, 上午（10:00-18:00）阳光照到水中，便能看到成群的紫月蝴蝶在水草中觅食, 0, [], 0, 0, , , 0, [], 0, 0, , , 0, [], 0, 0, , , 0, [], 0, 0, , , 
119, 7, 170, 40633, 3, 鹦哥鱼, Icons/Seacollect/Fish_yinggeyu.png, 生性胆小的鹦哥鱼，在黄昏时分（19:00-21:00）才会游出来觅食, 长得像鹦鹉的鱼，以珊瑚为食物，住在珊瑚从中，有着珊瑚的掩护所以很难被钓起。, 长得像鹦鹉的鱼，以珊瑚为食物，住在珊瑚从中，有着珊瑚的掩护所以很难被钓起。, 0, [0.0], 0, [], 0, [], 0, 0, 0, 0, 5, 2, 3, 360, 2, 2, 11, 2500, 0, 0, 0, 0, 0, 0, 3, 1, 43912, 10061, 1241594044, 鹦哥鱼, 生性胆小的鹦哥鱼，在黄昏时分（19:00-21:00）才会游出来觅食, 0, [], 0, 0, , , 0, [], 0, 0, , , 0, [], 0, 0, , , 0, [], 0, 0, , , 
120, 1, 132, 40634, 3, 大沧海, Icons/Seacollect/Port_dacanghai.png, 抵达大沧海, 其岛是东海最为繁华的一个岛屿，外域商人常常航行至此，在岛上完成以物易物的交易，然后就扬帆返航，以加快商贸的周期，岛主朱三五则是朱小月的大哥。, 其岛是东海最为繁华的一个岛屿，外域商人常常航行至此，在岛上完成以物易物的交易，然后就扬帆返航，以加快商贸的周期，岛主朱三五则是朱小月的大哥。, 0, [0.0], 0, [], 0, [], 0, 0, 0, 0, 5, 2, 3, 290, 2, 2, 11, 1500, 0, 0, 0, 0, 0, 0, 3, 1, 43920, 10053, 1258371233, 大沧海, 抵达大沧海, 0, [], 0, 0, , , 0, [], 0, 0, , , 0, [], 0, 0, , , 0, [], 0, 0, , , 
121, 2, 132, 40634, 3, 百果飘香, Icons/Seacollect/Geo_baiguopiaoxiang.png, 这里独特的气候非常适合果蔬生长，因此规划有大片果园, 代表各国人士口味的各种水果排列成行，叫人垂涎欲滴。此处果园由朱家栽种，因其财力雄厚之故免费供海上来客畅吃随意。, 代表各国人士口味的各种水果排列成行，叫人垂涎欲滴。此处果园由朱家栽种，因其财力雄厚之故免费供海上来客畅吃随意。, 2, [120.0], 0, [], 0, [], 0, 0, 0, 0, 5, 2, 3, 290, 2, 2, 11, 1500, 0, 0, 0, 0, 0, 0, 3, 1, 43921, 10053, 1258371234, 百果飘香, 这里独特的气候非常适合果蔬生长，因此规划有大片果园, 0, [], 0, 0, , , 0, [], 0, 0, , , 0, [], 0, 0, , , 0, [], 0, 0, , , 
122, 2, 132, 40634, 3, 沧海袭光, Icons/Seacollect/Geo_canghaixiguang.png, 靠近大沧海的商船总能看到岛上泛着粼粼波光，沿着海边漫步应该就能找到, 一片极为奇异的珍宝浅滩。日出日落时浅滩之水与水中之宝一同折射日晖，光华万里，睹之难忘。, 一片极为奇异的珍宝浅滩。日出日落时浅滩之水与水中之宝一同折射日晖，光华万里，睹之难忘。, 2, [120.0], 0, [], 0, [], 0, 0, 0, 0, 5, 2, 3, 290, 2, 2, 11, 1500, 0, 0, 0, 0, 0, 0, 3, 1, 43922, 10053, 1258371235, 沧海袭光, 靠近大沧海的商船总能看到岛上泛着粼粼波光，沿着海边漫步应该就能找到, 0, [], 0, 0, , , 0, [], 0, 0, , , 0, [], 0, 0, , , 0, [], 0, 0, , , 
123, 3, 150, 40635, 3, 蓝色妖姬, Icons/Seacollect/Grass_lanseyaoji.png, 百果园中培育了一批异国的花卉，由专人呵护培养, 被特殊手段培育出来的深蓝色蔷薇花，异域称之为蓝色妖姬。, 被特殊手段培育出来的深蓝色蔷薇花，异域称之为蓝色妖姬。, 5, [19.0], 0, [], 0, [], 0, 0, 0, 0, 5, 2, 3, 345, 2, 2, 11, 2000, 0, 0, 0, 0, 0, 0, 3, 1, 43923, 10053, 1258371334, 蓝色妖姬, 百果园中培育了一批异国的花卉，由专人呵护培养, 0, [], 0, 0, , , 0, [], 0, 0, , , 0, [], 0, 0, , , 0, [], 0, 0, , , 
124, 3, 150, 40635, 3, 乳香木, Icons/Seacollect/Grass_ruxiangmu.png, 一种不起眼的小树，在大沧海的丛林中比较常见, 可以提炼出乳香膏的大树。乳香膏可以用来驱蚊，也常常被抹在新生儿的额头上作为祝福。, 可以提炼出乳香膏的大树。乳香膏可以用来驱蚊，也常常被抹在新生儿的额头上作为祝福。, 5, [19.0], 0, [], 0, [], 0, 0, 0, 0, 5, 2, 3, 345, 2, 2, 11, 2000, 0, 0, 0, 0, 0, 0, 3, 1, 43924, 10053, 1258371333, 乳香木, 一种不起眼的小树，在大沧海的丛林中比较常见, 0, [], 0, 0, , , 0, [], 0, 0, , , 0, [], 0, 0, , , 0, [], 0, 0, , , 
125, 4, 150, 40635, 3, 大秦鸡, Icons/Seacollect/Ani_daqinji.png, 在果园里散养着许多鸡，因为食物丰富而生长的非常健康, 古代人口中的大秦，乃是如今的罗马。他们那边的鸡都如战士一般，雄赳赳，气昂昂。, 古代人口中的大秦，乃是如今的罗马。他们那边的鸡都如战士一般，雄赳赳，气昂昂。, 5, [19.0], 0, [], 0, [], 0, 0, 0, 0, 5, 2, 3, 345, 2, 2, 11, 2000, 0, 0, 0, 0, 0, 0, 3, 1, 43925, 10053, 1258371335, 大秦鸡, 在果园里散养着许多鸡，因为食物丰富而生长的非常健康, 0, [], 0, 0, , , 0, [], 0, 0, , , 0, [], 0, 0, , , 0, [], 0, 0, , , 
126, 6, 150, 40636, 3, 铜镜, Icons/Seacollect/Nat_tongjing.png, 大沧海的集市有来自世界各地的商户，中原的物品也能在其中找到, 北宋制镜工艺高超，镜背雕工精美，镜面映像清晰，受到海外各国的一致欢迎。, 北宋制镜工艺高超，镜背雕工精美，镜面映像清晰，受到海外各国的一致欢迎。, 1, [11.0$$ 7000.0], 0, [], 0, [], 0, 0, 0, 0, 5, 2, 3, 330, 2, 2, 11, 2000, 0, 0, 0, 0, 0, 0, 3, 1, 43926, 10053, 1258371337, 铜镜, 大沧海的集市有来自世界各地的商户，中原的物品也能在其中找到, 0, [], 0, 0, , , 0, [], 0, 0, , , 0, [], 0, 0, , , 0, [], 0, 0, , , 
127, 6, 150, 40636, 3, 白水晶, Icons/Seacollect/Nat_baishuijing.png, 上次阿拉甲给的“金刚石”似乎是假的，去问问他事情的缘由吧, 船老大柏拉德新近用一堆孔雀羽和鹦鹉螺跟人换了一块品相上乘的金刚石，要玩家拿去给阿拉甲鉴定一下。, 船老大柏拉德新近用一堆孔雀羽和鹦鹉螺跟人换了一块品相上乘的金刚石，要玩家拿去给阿拉甲鉴定一下。, 1, [11.0$$ 7000.0], 0, [], 0, [], 0, 0, 0, 0, 5, 2, 3, 330, 2, 2, 11, 2000, 0, 0, 0, 0, 0, 0, 3, 1, 43927, 10053, 1258371359, 白水晶, 上次阿拉甲给的“金刚石”似乎是假的，去问问他事情的缘由吧, 0, [], 0, 0, , , 0, [], 0, 0, , , 0, [], 0, 0, , , 0, [], 0, 0, , , 
128, 6, 150, 40636, 3, 犀牛角梳, Icons/Seacollect/Nat_xiniujiaoshu.png, 听说朱小月来到了岛上，找朱三五问问看, 朱三五告诉你，朱小月平时用来梳头的梳子没有带，要你去找一把好梳子来。, 朱三五告诉你，朱小月平时用来梳头的梳子没有带，要你去找一把好梳子来。, 1, [11.0$$ 20000.0], 2, [127.0], 0, [], 0, 0, 0, 0, 5, 2, 3, 330, 2, 2, 11, 2000, 0, 0, 0, 0, 0, 0, 3, 1, 43928, 10053, 1258371339, 犀牛角梳, 听说朱小月来到了岛上，找朱三五问问看, 0, [], 0, 0, , , 0, [], 0, 0, , , 0, [], 0, 0, , , 0, [], 0, 0, , , 
129, 6, 150, 40636, 3, 烤扇贝, Icons/Seacollect/Nat_shanbei.png, 了解一个地方的美食，没有比去酒馆更直接的方法了, 肉质鲜美，营养丰富，就连干制后的“干贝”，被列入八珍之一，它颜色鲜艳花纹呈辐射状深受收藏者喜爱。, 肉质鲜美，营养丰富，就连干制后的“干贝”，被列入八珍之一，它颜色鲜艳花纹呈辐射状深受收藏者喜爱。, 1, [11.0$$ 7000.0], 0, [], 0, [], 0, 0, 0, 0, 5, 2, 3, 330, 2, 2, 11, 2000, 0, 0, 0, 0, 0, 0, 3, 1, 43929, 10053, 1258371338, 烤扇贝, 了解一个地方的美食，没有比去酒馆更直接的方法了, 0, [], 0, 0, , , 0, [], 0, 0, , , 0, [], 0, 0, , , 0, [], 0, 0, , , 
130, 7, 178, 40637, 3, 鳕鱼, Icons/Seacollect/Fish_xueyu.png, 海岛北边的浅滩处生活着许多鳕鱼幼鱼，中午（12:00-18:00）会浮出水面觅食, 成年的鳕鱼栖息在深海中，秋季会洄游到沿海的浅水区产卵，幼鱼以水草和浮游生物为食, 鳕鱼可以用多种方式进行烹制，蘸调味汁食用味道尤为鲜美，舌头和肝脏也可食用，肉味甘美、营养丰富。, 0, [0.0], 0, [], 0, [], 0, 0, 0, 0, 5, 2, 3, 390, 2, 2, 11, 2500, 0, 0, 0, 0, 0, 0, 3, 1, 43930, 10053, 1258371348, 鳕鱼, 海岛北边的浅滩处生活着许多鳕鱼幼鱼，中午（12:00-18:00）会浮出水面觅食, 0, [], 0, 0, , , 0, [], 0, 0, , , 0, [], 0, 0, , , 0, [], 0, 0, , , 
131, 7, 178, 40637, 3, 深海龙虾, Icons/Seacollect/Fish_shenhailongxia.png, 海岛边上有处沉船遗址，是龙虾的乐园，夕阳西下（18:00-23:00）较为活跃, 十五个美食家参与的第一界八荒四海美食会上，总分第一的美食。, 十五个美食家参与的第一界八荒四海美食会上，总分第一的美食。, 0, [0.0], 0, [], 0, [], 0, 0, 0, 0, 5, 2, 3, 390, 2, 2, 11, 2500, 0, 0, 0, 0, 0, 0, 3, 1, 43931, 10053, 1258371357, 深海龙虾, 海岛边上有处沉船遗址，是龙虾的乐园，夕阳西下（18:00-23:00）较为活跃, 0, [], 0, 0, , , 0, [], 0, 0, , , 0, [], 0, 0, , , 0, [], 0, 0, , , 
132, 1, 138, 40638, 3, 东海玉涡, Icons/Seacollect/Port_donghaiyuwo.png, 抵达东海玉涡, 一个神奇的美丽的女儿国，上面居住着本地最大的土著国家的公主。公主和一群姑娘们都依照习俗在岛上度过自己的成年礼，但却被幽灵船迷雾隔阻，无法返回天冕岛上的家园，思念亲人，悲伤不已。, 一个神奇的美丽的女儿国，上面居住着本地最大的土著国家的公主。公主和一群姑娘们都依照习俗在岛上度过自己的成年礼，但却被幽灵船迷雾隔阻，无法返回天冕岛上的家园，思念亲人，悲伤不已。, 0, [0.0], 0, [], 0, [], 0, 0, 0, 0, 5, 2, 3, 330, 2, 2, 11, 1500, 0, 0, 0, 0, 0, 0, 3, 1, 43940, 10054, 1275148449, 东海玉涡, 抵达东海玉涡, 0, [], 0, 0, , , 0, [], 0, 0, , , 0, [], 0, 0, , , 0, [], 0, 0, , , 
133, 2, 138, 40638, 3, 玉涡内湖, Icons/Seacollect/Geo_yuwoneihu.png, 据说东海玉涡岛中心有个内湖，从上向下看如同东海的眼睛, 原来此岛被称为东海玉涡，乃是因为岛内有个和海底连通的内湖，被称为玉涡湖, 原来此岛被称为东海玉涡，乃是因为岛内有个和海底连通的内湖，被称为玉涡湖, 2, [132.0], 0, [], 0, [], 0, 0, 0, 0, 5, 2, 3, 330, 2, 2, 11, 1500, 0, 0, 0, 0, 0, 0, 3, 1, 43941, 10054, 1275148450, 玉涡内湖, 据说东海玉涡岛中心有个内湖，从上向下看如同东海的眼睛, 0, [], 0, 0, , , 0, [], 0, 0, , , 0, [], 0, 0, , , 0, [], 0, 0, , , 
134, 2, 138, 40638, 3, 紫颜花坪, Icons/Seacollect/Geo_ziyanhuaping.png, 远看一片紫色的花屏，正是岛上姑娘们学习编制花环的地方, 岛屿上开着许多烂漫野花，当地女子称其为紫颜花，其朝开夕闭，次日又开，含露迎光，生机勃勃。, 岛屿上开着许多烂漫野花，当地女子称其为紫颜花，其朝开夕闭，次日又开，含露迎光，生机勃勃。, 2, [132.0], 0, [], 0, [], 0, 0, 0, 0, 5, 2, 3, 330, 2, 2, 11, 1500, 0, 0, 0, 0, 0, 0, 3, 1, 43942, 10054, 1275148451, 紫颜花坪, 远看一片紫色的花屏，正是岛上姑娘们学习编制花环的地方, 0, [], 0, 0, , , 0, [], 0, 0, , , 0, [], 0, 0, , , 0, [], 0, 0, , , 
135, 3, 158, 40639, 3, 椰青, Icons/Seacollect/Grass_yeqing.png, 岛上有许多椰子树，走在下面要小心椰子掉下来, 岛上种植着高大的椰子树，据说时常有椰子会掉下来砸到人头。但是那些头顶一筐瓜果行走的土著妹子们就没什么可担心的了。, 岛上种植着高大的椰子树，据说时常有椰子会掉下来砸到人头。但是那些头顶一筐瓜果行走的土著妹子们就没什么可担心的了。, 5, [21.0], 0, [], 0, [], 0, 0, 0, 0, 5, 2, 3, 400, 2, 2, 11, 2000, 0, 0, 0, 0, 0, 0, 3, 1, 43943, 10054, 1275148501, 椰青, 岛上有许多椰子树，走在下面要小心椰子掉下来, 0, [], 0, 0, , , 0, [], 0, 0, , , 0, [], 0, 0, , , 0, [], 0, 0, , , 
136, 3, 158, 40639, 3, 粉少女, Icons/Seacollect/Grass_fenshaonv.png, 一种粉色的花朵，喜欢在阳光充沛的地方生长, 当地人觉得这种粉色颀长的花朵，像一个个穿着粉红裙子的少女，迎风顾盼。, 当地人觉得这种粉色颀长的花朵，像一个个穿着粉红裙子的少女，迎风顾盼。, 5, [21.0], 0, [], 0, [], 0, 0, 0, 0, 5, 2, 3, 400, 2, 2, 11, 2000, 0, 0, 0, 0, 0, 0, 3, 1, 43944, 10054, 1275148502, 粉少女, 一种粉色的花朵，喜欢在阳光充沛的地方生长, 0, [], 0, 0, , , 0, [], 0, 0, , , 0, [], 0, 0, , , 0, [], 0, 0, , , 
137, 4, 158, 40639, 3, 灵嗅狐, Icons/Seacollect/Ani_lingxiuhu.png, 阿敏养了只奇特的狐狸，喜欢躺在花坪上晒太阳, 这种狐狸可以从一大堆香料中闻出来哪一块里是真正的龙涎香。, 这种狐狸可以从一大堆香料中闻出来哪一块里是真正的龙涎香。, 5, [21.0], 0, [], 0, [], 0, 0, 0, 0, 5, 2, 3, 400, 2, 2, 11, 2000, 0, 0, 0, 0, 0, 0, 3, 1, 43945, 10054, 1275148503, 灵嗅狐, 阿敏养了只奇特的狐狸，喜欢躺在花坪上晒太阳, 0, [], 0, 0, , , 0, [], 0, 0, , , 0, [], 0, 0, , , 0, [], 0, 0, , , 
138, 4, 158, 40639, 3, 蓝蝴蝶, Icons/Seacollect/Ani_lanhudie.png, 有花的地方就有蝴蝶，花海中应该更容易发现, 蓝色的蝴蝶，极其妖媚，喜欢出没于花海之中。, 蓝色的蝴蝶，极其妖媚，喜欢出没于花海之中。, 5, [21.0], 0, [], 0, [], 0, 0, 0, 0, 5, 2, 3, 400, 2, 2, 11, 2000, 0, 0, 0, 0, 0, 0, 3, 1, 43946, 10054, 1275148500, 蓝蝴蝶, 有花的地方就有蝴蝶，花海中应该更容易发现, 0, [], 0, 0, , , 0, [], 0, 0, , , 0, [], 0, 0, , , 0, [], 0, 0, , , 
139, 6, 158, 40640, 3, 龙涎香, Icons/Seacollect/Nat_longxianxiang.png, 听闻阿柔得到了块香料，但成色难辨, 龙涎香极其难寻，且成色难以分辨，听闻只有灵嗅狐才可以准确的识出品相。, 龙涎香极其难寻，且成色难以分辨，听闻只有灵嗅狐才可以准确的识出品相。, 1, [12.0$$ 7000.0], 2, [137.0], 0, [], 0, 0, 0, 0, 5, 2, 3, 385, 2, 2, 11, 2000, 0, 0, 0, 0, 0, 0, 3, 1, 43947, 10054, 1275148504, 龙涎香, 听闻阿柔得到了块香料，但成色难辨, 0, [], 0, 0, , , 0, [], 0, 0, , , 0, [], 0, 0, , , 0, [], 0, 0, , , 
140, 6, 158, 40640, 3, 七宝镯, Icons/Seacollect/Nat_qibaozhuo.png, 东海玉涡驰名的商品，可以向负责商贸的阿惠了解情况, 用宝石鱼腹中取出的特殊矿石制成，因为原料稀少所以产量一直很低, 用宝石鱼腹中取出的特殊矿石制成，因为原料稀少所以产量一直很低, 1, [12.0$$ 7000.0], 0, [], 0, [], 0, 0, 0, 0, 5, 2, 3, 385, 2, 2, 11, 2000, 0, 0, 0, 0, 0, 0, 3, 1, 43948, 10054, 1275148506, 七宝镯, 东海玉涡驰名的商品，可以向负责商贸的阿惠了解情况, 0, [], 0, 0, , , 0, [], 0, 0, , , 0, [], 0, 0, , , 0, [], 0, 0, , , 
141, 5, 158, 40640, 3, 女儿国, Icons/Seacollect/Cul_nverguo.png, 岛上似乎到处都是女孩子，向阿妩公主了解下情况吧, 岛上的少女都是十六岁从本岛过来学习相关能力事物，三年之后才能回去生活, 岛上的少女都是十六岁从本岛过来学习相关能力事物，三年之后才能回去生活, 1, [12.0$$ 20000.0], 2, [139.0], 0, [], 0, 0, 0, 0, 5, 2, 3, 385, 2, 2, 11, 2000, 0, 0, 0, 0, 0, 0, 3, 1, 43949, 10054, 1275148531, 女儿国, 岛上似乎到处都是女孩子，向阿妩公主了解下情况吧, 0, [], 0, 0, , , 0, [], 0, 0, , , 0, [], 0, 0, , , 0, [], 0, 0, , , 
142, 5, 158, 40640, 3, 天龙号, Icons/Seacollect/Cul_tianlonghao.png, 岛上的居民似乎都有重重心事，问问知情的人发生了什么事, 一群猖獗的海盗驾驶着“天龙号”大船阻断了通往天泪天火天冕岛的去路，东海玉涡的少女们因此只能留守在海岛上, 一群猖獗的海盗驾驶着“天龙号”大船阻断了通往天泪天火天冕岛的去路，东海玉涡的少女们因此只能留守在海岛上, 1, [12.0$$ 20000.0], 2, [141.0], 0, [], 0, 0, 0, 0, 5, 2, 3, 385, 2, 2, 11, 2000, 0, 0, 0, 0, 0, 0, 3, 1, 43950, 10054, 1275148532, 天龙号, 岛上的居民似乎都有重重心事，问问知情的人发生了什么事, 0, [], 0, 0, , , 0, [], 0, 0, , , 0, [], 0, 0, , , 0, [], 0, 0, , , 
143, 6, 158, 40640, 3, 砗磲手串, Icons/Seacollect/Nat_chequshouchuan.png, 阿敏似乎有事情找你，路过的时候问问她吧, 颜色漂亮的砗磲手珠，除了可做装饰外，配戴在身上也可避邪保平安，在中医药中，砗磲贝的尾端曾被认为与珍珠具有同样的疗效。, 颜色漂亮的砗磲手珠，除了可做装饰外，配戴在身上也可避邪保平安，在中医药中，砗磲贝的尾端曾被认为与珍珠具有同样的疗效。, 1, [12.0$$ 7000.0], 0, [], 0, [], 0, 0, 0, 0, 5, 2, 3, 385, 2, 2, 11, 2000, 0, 0, 0, 0, 0, 0, 3, 1, 43951, 10054, 1275148505, 砗磲手串, 阿敏似乎有事情找你，路过的时候问问她吧, 0, [], 0, 0, , , 0, [], 0, 0, , , 0, [], 0, 0, , , 0, [], 0, 0, , , 
144, 7, 186, 40641, 3, 鲑鱼, Icons/Seacollect/Fish_guiyu.png, 栖息在岛屿附近水域中，每天日中时分（12:00-18:00）会靠岸觅食。, 鳞小刺少，肉色橙红，肉质细嫩鲜美，口感爽滑，列岛渔民常洗净生食，它制成的鱼肝油更是营养佳品。, 鳞小刺少，肉色橙红，肉质细嫩鲜美，口感爽滑，列岛渔民常洗净生食，它制成的鱼肝油更是营养佳品。, 0, [0.0], 0, [], 0, [], 0, 0, 0, 0, 5, 2, 3, 450, 2, 2, 11, 2500, 0, 0, 0, 0, 0, 0, 3, 1, 43952, 10054, 1275148520, 鲑鱼, 栖息在岛屿附近水域中，每天日中时分（12:00-18:00）会靠岸觅食。, 0, [], 0, 0, , , 0, [], 0, 0, , , 0, [], 0, 0, , , 0, [], 0, 0, , , 
145, 7, 186, 40641, 4, 宝石鱼, Icons/Seacollect/Fish_baoshiyu.png, 生活在内湖的小鱼，天亮之后（6:00-12:00）会活跃的浮出水面, 喜欢追逐和吞食海底宝石钱币等的鱼类。钓到这种鱼，常常能剖开获得珍贵的宝石。, 喜欢追逐和吞食海底宝石钱币等的鱼类。钓到这种鱼，常常能剖开获得珍贵的宝石。, 0, [0.0], 0, [], 0, [], 0, 0, 0, 0, 5, 2, 3, 450, 2, 2, 11, 2500, 0, 0, 0, 0, 0, 0, 3, 1, 43953, 10054, 1275148530, 宝石鱼, 生活在内湖的小鱼，天亮之后（6:00-12:00）会活跃的浮出水面, 0, [], 0, 0, , , 0, [], 0, 0, , , 0, [], 0, 0, , , 0, [], 0, 0, , , 
