id, name, c3, c4, c5, c6, wg, ng, c9, c10, c11, c12, ld, qj, gg, dc, sf, c18, c19, qx, c21, c22, c23, c24, c25, mz, c27, hx, hs, c30, c31, c32,c33,c34,c35,c36,c37,c38,c39,poshang, c41,c42,c43,c44,c45,propDes, c47,c48,c49,c50,c51,c52,c53,c54,c55,
610101, 太白套装1-1, 0, 0, 0, 0, 0, 0, 0, 0, 0, 0, 0, 0, 0, 0, 14, 14, 0, 0, 0, 0, 0, 0, 0, 0.0, 0.045, 0.0, 0.0, 0, 0, 0, 0, 0, 0, 0, 0, 0, 0, 0, 0, 0, 0, 0, 0, 0, 命中率+4.5%  洞察+14  身法+14, 0, 0, 0, 0, 0, 0, , 0, 
610102, 太白套装1-2, 0, 0, 0, 0, 0, 46, 0, 0, 0, 0, 0, 0, 0, 0, 0, 0, 0, 0, 0, 0, 0, 0, 0, 0.0, 0.0, 0.0, 0.0, 0, 0, 0, 0, 0, 0, 0, 0, 0, 0, 0, 0, 0, 0, 0, 0, 0, 外功攻击+46, 0, 0, 0, 0, 0, 0, , 0, 
610201, 太白套装2-2, 0, 0, 0, 0, 0, 0, 0, 0, 0, 0, 0, 0, 0, 0, 16, 16, 0, 0, 0, 0, 0, 0, 0, 0.0, 0.055, 0.0, 0.0, 0, 0, 0, 0, 0, 0, 0, 0, 0, 0, 0, 0, 0, 0, 0, 0, 0, 命中率+5.5%  洞察+16  身法+16, 0, 0, 0, 0, 0, 0, , 0, 
610202, 太白套装2-1, 0, 0, 0, 0, 0, 57, 0, 0, 0, 0, 0, 0, 0, 0, 0, 0, 0, 0, 0, 0, 0, 0, 0, 0.0, 0.0, 0.0, 0.02, 0, 0, 0, 0, 0, 0, 0, 0, 0, 0, 0, 0, 0, 0, 0, 0, 0, 外功攻击+57  会心率+2%, 0, 0, 0, 0, 0, 0, , 0, 
610301, 太白套装3-1, 0, 0, 0, 0, 0, 0, 0, 0, 0, 0, 0, 0, 0, 0, 20, 20, 0, 0, 0, 0, 0, 0, 0, 0.0, 0.065, 0.0, 0.0, 0, 0, 0, 0, 0, 0, 0, 0, 0, 0, 0, 0, 0, 0, 0, 0, 0, 命中率+6.5%  洞察+20  身法+20, 0, 0, 0, 0, 0, 0, , 0, 
610302, 太白套装3-2, 0, 0, 0, 0, 0, 62, 0, 0, 0, 0, 0, 0, 0, 0, 0, 0, 0, 0, 0, 0, 0, 0, 0, 0.0, 0.0, 0.0, 0.04, 0, 0, 0, 0, 0, 0, 0, 0, 0, 0, 0, 0, 0, 0, 0, 0, 0, 外功攻击+62  会心率+4%, 0, 0, 0, 0, 0, 0, , 0, 
610401, 太白套装4-2, 0, 0, 0, 0, 0, 0, 0, 0, 0, 0, 0, 0, 0, 0, 24, 24, 0, 0, 0, 0, 0, 0, 0, 0.0, 0.065, 0.0, 0.0, 0, 0, 0, 0, 0, 0, 0, 0, 0, 0, 0, 0, 0, 0, 0, 0, 0, 命中率+6.5%  洞察+24  身法+24, 0, 0, 0, 0, 0, 0, , 0, 
610402, 太白套装4-1, 0, 0, 0, 0, 0, 69, 0, 0, 0, 0, 0, 0, 0, 0, 0, 0, 0, 0, 0, 0, 0, 0, 0, 0.0, 0.0, 0.0, 0.055, 0, 0, 0, 0, 0, 0, 0, 0, 0, 0, 0, 0, 0, 0, 0, 0, 0, 外功攻击+69  会心率+5.5%, 0, 0, 0, 0, 0, 0, , 0, 
620101, 神威套装1-1, 0, 0, 0, 0, 0, 0, 0, 0, 0, 0, 0, 15, 0, 12, 0, 0, 0, 0, 0, 0, 0, 0, 0, 0.0, 0.045, 0.0, 0.0, 0, 0, 0, 0, 0, 0, 0, 0, 0, 0, 0, 0, 0, 0, 0, 0, 0, 命中率+4.5%  力道+15  根骨+12, 0, 0, 0, 0, 0, 0, , 0, 
620102, 神威套装1-2, 0, 0, 0, 0, 0, 46, 0, 0, 0, 0, 0, 0, 0, 0, 0, 0, 0, 0, 0, 0, 0, 0, 0, 0.0, 0.0, 0.0, 0.0, 0, 0, 0, 0, 0, 0, 0, 0, 0, 0, 0, 0, 0, 0, 0, 0, 0, 外功攻击+46, 0, 0, 0, 0, 0, 0, , 0, 
620201, 神威套装2-2, 0, 0, 0, 0, 0, 0, 0, 0, 0, 0, 0, 17, 0, 14, 0, 0, 0, 0, 0, 0, 0, 0, 0, 0.0, 0.055, 0.0, 0.0, 0, 0, 0, 0, 0, 0, 0, 0, 0, 0, 0, 0, 0, 0, 0, 0, 0, 命中率+5.5%  力道+17  根骨+14, 0, 0, 0, 0, 0, 0, , 0, 
620202, 神威套装2-1, 0, 0, 0, 0, 0, 57, 0, 0, 0, 0, 0, 0, 0, 0, 0, 0, 0, 0, 0, 0, 0, 0, 0, 0.0, 0.0, 0.0, 0.02, 0, 0, 0, 0, 0, 0, 0, 0, 0, 0, 0, 0, 0, 0, 0, 0, 0, 外功攻击+57  会心率+2%, 0, 0, 0, 0, 0, 0, , 0, 
620301, 神威套装3-1, 0, 0, 0, 0, 0, 0, 0, 0, 0, 0, 0, 23, 0, 18, 0, 0, 0, 0, 0, 0, 0, 0, 0, 0.0, 0.065, 0.0, 0.0, 0, 0, 0, 0, 0, 0, 0, 0, 0, 0, 0, 0, 0, 0, 0, 0, 0, 命中率+6.5%  力道+23  根骨+18, 0, 0, 0, 0, 0, 0, , 0, 
620302, 神威套装3-2, 0, 0, 0, 0, 0, 62, 0, 0, 0, 0, 0, 0, 0, 0, 0, 0, 0, 0, 0, 0, 0, 0, 0, 0.0, 0.0, 0.0, 0.04, 0, 0, 0, 0, 0, 0, 0, 0, 0, 0, 0, 0, 0, 0, 0, 0, 0, 外功攻击+62  会心率+4%, 0, 0, 0, 0, 0, 0, , 0, 
620401, 神威套装4-2, 0, 0, 0, 0, 0, 0, 0, 0, 0, 0, 0, 27, 0, 21, 0, 0, 0, 0, 0, 0, 0, 0, 0, 0.0, 0.065, 0.0, 0.0, 0, 0, 0, 0, 0, 0, 0, 0, 0, 0, 0, 0, 0, 0, 0, 0, 0, 命中率+6.5%  力道+27  根骨+21, 0, 0, 0, 0, 0, 0, , 0, 
620402, 神威套装4-1, 0, 0, 0, 0, 0, 69, 0, 0, 0, 0, 0, 0, 0, 0, 0, 0, 0, 0, 0, 0, 0, 0, 0, 0.0, 0.0, 0.0, 0.055, 0, 0, 0, 0, 0, 0, 0, 0, 0, 0, 0, 0, 0, 0, 0, 0, 0, 外功攻击+69  会心率+5.5%, 0, 0, 0, 0, 0, 0, , 0, 
630101, 丐帮套装1-1, 0, 0, 0, 0, 0, 0, 0, 0, 0, 0, 0, 12, 0, 0, 0, 15, 0, 0, 0, 0, 0, 0, 0, 0.0, 0.045, 0.0, 0.0, 0, 0, 0, 0, 0, 0, 0, 0, 0, 0, 0, 0, 0, 0, 0, 0, 0, 命中率+4.5%  力道+12  身法+15, 0, 0, 0, 0, 0, 0, , 0, 
630102, 丐帮套装1-2, 0, 0, 0, 0, 0, 46, 0, 0, 0, 0, 0, 0, 0, 0, 0, 0, 0, 0, 0, 0, 0, 0, 0, 0.0, 0.0, 0.0, 0.0, 0, 0, 0, 0, 0, 0, 0, 0, 0, 0, 0, 0, 0, 0, 0, 0, 0, 外功攻击+46, 0, 0, 0, 0, 0, 0, , 0, 
630201, 丐帮套装2-2, 0, 0, 0, 0, 0, 0, 0, 0, 0, 0, 0, 14, 0, 0, 0, 17, 0, 0, 0, 0, 0, 0, 0, 0.0, 0.055, 0.0, 0.0, 0, 0, 0, 0, 0, 0, 0, 0, 0, 0, 0, 0, 0, 0, 0, 0, 0, 命中率+5.5%  力道+14  身法+17, 0, 0, 0, 0, 0, 0, , 0, 
630202, 丐帮套装2-1, 0, 0, 0, 0, 0, 57, 0, 0, 0, 0, 0, 0, 0, 0, 0, 0, 0, 0, 0, 0, 0, 0, 0, 0.0, 0.0, 0.0, 0.02, 0, 0, 0, 0, 0, 0, 0, 0, 0, 0, 0, 0, 0, 0, 0, 0, 0, 外功攻击+57  会心率+2%, 0, 0, 0, 0, 0, 0, , 0, 
630301, 丐帮套装3-1, 0, 0, 0, 0, 0, 0, 0, 0, 0, 0, 0, 18, 0, 0, 0, 23, 0, 0, 0, 0, 0, 0, 0, 0.0, 0.065, 0.0, 0.0, 0, 0, 0, 0, 0, 0, 0, 0, 0, 0, 0, 0, 0, 0, 0, 0, 0, 命中率+6.5%  力道+18  身法+23, 0, 0, 0, 0, 0, 0, , 0, 
630302, 丐帮套装3-2, 0, 0, 0, 0, 0, 63, 0, 0, 0, 0, 0, 0, 0, 0, 0, 0, 0, 0, 0, 0, 0, 0, 0, 0.0, 0.0, 0.0, 0.04, 0, 0, 0, 0, 0, 0, 0, 0, 0, 0, 0, 0, 0, 0, 0, 0, 0, 外功攻击+63  会心率+4%, 0, 0, 0, 0, 0, 0, , 0, 
630401, 丐帮套装4-2, 0, 0, 0, 0, 0, 0, 0, 0, 0, 0, 0, 21, 0, 0, 0, 27, 0, 0, 0, 0, 0, 0, 0, 0.0, 0.065, 0.0, 0.0, 0, 0, 0, 0, 0, 0, 0, 0, 0, 0, 0, 0, 0, 0, 0, 0, 0, 命中率+6.5%  力道+21  身法+27, 0, 0, 0, 0, 0, 0, , 0, 
630402, 丐帮套装4-1, 0, 0, 0, 0, 0, 69, 0, 0, 0, 0, 0, 0, 0, 0, 0, 0, 0, 0, 0, 0, 0, 0, 0, 0.0, 0.0, 0.0, 0.055, 0, 0, 0, 0, 0, 0, 0, 0, 0, 0, 0, 0, 0, 0, 0, 0, 0, 外功攻击+69  会心率+5.5%, 0, 0, 0, 0, 0, 0, , 0, 
640101, 唐门套装1-1, 0, 0, 0, 0, 0, 0, 0, 0, 0, 0, 0, 11, 0, 0, 17, 0, 0, 0, 0, 0, 0, 0, 0, 0.0, 0.045, 0.0, 0.0, 0, 0, 0, 0, 0, 0, 0, 0, 0, 0, 0, 0, 0, 0, 0, 0, 0, 命中率+4.5%  力道+11  洞察+17, 0, 0, 0, 0, 0, 0, , 0, 
640102, 唐门套装1-2, 0, 0, 0, 0, 0, 46, 0, 0, 0, 0, 0, 0, 0, 0, 0, 0, 0, 0, 0, 0, 0, 0, 0, 0.0, 0.0, 0.0, 0.0, 0, 0, 0, 0, 0, 0, 0, 0, 0, 0, 0, 0, 0, 0, 0, 0, 0, 外功攻击+46, 0, 0, 0, 0, 0, 0, , 0, 
640201, 唐门套装2-2, 0, 0, 0, 0, 0, 0, 0, 0, 0, 0, 0, 12, 0, 0, 19, 0, 0, 0, 0, 0, 0, 0, 0, 0.0, 0.055, 0.0, 0.0, 0, 0, 0, 0, 0, 0, 0, 0, 0, 0, 0, 0, 0, 0, 0, 0, 0, 命中率+5.5%  力道+12  洞察+19, 0, 0, 0, 0, 0, 0, , 0, 
640202, 唐门套装2-1, 0, 0, 0, 0, 0, 57, 0, 0, 0, 0, 0, 0, 0, 0, 0, 0, 0, 0, 0, 0, 0, 0, 0, 0.0, 0.0, 0.0, 0.02, 0, 0, 0, 0, 0, 0, 0, 0, 0, 0, 0, 0, 0, 0, 0, 0, 0, 外功攻击+57  会心率+2%, 0, 0, 0, 0, 0, 0, , 0, 
640301, 唐门套装3-1, 0, 0, 0, 0, 0, 0, 0, 0, 0, 0, 0, 16, 0, 0, 25, 0, 0, 0, 0, 0, 0, 0, 0, 0.0, 0.065, 0.0, 0.0, 0, 0, 0, 0, 0, 0, 0, 0, 0, 0, 0, 0, 0, 0, 0, 0, 0, 命中率+6.5%  力道+16  洞察+25, 0, 0, 0, 0, 0, 0, , 0, 
640302, 唐门套装3-2, 0, 0, 0, 0, 0, 63, 0, 0, 0, 0, 0, 0, 0, 0, 0, 0, 0, 0, 0, 0, 0, 0, 0, 0.0, 0.0, 0.0, 0.04, 0, 0, 0, 0, 0, 0, 0, 0, 0, 0, 0, 0, 0, 0, 0, 0, 0, 外功攻击+63  会心率+4%, 0, 0, 0, 0, 0, 0, , 0, 
640401, 唐门套装4-2, 0, 0, 0, 0, 0, 0, 0, 0, 0, 0, 0, 19, 0, 0, 29, 0, 0, 0, 0, 0, 0, 0, 0, 0.0, 0.065, 0.0, 0.0, 0, 0, 0, 0, 0, 0, 0, 0, 0, 0, 0, 0, 0, 0, 0, 0, 0, 命中率+6.5%  力道+19  洞察+29, 0, 0, 0, 0, 0, 0, , 0, 
640402, 唐门套装4-1, 0, 0, 0, 0, 0, 69, 0, 0, 0, 0, 0, 0, 0, 0, 0, 0, 0, 0, 0, 0, 0, 0, 0, 0.0, 0.0, 0.0, 0.055, 0, 0, 0, 0, 0, 0, 0, 0, 0, 0, 0, 0, 0, 0, 0, 0, 0, 外功攻击+69  会心率+5.5%, 0, 0, 0, 0, 0, 0, , 0, 
650101, 真武套装1-1, 0, 0, 0, 0, 0, 0, 0, 0, 0, 0, 0, 0, 17, 11, 0, 0, 0, 0, 0, 0, 0, 0, 0, 0.0, 0.045, 0.0, 0.0, 0, 0, 0, 0, 0, 0, 0, 0, 0, 0, 0, 0, 0, 0, 0, 0, 0, 命中率+4.5%  气劲+17  根骨+11, 0, 0, 0, 0, 0, 0, , 0, 
650102, 真武套装1-2, 0, 0, 0, 0, 0, 46, 0, 0, 0, 0, 0, 0, 0, 0, 0, 0, 0, 0, 0, 0, 0, 0, 0, 0.0, 0.0, 0.0, 0.0, 0, 0, 0, 0, 0, 0, 0, 0, 0, 0, 0, 0, 0, 0, 0, 0, 0, 外功攻击+46, 0, 0, 0, 0, 0, 0, , 0, 
650201, 真武套装2-2, 0, 0, 0, 0, 0, 0, 0, 0, 0, 0, 0, 0, 19, 12, 0, 0, 0, 0, 0, 0, 0, 0, 0, 0.0, 0.055, 0.0, 0.0, 0, 0, 0, 0, 0, 0, 0, 0, 0, 0, 0, 0, 0, 0, 0, 0, 0, 命中率+5.5%  气劲+19  根骨+12, 0, 0, 0, 0, 0, 0, , 0, 
650202, 真武套装2-1, 0, 0, 0, 0, 0, 57, 0, 0, 0, 0, 0, 0, 0, 0, 0, 0, 0, 0, 0, 0, 0, 0, 0, 0.0, 0.0, 0.0, 0.02, 0, 0, 0, 0, 0, 0, 0, 0, 0, 0, 0, 0, 0, 0, 0, 0, 0, 外功攻击+57  会心率+2%, 0, 0, 0, 0, 0, 0, , 0, 
650301, 真武套装3-1, 0, 0, 0, 0, 0, 0, 0, 0, 0, 0, 0, 0, 25, 16, 0, 0, 0, 0, 0, 0, 0, 0, 0, 0.0, 0.065, 0.0, 0.0, 0, 0, 0, 0, 0, 0, 0, 0, 0, 0, 0, 0, 0, 0, 0, 0, 0, 命中率+6.5%  气劲+25  根骨+16, 0, 0, 0, 0, 0, 0, , 0, 
650302, 真武套装3-2, 0, 0, 0, 0, 0, 63, 0, 0, 0, 0, 0, 0, 0, 0, 0, 0, 0, 0, 0, 0, 0, 0, 0, 0.0, 0.0, 0.0, 0.04, 0, 0, 0, 0, 0, 0, 0, 0, 0, 0, 0, 0, 0, 0, 0, 0, 0, 外功攻击+63  会心率+4%, 0, 0, 0, 0, 0, 0, , 0, 
650401, 真武套装4-2, 0, 0, 0, 0, 0, 0, 0, 0, 0, 0, 0, 0, 29, 19, 0, 0, 0, 0, 0, 0, 0, 0, 0, 0.0, 0.065, 0.0, 0.0, 0, 0, 0, 0, 0, 0, 0, 0, 0, 0, 0, 0, 0, 0, 0, 0, 0, 命中率+6.5%  气劲+29  根骨+19, 0, 0, 0, 0, 0, 0, , 0, 
650402, 真武套装4-1, 0, 0, 0, 0, 0, 69, 0, 0, 0, 0, 0, 0, 0, 0, 0, 0, 0, 0, 0, 0, 0, 0, 0, 0.0, 0.0, 0.0, 0.055, 0, 0, 0, 0, 0, 0, 0, 0, 0, 0, 0, 0, 0, 0, 0, 0, 0, 外功攻击+69  会心率+5.5%, 0, 0, 0, 0, 0, 0, , 0, 
660101, 天香套装1-1, 0, 0, 0, 0, 0, 0, 0, 0, 0, 0, 0, 0, 17, 0, 0, 11, 0, 0, 0, 0, 0, 0, 0, 0.0, 0.045, 0.0, 0.0, 0, 0, 0, 0, 0, 0, 0, 0, 0, 0, 0, 0, 0, 0, 0, 0, 0, 命中率+4.5%  气劲+17  身法+11, 0, 0, 0, 0, 0, 0, , 0, 
660102, 天香套装1-2, 0, 0, 0, 0, 0, 46, 0, 0, 0, 0, 0, 0, 0, 0, 0, 0, 0, 0, 0, 0, 0, 0, 0, 0.0, 0.0, 0.0, 0.0, 0, 0, 0, 0, 0, 0, 0, 0, 0, 0, 0, 0, 0, 0, 0, 0, 0, 外功攻击+46, 0, 0, 0, 0, 0, 0, , 0, 
660201, 天香套装2-2, 0, 0, 0, 0, 0, 0, 0, 0, 0, 0, 0, 0, 19, 0, 0, 12, 0, 0, 0, 0, 0, 0, 0, 0.0, 0.055, 0.0, 0.0, 0, 0, 0, 0, 0, 0, 0, 0, 0, 0, 0, 0, 0, 0, 0, 0, 0, 命中率+5.5%  气劲+19  身法+12, 0, 0, 0, 0, 0, 0, , 0, 
660202, 天香套装2-1, 0, 0, 0, 0, 0, 57, 0, 0, 0, 0, 0, 0, 0, 0, 0, 0, 0, 0, 0, 0, 0, 0, 0, 0.0, 0.0, 0.0, 0.02, 0, 0, 0, 0, 0, 0, 0, 0, 0, 0, 0, 0, 0, 0, 0, 0, 0, 外功攻击+57  会心率+2%, 0, 0, 0, 0, 0, 0, , 0, 
660301, 天香套装3-1, 0, 0, 0, 0, 0, 0, 0, 0, 0, 0, 0, 0, 25, 0, 0, 16, 0, 0, 0, 0, 0, 0, 0, 0.0, 0.065, 0.0, 0.0, 0, 0, 0, 0, 0, 0, 0, 0, 0, 0, 0, 0, 0, 0, 0, 0, 0, 命中率+6.5%  气劲+25  身法+16, 0, 0, 0, 0, 0, 0, , 0, 
660302, 天香套装3-2, 0, 0, 0, 0, 0, 63, 0, 0, 0, 0, 0, 0, 0, 0, 0, 0, 0, 0, 0, 0, 0, 0, 0, 0.0, 0.0, 0.0, 0.04, 0, 0, 0, 0, 0, 0, 0, 0, 0, 0, 0, 0, 0, 0, 0, 0, 0, 外功攻击+63  会心率+4%, 0, 0, 0, 0, 0, 0, , 0, 
660401, 天香套装4-2, 0, 0, 0, 0, 0, 0, 0, 0, 0, 0, 0, 0, 29, 0, 0, 19, 0, 0, 0, 0, 0, 0, 0, 0.0, 0.065, 0.0, 0.0, 0, 0, 0, 0, 0, 0, 0, 0, 0, 0, 0, 0, 0, 0, 0, 0, 0, 命中率+6.5%  气劲+29  身法+19, 0, 0, 0, 0, 0, 0, , 0, 
660402, 天香套装4-1, 0, 0, 0, 0, 0, 69, 0, 0, 0, 0, 0, 0, 0, 0, 0, 0, 0, 0, 0, 0, 0, 0, 0, 0.0, 0.0, 0.0, 0.055, 0, 0, 0, 0, 0, 0, 0, 0, 0, 0, 0, 0, 0, 0, 0, 0, 0, 外功攻击+69  会心率+5.5%, 0, 0, 0, 0, 0, 0, , 0, 
670101, 五毒套装1-1, 0, 0, 0, 0, 0, 0, 0, 0, 0, 0, 0, 0, 0, 0, 12, 15, 0, 0, 0, 0, 0, 0, 0, 0.0, 0.045, 0.0, 0.0, 0, 0, 0, 0, 0, 0, 0, 0, 0, 0, 0, 0, 0, 0, 0, 0, 0, 命中率+4.5%  洞察+12  身法+15, 0, 0, 0, 0, 0, 0, , 0, 
670102, 五毒套装1-2, 0, 0, 0, 0, 0, 46, 0, 0, 0, 0, 0, 0, 0, 0, 0, 0, 0, 0, 0, 0, 0, 0, 0, 0.0, 0.0, 0.0, 0.0, 0, 0, 0, 0, 0, 0, 0, 0, 0, 0, 0, 0, 0, 0, 0, 0, 0, 外功攻击+46, 0, 0, 0, 0, 0, 0, , 0, 
670201, 五毒套装2-2, 0, 0, 0, 0, 0, 0, 0, 0, 0, 0, 0, 0, 0, 0, 14, 17, 0, 0, 0, 0, 0, 0, 0, 0.0, 0.055, 0.0, 0.0, 0, 0, 0, 0, 0, 0, 0, 0, 0, 0, 0, 0, 0, 0, 0, 0, 0, 命中率+5.5%  洞察+14  身法+17, 0, 0, 0, 0, 0, 0, , 0, 
670202, 五毒套装2-1, 0, 0, 0, 0, 0, 57, 0, 0, 0, 0, 0, 0, 0, 0, 0, 0, 0, 0, 0, 0, 0, 0, 0, 0.0, 0.0, 0.0, 0.02, 0, 0, 0, 0, 0, 0, 0, 0, 0, 0, 0, 0, 0, 0, 0, 0, 0, 外功攻击+57  会心率+2%, 0, 0, 0, 0, 0, 0, , 0, 
670301, 五毒套装3-1, 0, 0, 0, 0, 0, 0, 0, 0, 0, 0, 0, 0, 0, 0, 18, 23, 0, 0, 0, 0, 0, 0, 0, 0.0, 0.065, 0.0, 0.0, 0, 0, 0, 0, 0, 0, 0, 0, 0, 0, 0, 0, 0, 0, 0, 0, 0, 命中率+6.5%  洞察+18  身法+23, 0, 0, 0, 0, 0, 0, , 0, 
670302, 五毒套装3-2, 0, 0, 0, 0, 0, 63, 0, 0, 0, 0, 0, 0, 0, 0, 0, 0, 0, 0, 0, 0, 0, 0, 0, 0.0, 0.0, 0.0, 0.04, 0, 0, 0, 0, 0, 0, 0, 0, 0, 0, 0, 0, 0, 0, 0, 0, 0, 外功攻击+63  会心率+4%, 0, 0, 0, 0, 0, 0, , 0, 
670401, 五毒套装4-2, 0, 0, 0, 0, 0, 0, 0, 0, 0, 0, 0, 0, 0, 0, 21, 27, 0, 0, 0, 0, 0, 0, 0, 0.0, 0.065, 0.0, 0.0, 0, 0, 0, 0, 0, 0, 0, 0, 0, 0, 0, 0, 0, 0, 0, 0, 0, 命中率+6.5%  洞察+21  身法+27, 0, 0, 0, 0, 0, 0, , 0, 
670402, 五毒套装4-1, 0, 0, 0, 0, 0, 69, 0, 0, 0, 0, 0, 0, 0, 0, 0, 0, 0, 0, 0, 0, 0, 0, 0, 0.0, 0.0, 0.0, 0.055, 0, 0, 0, 0, 0, 0, 0, 0, 0, 0, 0, 0, 0, 0, 0, 0, 0, 外功攻击+69  会心率+5.5%, 0, 0, 0, 0, 0, 0, , 0, 
600101, 通用套装1-1, 0, 0, 0, 0, 0, 0, 0, 0, 0, 0, 0, 0, 0, 0, 0, 0, 0, 0, 0, 0, 0, 0, 0, 0.0, 0.02, 0.0, 0.0, 0, 0, 0, 0, 0, 0, 0, 0, 0, 0, 0, 0, 0, 0, 0, 0, 0, 命中率+2%, 0, 0, 0, 0, 0, 0, , 0, 
600201, 通用套装2-1, 0, 0, 0, 0, 0, 0, 0, 0, 0, 0, 0, 0, 0, 0, 0, 0, 0, 0, 0, 0, 0, 0, 0, 0.0, 0.03, 0.0, 0.0, 0, 0, 0, 0, 0, 0, 0, 0, 0, 0, 0, 0, 0, 0, 0, 0, 0, 命中率+3%, 0, 0, 0, 0, 0, 0, , 0, 
600301, 通用套装3-1, 0, 0, 0, 0, 0, 0, 0, 0, 0, 0, 0, 0, 0, 0, 0, 0, 0, 0, 0, 0, 0, 0, 0, 0.0, 0.04, 0.0, 0.0, 0, 0, 0, 0, 0, 0, 0, 0, 0, 0, 0, 0, 0, 0, 0, 0, 0, 命中率+4%, 0, 0, 0, 0, 0, 0, , 0, 
600401, 通用套装4-1, 0, 0, 0, 0, 0, 0, 0, 0, 0, 0, 0, 0, 0, 0, 0, 0, 0, 0, 0, 0, 0, 0, 0, 0.0, 0.05, 0.0, 0.0, 0, 0, 0, 0, 0, 0, 0, 0, 0, 0, 0, 0, 0, 0, 0, 0, 0, 命中率+5%, 0, 0, 0, 0, 0, 0, , 0, 
600501, 通用套装5-1, 0, 0, 0, 0, 0, 0, 0, 0, 0, 0, 0, 0, 0, 0, 0, 0, 0, 0, 0, 0, 0, 0, 0, 0.0, 0.06, 0.0, 0.0, 0, 0, 0, 0, 0, 0, 0, 0, 0, 0, 0, 0, 0, 0, 0, 0, 0, 命中率+6%, 0, 0, 0, 0, 0, 0, , 0, 
600601, 通用套装6-1, 0, 0, 0, 0, 0, 0, 0, 0, 0, 0, 0, 0, 0, 0, 0, 0, 0, 0, 0, 0, 0, 0, 0, 0.0, 0.02, 0.0, 0.0, 0, 0, 0, 0, 0, 0, 0, 0, 0, 0, 0, 0, 0, 0, 0, 0, 0, 命中率+2%, 0, 0, 0, 0, 0, 0, , 0, 
600701, 通用套装7-1, 0, 0, 0, 0, 0, 0, 0, 0, 0, 0, 0, 0, 0, 0, 0, 0, 0, 0, 0, 0, 0, 0, 0, 0.0, 0.03, 0.0, 0.0, 0, 0, 0, 0, 0, 0, 0, 0, 0, 0, 0, 0, 0, 0, 0, 0, 0, 命中率+3%, 0, 0, 0, 0, 0, 0, , 0, 
600801, 通用套装8-1, 0, 0, 0, 0, 0, 0, 0, 0, 0, 0, 0, 0, 0, 0, 0, 0, 0, 0, 0, 0, 0, 0, 0, 0.0, 0.04, 0.0, 0.0, 0, 0, 0, 0, 0, 0, 0, 0, 0, 0, 0, 0, 0, 0, 0, 0, 0, 命中率+4%, 0, 0, 0, 0, 0, 0, , 0, 
600901, 通用套装9-1, 0, 0, 0, 0, 0, 0, 0, 0, 0, 0, 0, 0, 0, 0, 0, 0, 0, 0, 0, 0, 0, 0, 0, 0.0, 0.05, 0.0, 0.0, 0, 0, 0, 0, 0, 0, 0, 0, 0, 0, 0, 0, 0, 0, 0, 0, 0, 命中率+5%, 0, 0, 0, 0, 0, 0, , 0, 
600102, 通用套装1-2, 0, 0, 0, 0, 0, 22, 0, 0, 0, 0, 0, 0, 0, 0, 0, 0, 0, 0, 0, 0, 0, 0, 0, 0.0, 0.0, 0.0, 0.0, 0, 0, 0, 0, 0, 0, 0, 0, 0, 0, 0, 0, 0, 0, 0, 0, 0, 外功攻击+22, 0, 0, 0, 0, 0, 0, , 0, 
600202, 通用套装2-2, 0, 0, 0, 0, 0, 29, 0, 0, 0, 0, 0, 0, 0, 0, 0, 0, 0, 0, 0, 0, 0, 0, 0, 0.0, 0.0, 0.0, 0.0, 0, 0, 0, 0, 0, 0, 0, 0, 0, 0, 0, 0, 0, 0, 0, 0, 0, 外功攻击+29, 0, 0, 0, 0, 0, 0, , 0, 
600302, 通用套装3-2, 0, 0, 0, 0, 0, 38, 0, 0, 0, 0, 0, 0, 0, 0, 0, 0, 0, 0, 0, 0, 0, 0, 0, 0.0, 0.0, 0.0, 0.0, 0, 0, 0, 0, 0, 0, 0, 0, 0, 0, 0, 0, 0, 0, 0, 0, 0, 外功攻击+38, 0, 0, 0, 0, 0, 0, , 0, 
600402, 通用套装4-2, 0, 0, 0, 0, 0, 49, 0, 0, 0, 0, 0, 0, 0, 0, 0, 0, 0, 0, 0, 0, 0, 0, 0, 0.0, 0.0, 0.0, 0.0, 0, 0, 0, 0, 0, 0, 0, 0, 0, 0, 0, 0, 0, 0, 0, 0, 0, 外功攻击+49, 0, 0, 0, 0, 0, 0, , 0, 
600502, 通用套装5-2, 0, 0, 0, 0, 0, 60, 0, 0, 0, 0, 0, 0, 0, 0, 0, 0, 0, 0, 0, 0, 0, 0, 0, 0.0, 0.0, 0.0, 0.0, 0, 0, 0, 0, 0, 0, 0, 0, 0, 0, 0, 0, 0, 0, 0, 0, 0, 外功攻击+60, 0, 0, 0, 0, 0, 0, , 0, 
600602, 通用套装6-2, 0, 0, 0, 0, 0, 28, 0, 0, 0, 0, 0, 0, 0, 0, 0, 0, 0, 0, 0, 0, 0, 0, 0, 0.0, 0.0, 0.0, 0.0, 0, 0, 0, 0, 0, 0, 0, 0, 0, 0, 0, 0, 0, 0, 0, 0, 0, 外功攻击+28, 0, 0, 0, 0, 0, 0, , 0, 
600702, 通用套装7-2, 0, 0, 0, 0, 0, 36, 0, 0, 0, 0, 0, 0, 0, 0, 0, 0, 0, 0, 0, 0, 0, 0, 0, 0.0, 0.0, 0.0, 0.0, 0, 0, 0, 0, 0, 0, 0, 0, 0, 0, 0, 0, 0, 0, 0, 0, 0, 外功攻击+36, 0, 0, 0, 0, 0, 0, , 0, 
600802, 通用套装8-2, 0, 0, 0, 0, 0, 47, 0, 0, 0, 0, 0, 0, 0, 0, 0, 0, 0, 0, 0, 0, 0, 0, 0, 0.0, 0.0, 0.0, 0.0, 0, 0, 0, 0, 0, 0, 0, 0, 0, 0, 0, 0, 0, 0, 0, 0, 0, 外功攻击+47, 0, 0, 0, 0, 0, 0, , 0, 
600902, 通用套装9-2, 0, 0, 0, 0, 0, 58, 0, 0, 0, 0, 0, 0, 0, 0, 0, 0, 0, 0, 0, 0, 0, 0, 0, 0.0, 0.0, 0.0, 0.0, 0, 0, 0, 0, 0, 0, 0, 0, 0, 0, 0, 0, 0, 0, 0, 0, 0, 外功攻击+58, 0, 0, 0, 0, 0, 0, , 0, 
2000101, 帝王州初级, 0, 0, 0, 0, 0, 0, 0, 0, 0, 0, 0, 0, 0, 0, 0, 0, 0, 0, 1000, 0, 0, 0, 0, 0.0, 0.0, 0.0, 0.0, 0, 0, 0, 0, 0, 0, 0, 0, 0, 0, 0, 0, 0, 0, 0, 0, 0, 气血上限增加1000，需要在日常战场、掠夺战、地盘挑战、盟会争锋战中才能生效, 0, 0, 0, 0, 0, 0, , 0, 
2000102, 帝王州中级, 0, 0, 0, 0, 0, 0, 0, 0, 0, 0, 0, 0, 0, 0, 0, 0, 0, 0, 2000, 0, 0, 0, 0, 0.0, 0.0, 0.0, 0.0, 0, 0, 0, 0, 0, 0, 0, 0, 0, 0, 0, 0, 0, 0, 0, 0, 0, 气血上限增加2000，需要在日常战场、掠夺战、地盘挑战、盟会争锋战中才能生效, 0, 0, 0, 0, 0, 0, , 0, 
2000103, 帝王州高级, 0, 0, 0, 0, 0, 0, 0, 0, 0, 0, 0, 0, 0, 0, 0, 0, 0, 0, 3000, 0, 0, 0, 0, 0.0, 0.0, 0.0, 0.0, 0, 0, 0, 0, 0, 0, 0, 0, 0, 0, 0, 0, 0, 0, 0, 0, 0, 气血上限增加3000，需要在日常战场、掠夺战、地盘挑战、盟会争锋战中才能生效, 0, 0, 0, 0, 0, 0, , 0, 
2000104, 寒江城初级, 0, 0, 0, 0, 0, 0, 0, 0, 0, 0, 0, 0, 0, 0, 0, 0, 0, 0, 1000, 0, 0, 0, 0, 0.0, 0.0, 0.0, 0.0, 0, 0, 0, 0, 0, 0, 0, 0, 0, 0, 0, 0, 0, 0, 0, 0, 0, 气血上限增加1000，需要在日常战场、掠夺战、地盘挑战、盟会争锋战中才能生效, 0, 0, 0, 0, 0, 0, , 0, 
2000105, 寒江城中级, 0, 0, 0, 0, 0, 0, 0, 0, 0, 0, 0, 0, 0, 0, 0, 0, 0, 0, 2000, 0, 0, 0, 0, 0.0, 0.0, 0.0, 0.0, 0, 0, 0, 0, 0, 0, 0, 0, 0, 0, 0, 0, 0, 0, 0, 0, 0, 气血上限增加2000，需要在日常战场、掠夺战、地盘挑战、盟会争锋战中才能生效, 0, 0, 0, 0, 0, 0, , 0, 
2000106, 寒江城高级, 0, 0, 0, 0, 0, 0, 0, 0, 0, 0, 0, 0, 0, 0, 0, 0, 0, 0, 3000, 0, 0, 0, 0, 0.0, 0.0, 0.0, 0.0, 0, 0, 0, 0, 0, 0, 0, 0, 0, 0, 0, 0, 0, 0, 0, 0, 0, 气血上限增加3000，需要在日常战场、掠夺战、地盘挑战、盟会争锋战中才能生效, 0, 0, 0, 0, 0, 0, , 0, 
2000107, 水龙吟初级, 0, 0, 0, 0, 0, 0, 0, 0, 0, 0, 0, 0, 0, 0, 0, 0, 0, 0, 1000, 0, 0, 0, 0, 0.0, 0.0, 0.0, 0.0, 0, 0, 0, 0, 0, 0, 0, 0, 0, 0, 0, 0, 0, 0, 0, 0, 0, 气血上限增加1000，需要在日常战场、掠夺战、地盘挑战、盟会争锋战中才能生效, 0, 0, 0, 0, 0, 0, , 0, 
2000108, 水龙吟中级, 0, 0, 0, 0, 0, 0, 0, 0, 0, 0, 0, 0, 0, 0, 0, 0, 0, 0, 2000, 0, 0, 0, 0, 0.0, 0.0, 0.0, 0.0, 0, 0, 0, 0, 0, 0, 0, 0, 0, 0, 0, 0, 0, 0, 0, 0, 0, 气血上限增加2000，需要在日常战场、掠夺战、地盘挑战、盟会争锋战中才能生效, 0, 0, 0, 0, 0, 0, , 0, 
2000109, 水龙吟高级, 0, 0, 0, 0, 0, 0, 0, 0, 0, 0, 0, 0, 0, 0, 0, 0, 0, 0, 3000, 0, 0, 0, 0, 0.0, 0.0, 0.0, 0.0, 0, 0, 0, 0, 0, 0, 0, 0, 0, 0, 0, 0, 0, 0, 0, 0, 0, 气血上限增加3000，需要在日常战场、掠夺战、地盘挑战、盟会争锋战中才能生效, 0, 0, 0, 0, 0, 0, , 0, 
2000110, 万里杀初级, 0, 0, 0, 0, 0, 0, 0, 0, 0, 0, 0, 0, 0, 0, 0, 0, 0, 0, 1000, 0, 0, 0, 0, 0.0, 0.0, 0.0, 0.0, 0, 0, 0, 0, 0, 0, 0, 0, 0, 0, 0, 0, 0, 0, 0, 0, 0, 气血上限增加1000，需要在日常战场、掠夺战、地盘挑战、盟会争锋战中才能生效, 0, 0, 0, 0, 0, 0, , 0, 
2000111, 万里杀中级, 0, 0, 0, 0, 0, 0, 0, 0, 0, 0, 0, 0, 0, 0, 0, 0, 0, 0, 2000, 0, 0, 0, 0, 0.0, 0.0, 0.0, 0.0, 0, 0, 0, 0, 0, 0, 0, 0, 0, 0, 0, 0, 0, 0, 0, 0, 0, 气血上限增加2000，需要在日常战场、掠夺战、地盘挑战、盟会争锋战中才能生效, 0, 0, 0, 0, 0, 0, , 0, 
2000112, 万里杀高级, 0, 0, 0, 0, 0, 0, 0, 0, 0, 0, 0, 0, 0, 0, 0, 0, 0, 0, 3000, 0, 0, 0, 0, 0.0, 0.0, 0.0, 0.0, 0, 0, 0, 0, 0, 0, 0, 0, 0, 0, 0, 0, 0, 0, 0, 0, 0, 气血上限增加3000，需要在日常战场、掠夺战、地盘挑战、盟会争锋战中才能生效, 0, 0, 0, 0, 0, 0, , 0, 
480101, 神刀套装1-1, 0, 0, 0, 0, 0, 0, 0, 0, 0, 0, 0, 15, 0, 0, 12, 0, 0, 0, 0, 0, 0, 0, 0, 0.0, 0.045, 0.0, 0.0, 0, 0, 0, 0, 0, 0, 0, 0, 0, 0, 0, 0, 0, 0, 0, 0, 0, 命中率+4.5%  力道+15  洞察+12, 0, 0, 0, 0, 0, 0, , 0, 
480102, 神刀套装1-2, 0, 0, 0, 0, 0, 46, 0, 0, 0, 0, 0, 0, 0, 0, 0, 0, 0, 0, 0, 0, 0, 0, 0, 0.0, 0.0, 0.0, 0.0, 0, 0, 0, 0, 0, 0, 0, 0, 0, 0, 0, 0, 0, 0, 0, 0, 0, 外功攻击+46, 0, 0, 0, 0, 0, 0, , 0, 
480201, 神刀套装2-2, 0, 0, 0, 0, 0, 0, 0, 0, 0, 0, 0, 17, 0, 0, 14, 0, 0, 0, 0, 0, 0, 0, 0, 0.0, 0.055, 0.0, 0.0, 0, 0, 0, 0, 0, 0, 0, 0, 0, 0, 0, 0, 0, 0, 0, 0, 0, 命中率+5.5%  力道+17  洞察+14, 0, 0, 0, 0, 0, 0, , 0, 
480202, 神刀套装2-1, 0, 0, 0, 0, 0, 57, 0, 0, 0, 0, 0, 0, 0, 0, 0, 0, 0, 0, 0, 0, 0, 0, 0, 0.0, 0.0, 0.0, 0.02, 0, 0, 0, 0, 0, 0, 0, 0, 0, 0, 0, 0, 0, 0, 0, 0, 0, 外功攻击+57  会心率+2%, 0, 0, 0, 0, 0, 0, , 0, 
480301, 神刀套装3-1, 0, 0, 0, 0, 0, 0, 0, 0, 0, 0, 0, 23, 0, 0, 18, 0, 0, 0, 0, 0, 0, 0, 0, 0.0, 0.065, 0.0, 0.0, 0, 0, 0, 0, 0, 0, 0, 0, 0, 0, 0, 0, 0, 0, 0, 0, 0, 命中率+6.5%  力道+23  洞察+18, 0, 0, 0, 0, 0, 0, , 0, 
480302, 神刀套装3-2, 0, 0, 0, 0, 0, 62, 0, 0, 0, 0, 0, 0, 0, 0, 0, 0, 0, 0, 0, 0, 0, 0, 0, 0.0, 0.0, 0.0, 0.04, 0, 0, 0, 0, 0, 0, 0, 0, 0, 0, 0, 0, 0, 0, 0, 0, 0, 外功攻击+62  会心率+4%, 0, 0, 0, 0, 0, 0, , 0, 
480401, 神刀套装4-2, 0, 0, 0, 0, 0, 0, 0, 0, 0, 0, 0, 27, 0, 0, 21, 0, 0, 0, 0, 0, 0, 0, 0, 0.0, 0.065, 0.0, 0.0, 0, 0, 0, 0, 0, 0, 0, 0, 0, 0, 0, 0, 0, 0, 0, 0, 0, 命中率+6.5%  力道+27  洞察+21, 0, 0, 0, 0, 0, 0, , 0, 
480402, 神刀套装4-1, 0, 0, 0, 0, 0, 69, 0, 0, 0, 0, 0, 0, 0, 0, 0, 0, 0, 0, 0, 0, 0, 0, 0, 0.0, 0.0, 0.0, 0.055, 0, 0, 0, 0, 0, 0, 0, 0, 0, 0, 0, 0, 0, 0, 0, 0, 0, 外功攻击+69  会心率+5.5%, 0, 0, 0, 0, 0, 0, , 0, 
800101, 通用PVE套装1-1, 0, 0, 0, 0, 0, 0, 0, 0, 0, 0, 0, 0, 0, 0, 0, 0, 0, 0, 0, 0, 0, 0, 0, 0.0, 0.0, 0.0, 0.0, 1017370378, 0, 0, 0, 0, 0, 0, 0, 0, 0, 0, 5, 0, 0, 0, 0, 0, 破伤等级+5  会心伤害+2%, 0, 0, 0, 0, 0, 0, , 0, 
800102, 通用PVE套装1-2, 0, 0, 0, 0, 0, 0, 0, 0, 0, 0, 0, 0, 0, 0, 0, 0, 0, 0, 500, 0, 0, 0, 0, 0.0, 0.0, 0.0, 0.01, 0, 0, 0, 0, 0, 0, 0, 0, 0, 0, 0, 5, 0, 0, 0, 0, 0, 破伤等级+5  气血上限增加500  会心率+1%, 0, 0, 0, 0, 0, 0, , 0, 
800201, 通用PVE套金装1-1, 0, 0, 0, 0, 0, 0, 0, 0, 0, 0, 0, 0, 0, 0, 0, 0, 0, 0, 0, 0, 0, 0, 0, 0.0, 0.0, 0.0, 0.0, 1022739087, 0, 0, 0, 0, 0, 0, 0, 0, 0, 0, 9, 0, 0, 0, 0, 0, 破伤等级+9  会心伤害+3%, 0, 0, 0, 0, 0, 0, , 0, 
800202, 通用PVE套金装1-2, 0, 0, 0, 0, 0, 0, 0, 0, 0, 0, 0, 0, 0, 0, 0, 0, 0, 0, 620, 0, 0, 0, 0, 0.0, 0.0, 0.0, 0.02, 0, 0, 0, 0, 0, 0, 0, 0, 0, 0, 0, 9, 0, 0, 0, 0, 0, 破伤等级+9  气血上限增加620  会心率+2%, 0, 0, 0, 0, 0, 0, , 0, 
800301, 通用PVE套金装2-2, 0, 0, 0, 0, 0, 0, 0, 0, 0, 0, 0, 0, 0, 0, 0, 0, 0, 0, 0, 0, 0, 0, 0, 0.0, 0.0, 0.0, 0.0, 1025758986, 0, 0, 0, 0, 0, 0, 0, 0, 0, 0, 15, 0, 0, 0, 0, 0, 破伤等级+15  会心伤害+4%, 0, 0, 0, 0, 0, 0, , 0, 
800302, 通用PVE套金装2-1, 0, 0, 0, 0, 0, 0, 0, 0, 0, 0, 0, 0, 0, 0, 0, 0, 0, 0, 750, 0, 0, 0, 0, 0.0, 0.0, 0.0, 0.03, 0, 0, 0, 0, 0, 0, 0, 0, 0, 0, 0, 15, 0, 0, 0, 0, 0, 破伤等级+15  气血上限增加750  会心率+3%, 0, 0, 0, 0, 0, 0, , 0, 
800401, 通用PVE套金装3-1, 0, 0, 0, 0, 0, 0, 0, 0, 0, 0, 0, 0, 0, 0, 0, 0, 0, 0, 0, 0, 0, 0, 0, 0.0, 0.0, 0.0, 0.0, 1028443341, 0, 0, 0, 0, 0, 0, 0, 0, 0, 0, 22, 0, 0, 0, 0, 0, 破伤等级+22  会心伤害+5%, 0, 0, 0, 0, 0, 0, , 0, 
800402, 通用PVE套金装3-2, 0, 0, 0, 0, 0, 0, 0, 0, 0, 0, 0, 0, 0, 0, 0, 0, 0, 0, 900, 0, 0, 0, 0, 0.0, 0.0, 0.0, 0.04, 0, 0, 0, 0, 0, 0, 0, 0, 0, 0, 0, 22, 0, 0, 0, 0, 0, 破伤等级+22  气血上限增加900  会心率+4%, 0, 0, 0, 0, 0, 0, , 0, 
800501, 通用PVE套金装4-2, 0, 0, 0, 0, 0, 0, 0, 0, 0, 0, 0, 0, 0, 0, 0, 0, 0, 0, 0, 0, 0, 0, 0, 0.0, 0.0, 0.0, 0.0, 1031127695, 0, 0, 0, 0, 0, 0, 0, 0, 0, 0, 30, 0, 0, 0, 0, 0, 破伤等级+30  会心伤害+6%, 0, 0, 0, 0, 0, 0, , 0, 
800502, 通用PVE套金装4-1, 0, 0, 0, 0, 0, 0, 0, 0, 0, 0, 0, 0, 0, 0, 0, 0, 0, 0, 1100, 0, 0, 0, 0, 0.0, 0.0, 0.0, 0.05, 0, 0, 0, 0, 0, 0, 0, 0, 0, 0, 0, 30, 0, 0, 0, 0, 0, 破伤等级+30  气血上限增加1100  会心率+5%, 0, 0, 0, 0, 0, 0, , 0, 
800601, 通用PVE套金装5-1, 0, 0, 0, 0, 0, 0, 0, 0, 0, 0, 0, 0, 0, 0, 0, 0, 0, 0, 0, 0, 0, 0, 0, 0.0, 0.0, 0.0, 0.0, 1032805417, 0, 0, 0, 0, 0, 0, 0, 0, 0, 0, 45, 0, 0, 0, 0, 0, 破伤等级+45  会心伤害+7%, 0, 0, 0, 0, 0, 0, , 0, 
800602, 通用PVE套金装5-2, 0, 0, 0, 0, 0, 0, 0, 0, 0, 0, 0, 0, 0, 0, 0, 0, 0, 0, 1300, 0, 0, 0, 0, 0.0, 0.0, 0.0, 0.06, 0, 0, 0, 0, 0, 0, 0, 0, 0, 0, 0, 0, 0, 0, 0, 0, 0, 气血上限增加1300  会心率+6%, 0, 0, 0, 0, 0, 0, , 0, 
801401, 太白PVET4-1, 0, 0, 0, 0, 0, 0, 0, 0, 0, 0, 0, 0, 0, 0, 0, 0, 0, 0, 0, 0, 0, 0, 0, 0.0, 0.0, 0.0, 0.0, 1032805417, 0, 0, 0, 0, 0, 0, 0, 0, 0, 0, 45, 0, 0, 0, 0, 0, 破伤等级+45  会心伤害+7%, 0, 0, 0, 0, 0, 0, , 0, 
802401, 神威PVET4-1, 0, 0, 0, 0, 0, 0, 0, 0, 0, 0, 0, 0, 0, 0, 0, 0, 0, 0, 0, 0, 0, 0, 0, 0.0, 0.0, 0.0, 0.0, 1032805417, 0, 0, 0, 0, 0, 0, 0, 0, 0, 0, 45, 0, 0, 0, 0, 0, 破伤等级+45  会心伤害+7%, 0, 0, 0, 0, 0, 0, , 0, 
803401, 丐帮PVET4-1, 0, 0, 0, 0, 0, 0, 0, 0, 0, 0, 0, 0, 0, 0, 0, 0, 0, 0, 0, 0, 0, 0, 0, 0.0, 0.0, 0.0, 0.0, 1032805417, 0, 0, 0, 0, 0, 0, 0, 0, 0, 0, 45, 0, 0, 0, 0, 0, 破伤等级+45  会心伤害+7%, 0, 0, 0, 0, 0, 0, , 0, 
804401, 唐门PVET4-1, 0, 0, 0, 0, 0, 0, 0, 0, 0, 0, 0, 0, 0, 0, 0, 0, 0, 0, 0, 0, 0, 0, 0, 0.0, 0.0, 0.0, 0.0, 1032805417, 0, 0, 0, 0, 0, 0, 0, 0, 0, 0, 45, 0, 0, 0, 0, 0, 破伤等级+45  会心伤害+7%, 0, 0, 0, 0, 0, 0, , 0, 
805401, 真武PVET4-1, 0, 0, 0, 0, 0, 0, 0, 0, 0, 0, 0, 0, 0, 0, 0, 0, 0, 0, 0, 0, 0, 0, 0, 0.0, 0.0, 0.0, 0.0, 1032805417, 0, 0, 0, 0, 0, 0, 0, 0, 0, 0, 45, 0, 0, 0, 0, 0, 破伤等级+45  会心伤害+7%, 0, 0, 0, 0, 0, 0, , 0, 
806401, 天香PVET4-1, 0, 0, 0, 0, 0, 0, 0, 0, 0, 0, 0, 0, 0, 0, 0, 0, 0, 0, 0, 0, 0, 0, 0, 0.0, 0.0, 0.0, 0.0, 1032805417, 0, 0, 0, 0, 0, 0, 0, 0, 0, 0, 45, 0, 0, 0, 0, 0, 破伤等级+45  会心伤害+7%, 0, 0, 0, 0, 0, 0, , 0, 
807401, 五毒PVET4-1, 0, 0, 0, 0, 0, 0, 0, 0, 0, 0, 0, 0, 0, 0, 0, 0, 0, 0, 0, 0, 0, 0, 0, 0.0, 0.0, 0.0, 0.0, 1032805417, 0, 0, 0, 0, 0, 0, 0, 0, 0, 0, 45, 0, 0, 0, 0, 0, 破伤等级+45  会心伤害+7%, 0, 0, 0, 0, 0, 0, , 0, 
808401, 神刀PVET4-1, 0, 0, 0, 0, 0, 0, 0, 0, 0, 0, 0, 0, 0, 0, 0, 0, 0, 0, 0, 0, 0, 0, 0, 0.0, 0.0, 0.0, 0.0, 1032805417, 0, 0, 0, 0, 0, 0, 0, 0, 0, 0, 45, 0, 0, 0, 0, 0, 破伤等级+45  会心伤害+7%, 0, 0, 0, 0, 0, 0, , 0, 
801402, 太白PVET4-2, 0, 0, 0, 0, 0, 57, 0, 0, 0, 0, 0, 0, 0, 0, 0, 0, 0, 0, 0, 0, 0, 0, 0, 0.0, 0.0, 0.0, 0.06, 0, 0, 0, 0, 0, 0, 0, 0, 0, 0, 0, 45, 0, 0, 0, 0, 0, 破伤等级+45  外功攻击+57  会心率+6%, 0, 0, 0, 0, 0, 0, , 0, 
802402, 神威PVET4-2, 0, 0, 0, 0, 0, 0, 0, 0, 0, 0, 0, 0, 0, 0, 0, 0, 0, 0, 1600, 0, 0, 0, 0, 0.0, 0.0, 0.0, 0.06, 0, 0, 0, 0, 0, 0, 0, 0, 0, 0, 0, 45, 0, 0, 0, 0, 0, 破伤等级+45  气血+1600  会心率+6%, 0, 0, 0, 0, 0, 0, , 0, 
803402, 丐帮PVET4-2, 0, 0, 0, 0, 0, 86, 0, 0, 0, 0, 0, 0, 0, 0, 0, 0, 0, 0, 1600, 0, 0, 0, 0, 0.0, 0.0, 0.0, 0.0, 0, 0, 0, 0, 0, 0, 0, 0, 0, 0, 0, 45, 0, 0, 0, 0, 0, 破伤等级+45  外功攻击+86  气血+1600, 0, 0, 0, 0, 0, 0, , 0, 
804402, 唐门PVET4-2, 0, 0, 0, 0, 0, 57, 0, 0, 0, 0, 0, 0, 0, 0, 0, 0, 0, 0, 0, 0, 0, 0, 0, 0.0, 0.0, 0.0, 0.06, 0, 0, 0, 0, 0, 0, 0, 0, 0, 0, 0, 45, 0, 0, 0, 0, 0, 破伤等级+45  外功攻击+57  会心率+6%, 0, 0, 0, 0, 0, 0, , 0, 
805402, 真武PVET4-2, 0, 0, 0, 0, 0, 0, 45, 0, 0, 0, 0, 0, 0, 0, 0, 0, 0, 0, 0, 0, 0, 0, 0, 0.0, 0.0, 0.0, 0.06, 0, 0, 0, 0, 0, 0, 0, 0, 0, 0, 0, 45, 0, 0, 0, 0, 0, 破伤等级+45  内功攻击+45  会心率+6%, 0, 0, 0, 0, 0, 0, , 0, 
806402, 天香PVET4-2, 0, 0, 0, 0, 0, 0, 67, 0, 0, 0, 0, 0, 0, 0, 0, 0, 0, 0, 1600, 0, 0, 0, 0, 0.0, 0.0, 0.0, 0.0, 0, 0, 0, 0, 0, 0, 0, 0, 0, 0, 0, 45, 0, 0, 0, 0, 0, 破伤等级+45  内功攻击+67  气血+1600, 0, 0, 0, 0, 0, 0, , 0, 
807402, 五毒PVET4-2, 0, 0, 0, 0, 0, 71, 56, 0, 0, 0, 0, 0, 0, 0, 0, 0, 0, 0, 0, 0, 0, 0, 0, 0.0, 0.0, 0.0, 0.0, 0, 0, 0, 0, 0, 0, 0, 0, 0, 0, 0, 45, 0, 0, 0, 0, 0, 破伤等级+45  外功攻击+71  内功攻击+56, 0, 0, 0, 0, 0, 0, , 0, 
808402, 神刀PVET4-2, 0, 0, 0, 0, 0, 57, 0, 0, 0, 0, 0, 0, 0, 0, 0, 0, 0, 0, 0, 0, 0, 0, 0, 0.0, 0.0, 0.0, 0.06, 0, 0, 0, 0, 0, 0, 0, 0, 0, 0, 0, 45, 0, 0, 0, 0, 0, 破伤等级+45  外功攻击+57  会心率+6%, 0, 0, 0, 0, 0, 0, , 0, 
801101, 史诗装技能, 0, 0, 0, 0, 0, 0, 0, 0, 0, 0, 0, 0, 0, 0, 0, 0, 0, 0, 0, 0, 0, 0, 0, 0.0, 0.0, 0.0, 0.0, 0, 0, 0, 0, 0, 0, 0, 0, 0, 0, 0, 0, 0, 0, 0, 0, 0, 习得武学《天焰之灼》  1级, 0, 0, 0, 0, 0, 0, 2500400, 0, 
610501, 太白套装5-1, 0, 0, 0, 0, 0, 0, 0, 0, 0, 0, 0, 0, 0, 0, 27, 27, 0, 0, 0, 0, 0, 0, 0, 0.0, 0.075, 0.0, 0.0, 0, 0, 0, 0, 0, 0, 0, 0, 0, 0, 0, 0, 0, 0, 0, 0, 0, 命中率+7.5%  洞察+27  身法+27  , 0, 0, 0, 0, 0, 0, , 0, 
610601, 太白套装6-2, 0, 0, 0, 0, 0, 0, 0, 0, 0, 0, 0, 0, 0, 0, 31, 31, 0, 0, 0, 0, 0, 0, 0, 0.0, 0.085, 0.0, 0.0, 0, 0, 0, 0, 0, 0, 0, 0, 0, 0, 0, 0, 0, 0, 0, 0, 0, 命中率+8.5%  洞察+31  身法+31  , 0, 0, 0, 0, 0, 0, , 0, 
620501, 神威套装5-1, 0, 0, 0, 0, 0, 0, 0, 0, 0, 0, 0, 30, 0, 24, 0, 0, 0, 0, 0, 0, 0, 0, 0, 0.0, 0.075, 0.0, 0.0, 0, 0, 0, 0, 0, 0, 0, 0, 0, 0, 0, 0, 0, 0, 0, 0, 0, 命中率+7.5%  力道+30  根骨+24  , 0, 0, 0, 0, 0, 0, , 0, 
620601, 神威套装6-2, 0, 0, 0, 0, 0, 0, 0, 0, 0, 0, 0, 35, 0, 27, 0, 0, 0, 0, 0, 0, 0, 0, 0, 0.0, 0.085, 0.0, 0.0, 0, 0, 0, 0, 0, 0, 0, 0, 0, 0, 0, 0, 0, 0, 0, 0, 0, 命中率+8.5%  力道+35  根骨+27  , 0, 0, 0, 0, 0, 0, , 0, 
630501, 丐帮套装5-1, 0, 0, 0, 0, 0, 0, 0, 0, 0, 0, 0, 24, 0, 0, 0, 30, 0, 0, 0, 0, 0, 0, 0, 0.0, 0.075, 0.0, 0.0, 0, 0, 0, 0, 0, 0, 0, 0, 0, 0, 0, 0, 0, 0, 0, 0, 0, 命中率+7.5%  力道+24  身法+30  , 0, 0, 0, 0, 0, 0, , 0, 
630601, 丐帮套装6-2, 0, 0, 0, 0, 0, 0, 0, 0, 0, 0, 0, 27, 0, 0, 0, 35, 0, 0, 0, 0, 0, 0, 0, 0.0, 0.085, 0.0, 0.0, 0, 0, 0, 0, 0, 0, 0, 0, 0, 0, 0, 0, 0, 0, 0, 0, 0, 命中率+8.5%  力道+27  身法+35  , 0, 0, 0, 0, 0, 0, , 0, 
640501, 唐门套装5-1, 0, 0, 0, 0, 0, 0, 0, 0, 0, 0, 0, 21, 0, 0, 33, 0, 0, 0, 0, 0, 0, 0, 0, 0.0, 0.075, 0.0, 0.0, 0, 0, 0, 0, 0, 0, 0, 0, 0, 0, 0, 0, 0, 0, 0, 0, 0, 命中率+7.5%  力道+21  洞察+33  , 0, 0, 0, 0, 0, 0, , 0, 
640601, 唐门套装6-2, 0, 0, 0, 0, 0, 0, 0, 0, 0, 0, 0, 24, 0, 0, 38, 0, 0, 0, 0, 0, 0, 0, 0, 0.0, 0.085, 0.0, 0.0, 0, 0, 0, 0, 0, 0, 0, 0, 0, 0, 0, 0, 0, 0, 0, 0, 0, 命中率+8.5%  力道+24  洞察+38  , 0, 0, 0, 0, 0, 0, , 0, 
650501, 真武套装5-1, 0, 0, 0, 0, 0, 0, 0, 0, 0, 0, 0, 0, 33, 21, 0, 0, 0, 0, 0, 0, 0, 0, 0, 0.0, 0.075, 0.0, 0.0, 0, 0, 0, 0, 0, 0, 0, 0, 0, 0, 0, 0, 0, 0, 0, 0, 0, 命中率+7.5%  气劲+33  根骨+21  , 0, 0, 0, 0, 0, 0, , 0, 
650601, 真武套装6-2, 0, 0, 0, 0, 0, 0, 0, 0, 0, 0, 0, 0, 38, 24, 0, 0, 0, 0, 0, 0, 0, 0, 0, 0.0, 0.085, 0.0, 0.0, 0, 0, 0, 0, 0, 0, 0, 0, 0, 0, 0, 0, 0, 0, 0, 0, 0, 命中率+8.5%  气劲+38  根骨+24  , 0, 0, 0, 0, 0, 0, , 0, 
660501, 天香套装5-1, 0, 0, 0, 0, 0, 0, 0, 0, 0, 0, 0, 0, 33, 0, 0, 21, 0, 0, 0, 0, 0, 0, 0, 0.0, 0.075, 0.0, 0.0, 0, 0, 0, 0, 0, 0, 0, 0, 0, 0, 0, 0, 0, 0, 0, 0, 0, 命中率+7.5%  气劲+33  身法+21  , 0, 0, 0, 0, 0, 0, , 0, 
660601, 天香套装6-2, 0, 0, 0, 0, 0, 0, 0, 0, 0, 0, 0, 0, 38, 0, 0, 24, 0, 0, 0, 0, 0, 0, 0, 0.0, 0.085, 0.0, 0.0, 0, 0, 0, 0, 0, 0, 0, 0, 0, 0, 0, 0, 0, 0, 0, 0, 0, 命中率+8.5%  气劲+38  身法+24  , 0, 0, 0, 0, 0, 0, , 0, 
670501, 五毒套装5-1, 0, 0, 0, 0, 0, 0, 0, 0, 0, 0, 0, 0, 0, 0, 24, 30, 0, 0, 0, 0, 0, 0, 0, 0.0, 0.075, 0.0, 0.0, 0, 0, 0, 0, 0, 0, 0, 0, 0, 0, 0, 0, 0, 0, 0, 0, 0, 命中率+7.5%  洞察+24  身法+30, 0, 0, 0, 0, 0, 0, , 0, 
670601, 五毒套装6-2, 0, 0, 0, 0, 0, 0, 0, 0, 0, 0, 0, 0, 0, 0, 27, 35, 0, 0, 0, 0, 0, 0, 0, 0.0, 0.085, 0.0, 0.0, 0, 0, 0, 0, 0, 0, 0, 0, 0, 0, 0, 0, 0, 0, 0, 0, 0, 命中率+8.5%  洞察+27  身法+35  , 0, 0, 0, 0, 0, 0, , 0, 
680501, 神刀套装5-1, 0, 0, 0, 0, 0, 0, 0, 0, 0, 0, 0, 30, 0, 0, 24, 0, 0, 0, 0, 0, 0, 0, 0, 0.0, 0.075, 0.0, 0.0, 0, 0, 0, 0, 0, 0, 0, 0, 0, 0, 0, 0, 0, 0, 0, 0, 0, 命中率+7.5%  力道+30  洞察+24  , 0, 0, 0, 0, 0, 0, , 0, 
680601, 神刀套装6-2, 0, 0, 0, 0, 0, 0, 0, 0, 0, 0, 0, 35, 0, 0, 27, 0, 0, 0, 0, 0, 0, 0, 0, 0.0, 0.085, 0.0, 0.0, 0, 0, 0, 0, 0, 0, 0, 0, 0, 0, 0, 0, 0, 0, 0, 0, 0, 命中率+8.5%  力道+35  洞察+27  , 0, 0, 0, 0, 0, 0, , 0, 
610502, 太白套装5-2, 0, 0, 0, 0, 0, 76, 0, 0, 0, 0, 0, 0, 0, 0, 0, 0, 0, 0, 0, 0, 0, 0, 0, 0.0, 0.0, 0.0, 0.06, 0, 0, 0, 0, 0, 0, 0, 0, 0, 0, 0, 0, 0, 0, 0, 0, 0, 外功攻击+76  会心率+6%, 0, 0, 0, 0, 0, 0, , 0, 
610602, 太白套装6-1, 0, 0, 0, 0, 0, 83, 0, 0, 0, 0, 0, 0, 0, 0, 0, 0, 0, 0, 0, 0, 0, 0, 0, 0.0, 0.0, 0.0, 0.065, 0, 0, 0, 0, 0, 0, 0, 0, 0, 0, 0, 0, 0, 0, 0, 0, 0, 外功攻击+83  会心率+6.5%, 0, 0, 0, 0, 0, 0, , 0, 
620502, 神威套装5-2, 0, 0, 0, 0, 0, 76, 0, 0, 0, 0, 0, 0, 0, 0, 0, 0, 0, 0, 0, 0, 0, 0, 0, 0.0, 0.0, 0.0, 0.06, 0, 0, 0, 0, 0, 0, 0, 0, 0, 0, 0, 0, 0, 0, 0, 0, 0, 外功攻击+76  会心率+6%, 0, 0, 0, 0, 0, 0, , 0, 
620602, 神威套装6-1, 0, 0, 0, 0, 0, 83, 0, 0, 0, 0, 0, 0, 0, 0, 0, 0, 0, 0, 0, 0, 0, 0, 0, 0.0, 0.0, 0.0, 0.065, 0, 0, 0, 0, 0, 0, 0, 0, 0, 0, 0, 0, 0, 0, 0, 0, 0, 外功攻击+83  会心率+6.5%, 0, 0, 0, 0, 0, 0, , 0, 
630502, 丐帮套装5-2, 0, 0, 0, 0, 0, 76, 0, 0, 0, 0, 0, 0, 0, 0, 0, 0, 0, 0, 0, 0, 0, 0, 0, 0.0, 0.0, 0.0, 0.06, 0, 0, 0, 0, 0, 0, 0, 0, 0, 0, 0, 0, 0, 0, 0, 0, 0, 外功攻击+76  会心率+6%, 0, 0, 0, 0, 0, 0, , 0, 
630602, 丐帮套装6-1, 0, 0, 0, 0, 0, 83, 0, 0, 0, 0, 0, 0, 0, 0, 0, 0, 0, 0, 0, 0, 0, 0, 0, 0.0, 0.0, 0.0, 0.065, 0, 0, 0, 0, 0, 0, 0, 0, 0, 0, 0, 0, 0, 0, 0, 0, 0, 外功攻击+83  会心率+6.5%, 0, 0, 0, 0, 0, 0, , 0, 
640502, 唐门套装5-2, 0, 0, 0, 0, 0, 76, 0, 0, 0, 0, 0, 0, 0, 0, 0, 0, 0, 0, 0, 0, 0, 0, 0, 0.0, 0.0, 0.0, 0.06, 0, 0, 0, 0, 0, 0, 0, 0, 0, 0, 0, 0, 0, 0, 0, 0, 0, 外功攻击+76  会心率+6%, 0, 0, 0, 0, 0, 0, , 0, 
640602, 唐门套装6-1, 0, 0, 0, 0, 0, 83, 0, 0, 0, 0, 0, 0, 0, 0, 0, 0, 0, 0, 0, 0, 0, 0, 0, 0.0, 0.0, 0.0, 0.065, 0, 0, 0, 0, 0, 0, 0, 0, 0, 0, 0, 0, 0, 0, 0, 0, 0, 外功攻击+83  会心率+6.5%, 0, 0, 0, 0, 0, 0, , 0, 
650502, 真武套装5-2, 0, 0, 0, 0, 0, 76, 0, 0, 0, 0, 0, 0, 0, 0, 0, 0, 0, 0, 0, 0, 0, 0, 0, 0.0, 0.0, 0.0, 0.06, 0, 0, 0, 0, 0, 0, 0, 0, 0, 0, 0, 0, 0, 0, 0, 0, 0, 外功攻击+76  会心率+6%, 0, 0, 0, 0, 0, 0, , 0, 
650602, 真武套装6-1, 0, 0, 0, 0, 0, 83, 0, 0, 0, 0, 0, 0, 0, 0, 0, 0, 0, 0, 0, 0, 0, 0, 0, 0.0, 0.0, 0.0, 0.065, 0, 0, 0, 0, 0, 0, 0, 0, 0, 0, 0, 0, 0, 0, 0, 0, 0, 外功攻击+83  会心率+6.5%, 0, 0, 0, 0, 0, 0, , 0, 
660502, 天香套装5-2, 0, 0, 0, 0, 0, 76, 0, 0, 0, 0, 0, 0, 0, 0, 0, 0, 0, 0, 0, 0, 0, 0, 0, 0.0, 0.0, 0.0, 0.06, 0, 0, 0, 0, 0, 0, 0, 0, 0, 0, 0, 0, 0, 0, 0, 0, 0, 外功攻击+76  会心率+6%, 0, 0, 0, 0, 0, 0, , 0, 
660602, 天香套装6-1, 0, 0, 0, 0, 0, 83, 0, 0, 0, 0, 0, 0, 0, 0, 0, 0, 0, 0, 0, 0, 0, 0, 0, 0.0, 0.0, 0.0, 0.065, 0, 0, 0, 0, 0, 0, 0, 0, 0, 0, 0, 0, 0, 0, 0, 0, 0, 外功攻击+83  会心率+6.5%, 0, 0, 0, 0, 0, 0, , 0, 
670502, 五毒套装5-2, 0, 0, 0, 0, 0, 76, 0, 0, 0, 0, 0, 0, 0, 0, 0, 0, 0, 0, 0, 0, 0, 0, 0, 0.0, 0.0, 0.0, 0.06, 0, 0, 0, 0, 0, 0, 0, 0, 0, 0, 0, 0, 0, 0, 0, 0, 0, 外功攻击+76  会心率+6%, 0, 0, 0, 0, 0, 0, , 0, 
670602, 五毒套装6-1, 0, 0, 0, 0, 0, 83, 0, 0, 0, 0, 0, 0, 0, 0, 0, 0, 0, 0, 0, 0, 0, 0, 0, 0.0, 0.0, 0.0, 0.065, 0, 0, 0, 0, 0, 0, 0, 0, 0, 0, 0, 0, 0, 0, 0, 0, 0, 外功攻击+83  会心率+6.5%, 0, 0, 0, 0, 0, 0, , 0, 
680502, 神刀套装5-2, 0, 0, 0, 0, 0, 76, 0, 0, 0, 0, 0, 0, 0, 0, 0, 0, 0, 0, 0, 0, 0, 0, 0, 0.0, 0.0, 0.0, 0.06, 0, 0, 0, 0, 0, 0, 0, 0, 0, 0, 0, 0, 0, 0, 0, 0, 0, 外功攻击+76  会心率+6%, 0, 0, 0, 0, 0, 0, , 0, 
680608, 神刀套装6-1, 0, 0, 0, 0, 0, 83, 0, 0, 0, 0, 0, 0, 0, 0, 0, 0, 0, 0, 0, 0, 0, 0, 0, 0.0, 0.0, 0.0, 0.065, 0, 0, 0, 0, 0, 0, 0, 0, 0, 0, 0, 0, 0, 0, 0, 0, 0, 外功攻击+83  会心率+6.5%, 0, 0, 0, 0, 0, 0, , 0, 
801501, 太白PVET5-2, 0, 0, 0, 0, 0, 0, 0, 0, 0, 0, 0, 0, 0, 0, 0, 0, 0, 0, 0, 0, 0, 0, 0, 0.0, 0.0, 0.0, 0.0, 1034147594, 0, 0, 0, 0, 0, 0, 0, 0, 0, 0, 50, 0, 0, 0, 0, 0, 破伤等级+50  会心伤害+8%, 0, 0, 0, 0, 0, 0, , 0, 
802501, 神威PVET5-2, 0, 0, 0, 0, 0, 0, 0, 0, 0, 0, 0, 0, 0, 0, 0, 0, 0, 0, 0, 0, 0, 0, 0, 0.0, 0.0, 0.0, 0.0, 1034147594, 0, 0, 0, 0, 0, 0, 0, 0, 0, 0, 50, 0, 0, 0, 0, 0, 破伤等级+50  会心伤害+8%, 0, 0, 0, 0, 0, 0, , 0, 
803501, 丐帮PVET5-2, 0, 0, 0, 0, 0, 0, 0, 0, 0, 0, 0, 0, 0, 0, 0, 0, 0, 0, 0, 0, 0, 0, 0, 0.0, 0.0, 0.0, 0.0, 1034147594, 0, 0, 0, 0, 0, 0, 0, 0, 0, 0, 50, 0, 0, 0, 0, 0, 破伤等级+50  会心伤害+8%, 0, 0, 0, 0, 0, 0, , 0, 
804501, 唐门PVET5-2, 0, 0, 0, 0, 0, 0, 0, 0, 0, 0, 0, 0, 0, 0, 0, 0, 0, 0, 0, 0, 0, 0, 0, 0.0, 0.0, 0.0, 0.0, 1034147594, 0, 0, 0, 0, 0, 0, 0, 0, 0, 0, 50, 0, 0, 0, 0, 0, 破伤等级+50  会心伤害+8%, 0, 0, 0, 0, 0, 0, , 0, 
805501, 真武PVET5-2, 0, 0, 0, 0, 0, 0, 0, 0, 0, 0, 0, 0, 0, 0, 0, 0, 0, 0, 0, 0, 0, 0, 0, 0.0, 0.0, 0.0, 0.0, 1034147594, 0, 0, 0, 0, 0, 0, 0, 0, 0, 0, 50, 0, 0, 0, 0, 0, 破伤等级+50  会心伤害+8%, 0, 0, 0, 0, 0, 0, , 0, 
806501, 天香PVET5-2, 0, 0, 0, 0, 0, 0, 0, 0, 0, 0, 0, 0, 0, 0, 0, 0, 0, 0, 0, 0, 0, 0, 0, 0.0, 0.0, 0.0, 0.0, 1034147594, 0, 0, 0, 0, 0, 0, 0, 0, 0, 0, 50, 0, 0, 0, 0, 0, 破伤等级+50  会心伤害+8%, 0, 0, 0, 0, 0, 0, , 0, 
807501, 五毒PVET5-2, 0, 0, 0, 0, 0, 0, 0, 0, 0, 0, 0, 0, 0, 0, 0, 0, 0, 0, 0, 0, 0, 0, 0, 0.0, 0.0, 0.0, 0.0, 1034147594, 0, 0, 0, 0, 0, 0, 0, 0, 0, 0, 50, 0, 0, 0, 0, 0, 破伤等级+50  会心伤害+8%, 0, 0, 0, 0, 0, 0, , 0, 
808501, 神刀PVET5-2, 0, 0, 0, 0, 0, 0, 0, 0, 0, 0, 0, 0, 0, 0, 0, 0, 0, 0, 0, 0, 0, 0, 0, 0.0, 0.0, 0.0, 0.0, 1034147594, 0, 0, 0, 0, 0, 0, 0, 0, 0, 0, 50, 0, 0, 0, 0, 0, 破伤等级+50  会心伤害+8%, 0, 0, 0, 0, 0, 0, , 0, 
801601, 太白PVET6-1, 0, 0, 0, 0, 0, 0, 0, 0, 0, 0, 0, 0, 0, 0, 0, 0, 0, 0, 0, 0, 0, 0, 0, 0.0, 0.0, 0.0, 0.0, 1035489772, 0, 0, 0, 0, 0, 0, 0, 0, 0, 0, 55, 0, 0, 0, 0, 0, 破伤等级+55  会心伤害+9%, 0, 0, 0, 0, 0, 0, , 0, 
802601, 神威PVET6-1, 0, 0, 0, 0, 0, 0, 0, 0, 0, 0, 0, 0, 0, 0, 0, 0, 0, 0, 0, 0, 0, 0, 0, 0.0, 0.0, 0.0, 0.0, 1035489772, 0, 0, 0, 0, 0, 0, 0, 0, 0, 0, 55, 0, 0, 0, 0, 0, 破伤等级+55  会心伤害+9%, 0, 0, 0, 0, 0, 0, , 0, 
803601, 丐帮PVET6-1, 0, 0, 0, 0, 0, 0, 0, 0, 0, 0, 0, 0, 0, 0, 0, 0, 0, 0, 0, 0, 0, 0, 0, 0.0, 0.0, 0.0, 0.0, 1035489772, 0, 0, 0, 0, 0, 0, 0, 0, 0, 0, 55, 0, 0, 0, 0, 0, 破伤等级+55  会心伤害+9%, 0, 0, 0, 0, 0, 0, , 0, 
804601, 唐门PVET6-1, 0, 0, 0, 0, 0, 0, 0, 0, 0, 0, 0, 0, 0, 0, 0, 0, 0, 0, 0, 0, 0, 0, 0, 0.0, 0.0, 0.0, 0.0, 1035489772, 0, 0, 0, 0, 0, 0, 0, 0, 0, 0, 55, 0, 0, 0, 0, 0, 破伤等级+55  会心伤害+9%, 0, 0, 0, 0, 0, 0, , 0, 
805601, 真武PVET6-1, 0, 0, 0, 0, 0, 0, 0, 0, 0, 0, 0, 0, 0, 0, 0, 0, 0, 0, 0, 0, 0, 0, 0, 0.0, 0.0, 0.0, 0.0, 1035489772, 0, 0, 0, 0, 0, 0, 0, 0, 0, 0, 55, 0, 0, 0, 0, 0, 破伤等级+55  会心伤害+9%, 0, 0, 0, 0, 0, 0, , 0, 
806601, 天香PVET6-1, 0, 0, 0, 0, 0, 0, 0, 0, 0, 0, 0, 0, 0, 0, 0, 0, 0, 0, 0, 0, 0, 0, 0, 0.0, 0.0, 0.0, 0.0, 1035489772, 0, 0, 0, 0, 0, 0, 0, 0, 0, 0, 55, 0, 0, 0, 0, 0, 破伤等级+55  会心伤害+9%, 0, 0, 0, 0, 0, 0, , 0, 
807601, 五毒PVET6-1, 0, 0, 0, 0, 0, 0, 0, 0, 0, 0, 0, 0, 0, 0, 0, 0, 0, 0, 0, 0, 0, 0, 0, 0.0, 0.0, 0.0, 0.0, 1035489772, 0, 0, 0, 0, 0, 0, 0, 0, 0, 0, 55, 0, 0, 0, 0, 0, 破伤等级+55  会心伤害+9%, 0, 0, 0, 0, 0, 0, , 0, 
808601, 神刀PVET6-1, 0, 0, 0, 0, 0, 0, 0, 0, 0, 0, 0, 0, 0, 0, 0, 0, 0, 0, 0, 0, 0, 0, 0, 0.0, 0.0, 0.0, 0.0, 1035489772, 0, 0, 0, 0, 0, 0, 0, 0, 0, 0, 55, 0, 0, 0, 0, 0, 破伤等级+55  会心伤害+9%, 0, 0, 0, 0, 0, 0, , 0, 
801502, 太白PVET5-1, 0, 0, 0, 0, 0, 72, 0, 0, 0, 0, 0, 0, 0, 0, 0, 0, 0, 0, 0, 0, 0, 0, 0, 0.0, 0.0, 0.0, 0.07, 0, 0, 0, 0, 0, 0, 0, 0, 0, 0, 0, 50, 0, 0, 0, 0, 0, 破伤等级+50  外功攻击+72  会心率+7%, 0, 0, 0, 0, 0, 0, , 0, 
802502, 神威PVET5-1, 0, 0, 0, 0, 0, 0, 0, 0, 0, 0, 0, 0, 0, 0, 0, 0, 0, 0, 2000, 0, 0, 0, 0, 0.0, 0.0, 0.0, 0.07, 0, 0, 0, 0, 0, 0, 0, 0, 0, 0, 0, 50, 0, 0, 0, 0, 0, 破伤等级+50  气血+2000  会心率+7%, 0, 0, 0, 0, 0, 0, , 0, 
803502, 丐帮PVET5-1, 0, 0, 0, 0, 0, 100, 0, 0, 0, 0, 0, 0, 0, 0, 0, 0, 0, 0, 2000, 0, 0, 0, 0, 0.0, 0.0, 0.0, 0.0, 0, 0, 0, 0, 0, 0, 0, 0, 0, 0, 0, 50, 0, 0, 0, 0, 0, 破伤等级+50  外功攻击+100  气血+2000, 0, 0, 0, 0, 0, 0, , 0, 
804502, 唐门PVET5-1, 0, 0, 0, 0, 0, 72, 0, 0, 0, 0, 0, 0, 0, 0, 0, 0, 0, 0, 0, 0, 0, 0, 0, 0.0, 0.0, 0.0, 0.07, 0, 0, 0, 0, 0, 0, 0, 0, 0, 0, 0, 50, 0, 0, 0, 0, 0, 破伤等级+50  外功攻击+72  会心率+7%, 0, 0, 0, 0, 0, 0, , 0, 
805502, 真武PVET5-1, 0, 0, 0, 0, 0, 0, 56, 0, 0, 0, 0, 0, 0, 0, 0, 0, 0, 0, 0, 0, 0, 0, 0, 0.0, 0.0, 0.0, 0.07, 0, 0, 0, 0, 0, 0, 0, 0, 0, 0, 0, 50, 0, 0, 0, 0, 0, 破伤等级+50  内功攻击+56  会心率+7%, 0, 0, 0, 0, 0, 0, , 0, 
806502, 天香PVET5-1, 0, 0, 0, 0, 0, 0, 78, 0, 0, 0, 0, 0, 0, 0, 0, 0, 0, 0, 2000, 0, 0, 0, 0, 0.0, 0.0, 0.0, 0.0, 0, 0, 0, 0, 0, 0, 0, 0, 0, 0, 0, 50, 0, 0, 0, 0, 0, 破伤等级+50  内功攻击+78  气血+2000, 0, 0, 0, 0, 0, 0, , 0, 
807502, 五毒PVET5-1, 0, 0, 0, 0, 0, 85, 67, 0, 0, 0, 0, 0, 0, 0, 0, 0, 0, 0, 0, 0, 0, 0, 0, 0.0, 0.0, 0.0, 0.0, 0, 0, 0, 0, 0, 0, 0, 0, 0, 0, 0, 50, 0, 0, 0, 0, 0, 破伤等级+50  外功攻击+85  内功攻击+67, 0, 0, 0, 0, 0, 0, , 0, 
808502, 神刀PVET5-1, 0, 0, 0, 0, 0, 72, 0, 0, 0, 0, 0, 0, 0, 0, 0, 0, 0, 0, 0, 0, 0, 0, 0, 0.0, 0.0, 0.0, 0.07, 0, 0, 0, 0, 0, 0, 0, 0, 0, 0, 0, 50, 0, 0, 0, 0, 0, 破伤等级+50  外功攻击+72  会心率+7%, 0, 0, 0, 0, 0, 0, , 0, 
801602, 太白PVET6-2, 0, 0, 0, 0, 0, 86, 0, 0, 0, 0, 0, 0, 0, 0, 0, 0, 0, 0, 0, 0, 0, 0, 0, 0.0, 0.0, 0.0, 0.08, 0, 0, 0, 0, 0, 0, 0, 0, 0, 0, 0, 55, 0, 0, 0, 0, 0, 破伤等级+55  外功攻击+86  会心率+8%, 0, 0, 0, 0, 0, 0, , 0, 
802602, 神威PVET6-2, 0, 0, 0, 0, 0, 0, 0, 0, 0, 0, 0, 0, 0, 0, 0, 0, 0, 0, 2400, 0, 0, 0, 0, 0.0, 0.0, 0.0, 0.08, 0, 0, 0, 0, 0, 0, 0, 0, 0, 0, 0, 55, 0, 0, 0, 0, 0, 破伤等级+55  气血+2400  会心率+8%, 0, 0, 0, 0, 0, 0, , 0, 
803602, 丐帮PVET6-2, 0, 0, 0, 0, 0, 114, 0, 0, 0, 0, 0, 0, 0, 0, 0, 0, 0, 0, 2400, 0, 0, 0, 0, 0.0, 0.0, 0.0, 0.0, 0, 0, 0, 0, 0, 0, 0, 0, 0, 0, 0, 55, 0, 0, 0, 0, 0, 破伤等级+55  外功攻击+114  气血+2400, 0, 0, 0, 0, 0, 0, , 0, 
804602, 唐门PVET6-2, 0, 0, 0, 0, 0, 86, 0, 0, 0, 0, 0, 0, 0, 0, 0, 0, 0, 0, 0, 0, 0, 0, 0, 0.0, 0.0, 0.0, 0.08, 0, 0, 0, 0, 0, 0, 0, 0, 0, 0, 0, 55, 0, 0, 0, 0, 0, 破伤等级+55  外功攻击+86  会心率+8%, 0, 0, 0, 0, 0, 0, , 0, 
805602, 真武PVET6-2, 0, 0, 0, 0, 0, 0, 67, 0, 0, 0, 0, 0, 0, 0, 0, 0, 0, 0, 0, 0, 0, 0, 0, 0.0, 0.0, 0.0, 0.08, 0, 0, 0, 0, 0, 0, 0, 0, 0, 0, 0, 55, 0, 0, 0, 0, 0, 破伤等级+55  内功攻击+67  会心率+8%, 0, 0, 0, 0, 0, 0, , 0, 
806602, 天香PVET6-2, 0, 0, 0, 0, 0, 0, 89, 0, 0, 0, 0, 0, 0, 0, 0, 0, 0, 0, 2400, 0, 0, 0, 0, 0.0, 0.0, 0.0, 0.0, 0, 0, 0, 0, 0, 0, 0, 0, 0, 0, 0, 55, 0, 0, 0, 0, 0, 破伤等级+55  内功攻击+89  气血+2400, 0, 0, 0, 0, 0, 0, , 0, 
807602, 五毒PVET6-2, 0, 0, 0, 0, 0, 100, 78, 0, 0, 0, 0, 0, 0, 0, 0, 0, 0, 0, 0, 0, 0, 0, 0, 0.0, 0.0, 0.0, 0.0, 0, 0, 0, 0, 0, 0, 0, 0, 0, 0, 0, 55, 0, 0, 0, 0, 0, 破伤等级+55  外功攻击+100  内功攻击+78, 0, 0, 0, 0, 0, 0, , 0, 
808602, 神刀PVET6-2, 0, 0, 0, 0, 0, 86, 0, 0, 0, 0, 0, 0, 0, 0, 0, 0, 0, 0, 0, 0, 0, 0, 0, 0.0, 0.0, 0.0, 0.08, 0, 0, 0, 0, 0, 0, 0, 0, 0, 0, 0, 55, 0, 0, 0, 0, 0, 破伤等级+55  外功攻击+86  会心率+8%, 0, 0, 0, 0, 0, 0, , 0, 
801102, 史诗装技能, 0, 0, 0, 0, 0, 0, 0, 0, 0, 0, 0, 0, 0, 0, 0, 0, 0, 0, 0, 0, 0, 0, 0, 0.0, 0.0, 0.0, 0.0, 0, 0, 0, 0, 0, 0, 0, 0, 0, 0, 0, 0, 0, 0, 0, 0, 0, 习得武学《天焰之灼》  2级, 0, 0, 0, 0, 0, 0, 2500503, 0, 
801103, 史诗装技能, 0, 0, 0, 0, 0, 0, 0, 0, 0, 0, 0, 0, 0, 0, 0, 0, 0, 0, 0, 0, 0, 0, 0, 0.0, 0.0, 0.0, 0.0, 0, 0, 0, 0, 0, 0, 0, 0, 0, 0, 0, 0, 0, 0, 0, 0, 0, 习得武学《天焰之灼》  3级, 0, 0, 0, 0, 0, 0, 2500504, 0, 
801104, 史诗装技能, 0, 0, 0, 0, 0, 0, 0, 0, 0, 0, 0, 0, 0, 0, 0, 0, 0, 0, 0, 0, 0, 0, 0, 0.0, 0.0, 0.0, 0.0, 0, 0, 0, 0, 0, 0, 0, 0, 0, 0, 0, 0, 0, 0, 0, 0, 0, 习得武学《天焰之灼》  4级, 0, 0, 0, 0, 0, 0, 2500507, 0, 
801105, 史诗装技能, 0, 0, 0, 0, 0, 0, 0, 0, 0, 0, 0, 0, 0, 0, 0, 0, 0, 0, 0, 0, 0, 0, 0, 0.0, 0.0, 0.0, 0.0, 0, 0, 0, 0, 0, 0, 0, 0, 0, 0, 0, 0, 0, 0, 0, 0, 0, 习得武学《天焰之灼》  5级, 0, 0, 0, 0, 0, 0, 2500509, 0, 
690101, 移花套装1-1, 0, 0, 0, 0, 0, 0, 0, 0, 0, 0, 0, 0, 0, 17, 11, 0, 0, 0, 0, 0, 0, 0, 0, 0.0, 0.045, 0.0, 0.0, 0, 0, 0, 0, 0, 0, 0, 0, 0, 0, 0, 0, 0, 0, 0, 0, 0, 命中率+4.5%  洞察+11  根骨+17, 0, 0, 0, 0, 0, 0, , 0, 
690102, 移花套装1-2, 0, 0, 0, 0, 0, 46, 0, 0, 0, 0, 0, 0, 0, 0, 0, 0, 0, 0, 0, 0, 0, 0, 0, 0.0, 0.0, 0.0, 0.0, 0, 0, 0, 0, 0, 0, 0, 0, 0, 0, 0, 0, 0, 0, 0, 0, 0, 外功攻击+46, 0, 0, 0, 0, 0, 0, , 0, 
690201, 移花套装2-2, 0, 0, 0, 0, 0, 0, 0, 0, 0, 0, 0, 0, 0, 19, 12, 0, 0, 0, 0, 0, 0, 0, 0, 0.0, 0.055, 0.0, 0.0, 0, 0, 0, 0, 0, 0, 0, 0, 0, 0, 0, 0, 0, 0, 0, 0, 0, 命中率+5.5%  洞察+12  根骨+19, 0, 0, 0, 0, 0, 0, , 0, 
690202, 移花套装2-1, 0, 0, 0, 0, 0, 57, 0, 0, 0, 0, 0, 0, 0, 0, 0, 0, 0, 0, 0, 0, 0, 0, 0, 0.0, 0.0, 0.0, 0.02, 0, 0, 0, 0, 0, 0, 0, 0, 0, 0, 0, 0, 0, 0, 0, 0, 0, 外功攻击+57  会心率+2%, 0, 0, 0, 0, 0, 0, , 0, 
690301, 移花套装3-1, 0, 0, 0, 0, 0, 0, 0, 0, 0, 0, 0, 0, 0, 25, 16, 0, 0, 0, 0, 0, 0, 0, 0, 0.0, 0.065, 0.0, 0.0, 0, 0, 0, 0, 0, 0, 0, 0, 0, 0, 0, 0, 0, 0, 0, 0, 0, 命中率+6.5%  洞察+16  根骨+25, 0, 0, 0, 0, 0, 0, , 0, 
690302, 移花套装3-2, 0, 0, 0, 0, 0, 63, 0, 0, 0, 0, 0, 0, 0, 0, 0, 0, 0, 0, 0, 0, 0, 0, 0, 0.0, 0.0, 0.0, 0.04, 0, 0, 0, 0, 0, 0, 0, 0, 0, 0, 0, 0, 0, 0, 0, 0, 0, 外功攻击+63  会心率+4%, 0, 0, 0, 0, 0, 0, , 0, 
690401, 移花套装4-2, 0, 0, 0, 0, 0, 0, 0, 0, 0, 0, 0, 0, 0, 29, 19, 0, 0, 0, 0, 0, 0, 0, 0, 0.0, 0.065, 0.0, 0.0, 0, 0, 0, 0, 0, 0, 0, 0, 0, 0, 0, 0, 0, 0, 0, 0, 0, 命中率+6.5%  洞察+19  根骨+29, 0, 0, 0, 0, 0, 0, , 0, 
690402, 移花套装4-1, 0, 0, 0, 0, 0, 69, 0, 0, 0, 0, 0, 0, 0, 0, 0, 0, 0, 0, 0, 0, 0, 0, 0, 0.0, 0.0, 0.0, 0.055, 0, 0, 0, 0, 0, 0, 0, 0, 0, 0, 0, 0, 0, 0, 0, 0, 0, 外功攻击+69  会心率+5.5%, 0, 0, 0, 0, 0, 0, , 0, 
809401, 移花PVET4-1, 0, 0, 0, 0, 0, 0, 0, 0, 0, 0, 0, 0, 0, 0, 0, 0, 0, 0, 0, 0, 0, 0, 0, 0.0, 0.0, 0.0, 0.0, 1032805417, 0, 0, 0, 0, 0, 0, 0, 0, 0, 0, 45, 0, 0, 0, 0, 0, 破伤等级+45  会心伤害+7%, 0, 0, 0, 0, 0, 0, , 0, 
809402, 移花PVET4-2, 0, 0, 0, 0, 0, 57, 0, 0, 0, 0, 0, 0, 0, 0, 0, 0, 0, 0, 0, 0, 0, 0, 0, 0.0, 0.0, 0.0, 0.06, 0, 0, 0, 0, 0, 0, 0, 0, 0, 0, 0, 45, 0, 0, 0, 0, 0, 破伤等级+45  外功攻击+57  会心率+6%, 0, 0, 0, 0, 0, 0, , 0, 
690501, 移花套装5-1, 0, 0, 0, 0, 0, 0, 0, 0, 0, 0, 0, 0, 0, 33, 21, 0, 0, 0, 0, 0, 0, 0, 0, 0.0, 0.075, 0.0, 0.0, 0, 0, 0, 0, 0, 0, 0, 0, 0, 0, 0, 0, 0, 0, 0, 0, 0, 命中率+7.5%  洞察+21  根骨+33  , 0, 0, 0, 0, 0, 0, , 0, 
690601, 移花套装6-2, 0, 0, 0, 0, 0, 0, 0, 0, 0, 0, 0, 0, 0, 38, 24, 0, 0, 0, 0, 0, 0, 0, 0, 0.0, 0.085, 0.0, 0.0, 0, 0, 0, 0, 0, 0, 0, 0, 0, 0, 0, 0, 0, 0, 0, 0, 0, 命中率+8.5%  洞察+24  根骨+38  , 0, 0, 0, 0, 0, 0, , 0, 
690502, 移花套装5-2, 0, 0, 0, 0, 0, 76, 0, 0, 0, 0, 0, 0, 0, 0, 0, 0, 0, 0, 0, 0, 0, 0, 0, 0.0, 0.0, 0.0, 0.06, 0, 0, 0, 0, 0, 0, 0, 0, 0, 0, 0, 0, 0, 0, 0, 0, 0, 外功攻击+76  会心率+6%, 0, 0, 0, 0, 0, 0, , 0, 
690602, 移花套装6-1, 0, 0, 0, 0, 0, 83, 0, 0, 0, 0, 0, 0, 0, 0, 0, 0, 0, 0, 0, 0, 0, 0, 0, 0.0, 0.0, 0.0, 0.065, 0, 0, 0, 0, 0, 0, 0, 0, 0, 0, 0, 0, 0, 0, 0, 0, 0, 外功攻击+83  会心率+6.5%, 0, 0, 0, 0, 0, 0, , 0, 
809501, 移花PVET5-2, 0, 0, 0, 0, 0, 0, 0, 0, 0, 0, 0, 0, 0, 0, 0, 0, 0, 0, 0, 0, 0, 0, 0, 0.0, 0.0, 0.0, 0.0, 1034147594, 0, 0, 0, 0, 0, 0, 0, 0, 0, 0, 50, 0, 0, 0, 0, 0, 破伤等级+50  会心伤害+8%, 0, 0, 0, 0, 0, 0, , 0, 
809601, 移花PVET6-1, 0, 0, 0, 0, 0, 0, 0, 0, 0, 0, 0, 0, 0, 0, 0, 0, 0, 0, 0, 0, 0, 0, 0, 0.0, 0.0, 0.0, 0.0, 1035489772, 0, 0, 0, 0, 0, 0, 0, 0, 0, 0, 55, 0, 0, 0, 0, 0, 破伤等级+55  会心伤害+9%, 0, 0, 0, 0, 0, 0, , 0, 
809502, 移花PVET5-1, 0, 0, 0, 0, 0, 72, 0, 0, 0, 0, 0, 0, 0, 0, 0, 0, 0, 0, 0, 0, 0, 0, 0, 0.0, 0.0, 0.0, 0.07, 0, 0, 0, 0, 0, 0, 0, 0, 0, 0, 0, 50, 0, 0, 0, 0, 0, 破伤等级+50  外功攻击+72  会心率+7%, 0, 0, 0, 0, 0, 0, , 0, 
809602, 移花PVET6-2, 0, 0, 0, 0, 0, 86, 0, 0, 0, 0, 0, 0, 0, 0, 0, 0, 0, 0, 0, 0, 0, 0, 0, 0.0, 0.0, 0.0, 0.08, 0, 0, 0, 0, 0, 0, 0, 0, 0, 0, 0, 55, 0, 0, 0, 0, 0, 破伤等级+55  外功攻击+86  会心率+8%, 0, 0, 0, 0, 0, 0, , 0, 
803701, 丐帮PVET7-1, 0, 0, 0, 0, 0, 128, 0, 0, 0, 0, 0, 0, 0, 0, 0, 0, 0, 0, 2800, 0, 0, 0, 0, 0.0, 0.0, 0.0, 0.0, 0, 0, 0, 0, 0, 0, 0, 0, 0, 0, 0, 60, 0, 0, 0, 0, 0, 破伤等级+60  外功攻击+128  气血+2800, 0, 0, 0, 0, 0, 0, , 0, 
803702, 丐帮PVET7-2, 0, 0, 0, 0, 0, 0, 0, 0, 0, 0, 0, 0, 0, 0, 0, 0, 0, 0, 0, 0, 0, 0, 0, 0.0, 0.0, 0.0, 0.0, 1036831949, 0, 0, 0, 0, 0, 0, 0, 0, 0, 0, 60, 0, 0, 0, 0, 0, 破伤等级+60  会心伤害+10%, 0, 0, 0, 0, 0, 0, , 0, 
808701, 神刀PVET7-1, 0, 0, 0, 0, 0, 100, 0, 0, 0, 0, 0, 0, 0, 0, 0, 0, 0, 0, 0, 0, 0, 0, 0, 0.0, 0.0, 0.0, 0.09, 0, 0, 0, 0, 0, 0, 0, 0, 0, 0, 0, 60, 0, 0, 0, 0, 0, 破伤等级+60  外功攻击+100  会心率+9%, 0, 0, 0, 0, 0, 0, , 0, 
808702, 神刀PVET7-2, 0, 0, 0, 0, 0, 0, 0, 0, 0, 0, 0, 0, 0, 0, 0, 0, 0, 0, 0, 0, 0, 0, 0, 0.0, 0.0, 0.0, 0.0, 1036831949, 0, 0, 0, 0, 0, 0, 0, 0, 0, 0, 60, 0, 0, 0, 0, 0, 破伤等级+60  会心伤害+10%, 0, 0, 0, 0, 0, 0, , 0, 
802701, 神威PVET7-1, 0, 0, 0, 0, 0, 0, 0, 0, 0, 0, 0, 0, 0, 0, 0, 0, 0, 0, 2800, 0, 0, 0, 0, 0.0, 0.0, 0.0, 0.09, 0, 0, 0, 0, 0, 0, 0, 0, 0, 0, 0, 60, 0, 0, 0, 0, 0, 破伤等级+60  气血+2800  会心率+9%, 0, 0, 0, 0, 0, 0, , 0, 
802702, 神威PVET7-2, 0, 0, 0, 0, 0, 0, 0, 0, 0, 0, 0, 0, 0, 0, 0, 0, 0, 0, 0, 0, 0, 0, 0, 0.0, 0.0, 0.0, 0.0, 1036831949, 0, 0, 0, 0, 0, 0, 0, 0, 0, 0, 60, 0, 0, 0, 0, 0, 破伤等级+60  会心伤害+10%, 0, 0, 0, 0, 0, 0, , 0, 
801701, 太白PVET7-1, 0, 0, 0, 0, 0, 100, 0, 0, 0, 0, 0, 0, 0, 0, 0, 0, 0, 0, 0, 0, 0, 0, 0, 0.0, 0.0, 0.0, 0.09, 0, 0, 0, 0, 0, 0, 0, 0, 0, 0, 0, 60, 0, 0, 0, 0, 0, 破伤等级+60  外功攻击+100  会心率+9%, 0, 0, 0, 0, 0, 0, , 0, 
801702, 太白PVET7-2, 0, 0, 0, 0, 0, 0, 0, 0, 0, 0, 0, 0, 0, 0, 0, 0, 0, 0, 0, 0, 0, 0, 0, 0.0, 0.0, 0.0, 0.0, 1036831949, 0, 0, 0, 0, 0, 0, 0, 0, 0, 0, 60, 0, 0, 0, 0, 0, 破伤等级+60  会心伤害+10%, 0, 0, 0, 0, 0, 0, , 0, 
804701, 唐门PVET7-1, 0, 0, 0, 0, 0, 100, 0, 0, 0, 0, 0, 0, 0, 0, 0, 0, 0, 0, 0, 0, 0, 0, 0, 0.0, 0.0, 0.0, 0.09, 0, 0, 0, 0, 0, 0, 0, 0, 0, 0, 0, 60, 0, 0, 0, 0, 0, 破伤等级+60  外功攻击+100  会心率+9%, 0, 0, 0, 0, 0, 0, , 0, 
804702, 唐门PVET7-2, 0, 0, 0, 0, 0, 0, 0, 0, 0, 0, 0, 0, 0, 0, 0, 0, 0, 0, 0, 0, 0, 0, 0, 0.0, 0.0, 0.0, 0.0, 1036831949, 0, 0, 0, 0, 0, 0, 0, 0, 0, 0, 60, 0, 0, 0, 0, 0, 破伤等级+60  会心伤害+10%, 0, 0, 0, 0, 0, 0, , 0, 
806701, 天香PVET7-1, 0, 0, 0, 0, 0, 0, 100, 0, 0, 0, 0, 0, 0, 0, 0, 0, 0, 0, 2800, 0, 0, 0, 0, 0.0, 0.0, 0.0, 0.0, 0, 0, 0, 0, 0, 0, 0, 0, 0, 0, 0, 60, 0, 0, 0, 0, 0, 破伤等级+60  内功攻击+100  气血+2800, 0, 0, 0, 0, 0, 0, , 0, 
806702, 天香PVET7-2, 0, 0, 0, 0, 0, 0, 0, 0, 0, 0, 0, 0, 0, 0, 0, 0, 0, 0, 0, 0, 0, 0, 0, 0.0, 0.0, 0.0, 0.0, 1036831949, 0, 0, 0, 0, 0, 0, 0, 0, 0, 0, 60, 0, 0, 0, 0, 0, 破伤等级+60  会心伤害+10%, 0, 0, 0, 0, 0, 0, , 0, 
807701, 五毒PVET7-1, 0, 0, 0, 0, 0, 115, 89, 0, 0, 0, 0, 0, 0, 0, 0, 0, 0, 0, 0, 0, 0, 0, 0, 0.0, 0.0, 0.0, 0.0, 0, 0, 0, 0, 0, 0, 0, 0, 0, 0, 0, 60, 0, 0, 0, 0, 0, 破伤等级+60  外功攻击+115  内功攻击+89, 0, 0, 0, 0, 0, 0, , 0, 
807702, 五毒PVET7-2, 0, 0, 0, 0, 0, 0, 0, 0, 0, 0, 0, 0, 0, 0, 0, 0, 0, 0, 0, 0, 0, 0, 0, 0.0, 0.0, 0.0, 0.0, 1036831949, 0, 0, 0, 0, 0, 0, 0, 0, 0, 0, 60, 0, 0, 0, 0, 0, 破伤等级+60  会心伤害+10%, 0, 0, 0, 0, 0, 0, , 0, 
809701, 移花PVET7-1, 0, 0, 0, 0, 0, 100, 0, 0, 0, 0, 0, 0, 0, 0, 0, 0, 0, 0, 0, 0, 0, 0, 0, 0.0, 0.0, 0.0, 0.09, 0, 0, 0, 0, 0, 0, 0, 0, 0, 0, 0, 60, 0, 0, 0, 0, 0, 破伤等级+60  外功攻击+100  会心率+9%, 0, 0, 0, 0, 0, 0, , 0, 
809702, 移花PVET7-2, 0, 0, 0, 0, 0, 0, 0, 0, 0, 0, 0, 0, 0, 0, 0, 0, 0, 0, 0, 0, 0, 0, 0, 0.0, 0.0, 0.0, 0.0, 1036831949, 0, 0, 0, 0, 0, 0, 0, 0, 0, 0, 60, 0, 0, 0, 0, 0, 破伤等级+60  会心伤害+10%, 0, 0, 0, 0, 0, 0, , 0, 
805701, 真武PVET7-1, 0, 0, 0, 0, 0, 0, 78, 0, 0, 0, 0, 0, 0, 0, 0, 0, 0, 0, 0, 0, 0, 0, 0, 0.0, 0.0, 0.0, 0.09, 0, 0, 0, 0, 0, 0, 0, 0, 0, 0, 0, 60, 0, 0, 0, 0, 0, 破伤等级+60  内功攻击+78  会心率+9%, 0, 0, 0, 0, 0, 0, , 0, 
805702, 真武PVET7-2, 0, 0, 0, 0, 0, 0, 0, 0, 0, 0, 0, 0, 0, 0, 0, 0, 0, 0, 0, 0, 0, 0, 0, 0.0, 0.0, 0.0, 0.0, 1036831949, 0, 0, 0, 0, 0, 0, 0, 0, 0, 0, 60, 0, 0, 0, 0, 0, 破伤等级+60  会心伤害+10%, 0, 0, 0, 0, 0, 0, , 0, 
630701, 丐帮PVP7-1, 0, 0, 0, 0, 0, 0, 0, 0, 0, 0, 0, 30, 0, 0, 0, 40, 0, 0, 0, 0, 0, 0, 0, 0.0, 0.095, 0.0, 0.0, 0, 0, 0, 0, 0, 0, 0, 0, 0, 0, 0, 0, 0, 0, 0, 0, 0, 命中率+9.5%  力道+30  身法+40, 0, 0, 0, 0, 0, 0, , 0, 
630702, 丐帮PVP7-2, 0, 0, 0, 0, 0, 90, 0, 0, 0, 0, 0, 0, 0, 0, 0, 0, 0, 0, 0, 0, 0, 0, 0, 0.0, 0.0, 0.0, 0.07, 0, 0, 0, 0, 0, 0, 0, 0, 0, 0, 0, 0, 0, 0, 0, 0, 0, 外功攻击+90  会心率+7%, 0, 0, 0, 0, 0, 0, , 0, 
680701, 神刀PVP7-1, 0, 0, 0, 0, 0, 0, 0, 0, 0, 0, 0, 40, 0, 0, 30, 0, 0, 0, 0, 0, 0, 0, 0, 0.0, 0.095, 0.0, 0.0, 0, 0, 0, 0, 0, 0, 0, 0, 0, 0, 0, 0, 0, 0, 0, 0, 0, 命中率+9.5%  力道+40  洞察+30, 0, 0, 0, 0, 0, 0, , 0, 
680702, 神刀PVP7-2, 0, 0, 0, 0, 0, 90, 0, 0, 0, 0, 0, 0, 0, 0, 0, 0, 0, 0, 0, 0, 0, 0, 0, 0.0, 0.0, 0.0, 0.07, 0, 0, 0, 0, 0, 0, 0, 0, 0, 0, 0, 0, 0, 0, 0, 0, 0, 外功攻击+90  会心率+7%, 0, 0, 0, 0, 0, 0, , 0, 
620701, 神威PVP7-1, 0, 0, 0, 0, 0, 0, 0, 0, 0, 0, 0, 40, 0, 30, 0, 0, 0, 0, 0, 0, 0, 0, 0, 0.0, 0.095, 0.0, 0.0, 0, 0, 0, 0, 0, 0, 0, 0, 0, 0, 0, 0, 0, 0, 0, 0, 0, 命中率+9.5%  力道+40  根骨+30, 0, 0, 0, 0, 0, 0, , 0, 
620702, 神威PVP7-2, 0, 0, 0, 0, 0, 90, 0, 0, 0, 0, 0, 0, 0, 0, 0, 0, 0, 0, 0, 0, 0, 0, 0, 0.0, 0.0, 0.0, 0.07, 0, 0, 0, 0, 0, 0, 0, 0, 0, 0, 0, 0, 0, 0, 0, 0, 0, 外功攻击+90  会心率+7%, 0, 0, 0, 0, 0, 0, , 0, 
610701, 太白PVP7-1, 0, 0, 0, 0, 0, 0, 0, 0, 0, 0, 0, 0, 0, 0, 35, 35, 0, 0, 0, 0, 0, 0, 0, 0.0, 0.095, 0.0, 0.0, 0, 0, 0, 0, 0, 0, 0, 0, 0, 0, 0, 0, 0, 0, 0, 0, 0, 命中率+9.5%  洞察+35  身法+35, 0, 0, 0, 0, 0, 0, , 0, 
610702, 太白PVP7-2, 0, 0, 0, 0, 0, 90, 0, 0, 0, 0, 0, 0, 0, 0, 0, 0, 0, 0, 0, 0, 0, 0, 0, 0.0, 0.0, 0.0, 0.07, 0, 0, 0, 0, 0, 0, 0, 0, 0, 0, 0, 0, 0, 0, 0, 0, 0, 外功攻击+90  会心率+7%, 0, 0, 0, 0, 0, 0, , 0, 
640701, 唐门PVP7-1, 0, 0, 0, 0, 0, 0, 0, 0, 0, 0, 0, 27, 0, 0, 43, 0, 0, 0, 0, 0, 0, 0, 0, 0.0, 0.095, 0.0, 0.0, 0, 0, 0, 0, 0, 0, 0, 0, 0, 0, 0, 0, 0, 0, 0, 0, 0, 命中率+9.5%  力道+27  洞察+43, 0, 0, 0, 0, 0, 0, , 0, 
640702, 唐门PVP7-2, 0, 0, 0, 0, 0, 90, 0, 0, 0, 0, 0, 0, 0, 0, 0, 0, 0, 0, 0, 0, 0, 0, 0, 0.0, 0.0, 0.0, 0.07, 0, 0, 0, 0, 0, 0, 0, 0, 0, 0, 0, 0, 0, 0, 0, 0, 0, 外功攻击+90  会心率+7%, 0, 0, 0, 0, 0, 0, , 0, 
660701, 天香PVP7-1, 0, 0, 0, 0, 0, 0, 0, 0, 0, 0, 0, 0, 43, 0, 0, 27, 0, 0, 0, 0, 0, 0, 0, 0.0, 0.095, 0.0, 0.0, 0, 0, 0, 0, 0, 0, 0, 0, 0, 0, 0, 0, 0, 0, 0, 0, 0, 命中率+9.5%  气劲+43  身法+27, 0, 0, 0, 0, 0, 0, , 0, 
660702, 天香PVP7-2, 0, 0, 0, 0, 0, 90, 0, 0, 0, 0, 0, 0, 0, 0, 0, 0, 0, 0, 0, 0, 0, 0, 0, 0.0, 0.0, 0.0, 0.07, 0, 0, 0, 0, 0, 0, 0, 0, 0, 0, 0, 0, 0, 0, 0, 0, 0, 外功攻击+90  会心率+7%, 0, 0, 0, 0, 0, 0, , 0, 
670701, 五毒PVP7-1, 0, 0, 0, 0, 0, 0, 0, 0, 0, 0, 0, 0, 0, 0, 30, 40, 0, 0, 0, 0, 0, 0, 0, 0.0, 0.095, 0.0, 0.0, 0, 0, 0, 0, 0, 0, 0, 0, 0, 0, 0, 0, 0, 0, 0, 0, 0, 命中率+9.5%  洞察+30  身法+40, 0, 0, 0, 0, 0, 0, , 0, 
670702, 五毒PVP7-2, 0, 0, 0, 0, 0, 90, 0, 0, 0, 0, 0, 0, 0, 0, 0, 0, 0, 0, 0, 0, 0, 0, 0, 0.0, 0.0, 0.0, 0.07, 0, 0, 0, 0, 0, 0, 0, 0, 0, 0, 0, 0, 0, 0, 0, 0, 0, 外功攻击+90  会心率+7%, 0, 0, 0, 0, 0, 0, , 0, 
690701, 移花PVP7-1, 0, 0, 0, 0, 0, 0, 0, 0, 0, 0, 0, 0, 0, 43, 27, 0, 0, 0, 0, 0, 0, 0, 0, 0.0, 0.095, 0.0, 0.0, 0, 0, 0, 0, 0, 0, 0, 0, 0, 0, 0, 0, 0, 0, 0, 0, 0, 命中率+9.5%  根骨+43  洞察+27, 0, 0, 0, 0, 0, 0, , 0, 
690702, 移花PVP7-2, 0, 0, 0, 0, 0, 90, 0, 0, 0, 0, 0, 0, 0, 0, 0, 0, 0, 0, 0, 0, 0, 0, 0, 0.0, 0.0, 0.0, 0.07, 0, 0, 0, 0, 0, 0, 0, 0, 0, 0, 0, 0, 0, 0, 0, 0, 0, 外功攻击+90  会心率+7%, 0, 0, 0, 0, 0, 0, , 0, 
650701, 真武PVP7-1, 0, 0, 0, 0, 0, 0, 0, 0, 0, 0, 0, 0, 43, 27, 0, 0, 0, 0, 0, 0, 0, 0, 0, 0.0, 0.095, 0.0, 0.0, 0, 0, 0, 0, 0, 0, 0, 0, 0, 0, 0, 0, 0, 0, 0, 0, 0, 命中率+9.5%  气劲+43  根骨+27, 0, 0, 0, 0, 0, 0, , 0, 
650702, 真武PVP7-2, 0, 0, 0, 0, 0, 90, 0, 0, 0, 0, 0, 0, 0, 0, 0, 0, 0, 0, 0, 0, 0, 0, 0, 0.0, 0.0, 0.0, 0.07, 0, 0, 0, 0, 0, 0, 0, 0, 0, 0, 0, 0, 0, 0, 0, 0, 0, 外功攻击+90  会心率+7%, 0, 0, 0, 0, 0, 0, , 0, 
801802, 太白PVET8-1, 0, 0, 0, 0, 0, 0, 0, 0, 0, 0, 0, 0, 0, 0, 0, 0, 0, 0, 0, 0, 0, 0, 0, 0.0, 0.0, 0.0, 0.0, 1038174126, 0, 0, 0, 0, 0, 0, 0, 0, 0, 0, 65, 0, 0, 0, 0, 0, 破伤等级+65  会心伤害+11%, 0, 0, 0, 0, 0, 0, , 0, 
802802, 神威PVET8-1, 0, 0, 0, 0, 0, 0, 0, 0, 0, 0, 0, 0, 0, 0, 0, 0, 0, 0, 0, 0, 0, 0, 0, 0.0, 0.0, 0.0, 0.0, 1038174126, 0, 0, 0, 0, 0, 0, 0, 0, 0, 0, 65, 0, 0, 0, 0, 0, 破伤等级+65  会心伤害+11%, 0, 0, 0, 0, 0, 0, , 0, 
803802, 丐帮PVET8-1, 0, 0, 0, 0, 0, 0, 0, 0, 0, 0, 0, 0, 0, 0, 0, 0, 0, 0, 0, 0, 0, 0, 0, 0.0, 0.0, 0.0, 0.0, 1038174126, 0, 0, 0, 0, 0, 0, 0, 0, 0, 0, 65, 0, 0, 0, 0, 0, 破伤等级+65  会心伤害+11%, 0, 0, 0, 0, 0, 0, , 0, 
804802, 唐门PVET8-1, 0, 0, 0, 0, 0, 0, 0, 0, 0, 0, 0, 0, 0, 0, 0, 0, 0, 0, 0, 0, 0, 0, 0, 0.0, 0.0, 0.0, 0.0, 1038174126, 0, 0, 0, 0, 0, 0, 0, 0, 0, 0, 65, 0, 0, 0, 0, 0, 破伤等级+65  会心伤害+11%, 0, 0, 0, 0, 0, 0, , 0, 
805802, 真武PVET8-1, 0, 0, 0, 0, 0, 0, 0, 0, 0, 0, 0, 0, 0, 0, 0, 0, 0, 0, 0, 0, 0, 0, 0, 0.0, 0.0, 0.0, 0.0, 1038174126, 0, 0, 0, 0, 0, 0, 0, 0, 0, 0, 65, 0, 0, 0, 0, 0, 破伤等级+65  会心伤害+11%, 0, 0, 0, 0, 0, 0, , 0, 
806802, 天香PVET8-1, 0, 0, 0, 0, 0, 0, 0, 0, 0, 0, 0, 0, 0, 0, 0, 0, 0, 0, 0, 0, 0, 0, 0, 0.0, 0.0, 0.0, 0.0, 1038174126, 0, 0, 0, 0, 0, 0, 0, 0, 0, 0, 65, 0, 0, 0, 0, 0, 破伤等级+65  会心伤害+11%, 0, 0, 0, 0, 0, 0, , 0, 
807802, 五毒PVET8-1, 0, 0, 0, 0, 0, 0, 0, 0, 0, 0, 0, 0, 0, 0, 0, 0, 0, 0, 0, 0, 0, 0, 0, 0.0, 0.0, 0.0, 0.0, 1038174126, 0, 0, 0, 0, 0, 0, 0, 0, 0, 0, 65, 0, 0, 0, 0, 0, 破伤等级+65  会心伤害+11%, 0, 0, 0, 0, 0, 0, , 0, 
808802, 神刀PVET8-1, 0, 0, 0, 0, 0, 0, 0, 0, 0, 0, 0, 0, 0, 0, 0, 0, 0, 0, 0, 0, 0, 0, 0, 0.0, 0.0, 0.0, 0.0, 1038174126, 0, 0, 0, 0, 0, 0, 0, 0, 0, 0, 65, 0, 0, 0, 0, 0, 破伤等级+65  会心伤害+11%, 0, 0, 0, 0, 0, 0, , 0, 
809802, 移花PVET8-1, 0, 0, 0, 0, 0, 0, 0, 0, 0, 0, 0, 0, 0, 0, 0, 0, 0, 0, 0, 0, 0, 0, 0, 0.0, 0.0, 0.0, 0.0, 1038174126, 0, 0, 0, 0, 0, 0, 0, 0, 0, 0, 65, 0, 0, 0, 0, 0, 破伤等级+65  会心伤害+11%, 0, 0, 0, 0, 0, 0, , 0, 
801801, 太白PVET8-2, 0, 0, 0, 0, 0, 115, 0, 0, 0, 0, 0, 0, 0, 0, 0, 0, 0, 0, 0, 0, 0, 0, 0, 0.0, 0.0, 0.0, 0.1, 0, 0, 0, 0, 0, 0, 0, 0, 0, 0, 0, 65, 0, 0, 0, 0, 0, 破伤等级+65  外功攻击+115  会心率+10%, 0, 0, 0, 0, 0, 0, , 0, 
802801, 神威PVET8-2, 0, 0, 0, 0, 0, 0, 0, 0, 0, 0, 0, 0, 0, 0, 0, 0, 0, 0, 3200, 0, 0, 0, 0, 0.0, 0.0, 0.0, 0.1, 0, 0, 0, 0, 0, 0, 0, 0, 0, 0, 0, 65, 0, 0, 0, 0, 0, 破伤等级+65  气血+3200  会心率+10%, 0, 0, 0, 0, 0, 0, , 0, 
803801, 丐帮PVET8-2, 0, 0, 0, 0, 0, 143, 0, 0, 0, 0, 0, 0, 0, 0, 0, 0, 0, 0, 3200, 0, 0, 0, 0, 0.0, 0.0, 0.0, 0.0, 0, 0, 0, 0, 0, 0, 0, 0, 0, 0, 0, 65, 0, 0, 0, 0, 0, 破伤等级+65  外功攻击+143  气血+3200, 0, 0, 0, 0, 0, 0, , 0, 
804801, 唐门PVET8-2, 0, 0, 0, 0, 0, 115, 0, 0, 0, 0, 0, 0, 0, 0, 0, 0, 0, 0, 0, 0, 0, 0, 0, 0.0, 0.0, 0.0, 0.1, 0, 0, 0, 0, 0, 0, 0, 0, 0, 0, 0, 65, 0, 0, 0, 0, 0, 破伤等级+65  外功攻击+115  会心率+10%, 0, 0, 0, 0, 0, 0, , 0, 
805801, 真武PVET8-2, 0, 0, 0, 0, 0, 0, 89, 0, 0, 0, 0, 0, 0, 0, 0, 0, 0, 0, 0, 0, 0, 0, 0, 0.0, 0.0, 0.0, 0.1, 0, 0, 0, 0, 0, 0, 0, 0, 0, 0, 0, 65, 0, 0, 0, 0, 0, 破伤等级+65  内功攻击+89  会心率+10%, 0, 0, 0, 0, 0, 0, , 0, 
806801, 天香PVET8-2, 0, 0, 0, 0, 0, 0, 112, 0, 0, 0, 0, 0, 0, 0, 0, 0, 0, 0, 3200, 0, 0, 0, 0, 0.0, 0.0, 0.0, 0.0, 0, 0, 0, 0, 0, 0, 0, 0, 0, 0, 0, 65, 0, 0, 0, 0, 0, 破伤等级+65  内功攻击+112  气血+3200, 0, 0, 0, 0, 0, 0, , 0, 
807801, 五毒PVET8-2, 0, 0, 0, 0, 0, 132, 98, 0, 0, 0, 0, 0, 0, 0, 0, 0, 0, 0, 0, 0, 0, 0, 0, 0.0, 0.0, 0.0, 0.0, 0, 0, 0, 0, 0, 0, 0, 0, 0, 0, 0, 65, 0, 0, 0, 0, 0, 破伤等级+65  外功攻击+132  内功攻击+98, 0, 0, 0, 0, 0, 0, , 0, 
808801, 神刀PVET8-2, 0, 0, 0, 0, 0, 115, 0, 0, 0, 0, 0, 0, 0, 0, 0, 0, 0, 0, 0, 0, 0, 0, 0, 0.0, 0.0, 0.0, 0.1, 0, 0, 0, 0, 0, 0, 0, 0, 0, 0, 0, 65, 0, 0, 0, 0, 0, 破伤等级+65  外功攻击+115  会心率+10%, 0, 0, 0, 0, 0, 0, , 0, 
809801, 移花PVET8-2, 0, 0, 0, 0, 0, 115, 0, 0, 0, 0, 0, 0, 0, 0, 0, 0, 0, 0, 0, 0, 0, 0, 0, 0.0, 0.0, 0.0, 0.1, 0, 0, 0, 0, 0, 0, 0, 0, 0, 0, 0, 65, 0, 0, 0, 0, 0, 破伤等级+65  外功攻击+115  会心率+10%, 0, 0, 0, 0, 0, 0, , 0, 
610802, 太白PVP8-1, 0, 0, 0, 0, 0, 110, 0, 0, 0, 0, 0, 0, 0, 0, 0, 0, 0, 0, 0, 0, 0, 0, 0, 0.0, 0.0, 0.0, 0.075, 0, 0, 0, 0, 0, 0, 0, 0, 0, 0, 0, 0, 0, 0, 0, 0, 0, 外功攻击+110  会心率+7.5%, 0, 0, 0, 0, 0, 0, , 0, 
620802, 神威PVP8-1, 0, 0, 0, 0, 0, 110, 0, 0, 0, 0, 0, 0, 0, 0, 0, 0, 0, 0, 0, 0, 0, 0, 0, 0.0, 0.0, 0.0, 0.075, 0, 0, 0, 0, 0, 0, 0, 0, 0, 0, 0, 0, 0, 0, 0, 0, 0, 外功攻击+110  会心率+7.5%, 0, 0, 0, 0, 0, 0, , 0, 
630802, 丐帮PVP8-1, 0, 0, 0, 0, 0, 110, 0, 0, 0, 0, 0, 0, 0, 0, 0, 0, 0, 0, 0, 0, 0, 0, 0, 0.0, 0.0, 0.0, 0.075, 0, 0, 0, 0, 0, 0, 0, 0, 0, 0, 0, 0, 0, 0, 0, 0, 0, 外功攻击+110  会心率+7.5%, 0, 0, 0, 0, 0, 0, , 0, 
640802, 唐门PVP8-1, 0, 0, 0, 0, 0, 110, 0, 0, 0, 0, 0, 0, 0, 0, 0, 0, 0, 0, 0, 0, 0, 0, 0, 0.0, 0.0, 0.0, 0.075, 0, 0, 0, 0, 0, 0, 0, 0, 0, 0, 0, 0, 0, 0, 0, 0, 0, 外功攻击+110  会心率+7.5%, 0, 0, 0, 0, 0, 0, , 0, 
650802, 真武PVP8-1, 0, 0, 0, 0, 0, 110, 0, 0, 0, 0, 0, 0, 0, 0, 0, 0, 0, 0, 0, 0, 0, 0, 0, 0.0, 0.0, 0.0, 0.075, 0, 0, 0, 0, 0, 0, 0, 0, 0, 0, 0, 0, 0, 0, 0, 0, 0, 外功攻击+110  会心率+7.5%, 0, 0, 0, 0, 0, 0, , 0, 
660802, 天香PVP8-1, 0, 0, 0, 0, 0, 110, 0, 0, 0, 0, 0, 0, 0, 0, 0, 0, 0, 0, 0, 0, 0, 0, 0, 0.0, 0.0, 0.0, 0.075, 0, 0, 0, 0, 0, 0, 0, 0, 0, 0, 0, 0, 0, 0, 0, 0, 0, 外功攻击+110  会心率+7.5%, 0, 0, 0, 0, 0, 0, , 0, 
670802, 五毒PVP8-1, 0, 0, 0, 0, 0, 110, 0, 0, 0, 0, 0, 0, 0, 0, 0, 0, 0, 0, 0, 0, 0, 0, 0, 0.0, 0.0, 0.0, 0.075, 0, 0, 0, 0, 0, 0, 0, 0, 0, 0, 0, 0, 0, 0, 0, 0, 0, 外功攻击+110  会心率+7.5%, 0, 0, 0, 0, 0, 0, , 0, 
680802, 神刀PVP8-1, 0, 0, 0, 0, 0, 110, 0, 0, 0, 0, 0, 0, 0, 0, 0, 0, 0, 0, 0, 0, 0, 0, 0, 0.0, 0.0, 0.0, 0.075, 0, 0, 0, 0, 0, 0, 0, 0, 0, 0, 0, 0, 0, 0, 0, 0, 0, 外功攻击+110  会心率+7.5%, 0, 0, 0, 0, 0, 0, , 0, 
690802, 移花PVP8-1, 0, 0, 0, 0, 0, 110, 0, 0, 0, 0, 0, 0, 0, 0, 0, 0, 0, 0, 0, 0, 0, 0, 0, 0.0, 0.0, 0.0, 0.075, 0, 0, 0, 0, 0, 0, 0, 0, 0, 0, 0, 0, 0, 0, 0, 0, 0, 外功攻击+110  会心率+7.5%, 0, 0, 0, 0, 0, 0, , 0, 
610801, 太白PVP8-2, 0, 0, 0, 0, 0, 0, 0, 0, 0, 0, 0, 0, 0, 0, 39, 39, 0, 0, 0, 0, 0, 0, 0, 0.0, 0.105, 0.0, 0.0, 0, 0, 0, 0, 0, 0, 0, 0, 0, 0, 0, 0, 0, 0, 0, 0, 0, 命中率+10.5%  洞察+39  身法+39, 0, 0, 0, 0, 0, 0, , 0, 
620801, 神威PVP8-2, 0, 0, 0, 0, 0, 0, 0, 0, 0, 0, 0, 45, 0, 33, 0, 0, 0, 0, 0, 0, 0, 0, 0, 0.0, 0.105, 0.0, 0.0, 0, 0, 0, 0, 0, 0, 0, 0, 0, 0, 0, 0, 0, 0, 0, 0, 0, 命中率+10.5%  力道+45  根骨+33, 0, 0, 0, 0, 0, 0, , 0, 
630801, 丐帮PVP8-2, 0, 0, 0, 0, 0, 0, 0, 0, 0, 0, 0, 33, 0, 0, 0, 45, 0, 0, 0, 0, 0, 0, 0, 0.0, 0.105, 0.0, 0.0, 0, 0, 0, 0, 0, 0, 0, 0, 0, 0, 0, 0, 0, 0, 0, 0, 0, 命中率+10.5%  力道+33  身法+45, 0, 0, 0, 0, 0, 0, , 0, 
640801, 唐门PVP8-2, 0, 0, 0, 0, 0, 0, 0, 0, 0, 0, 0, 30, 0, 0, 48, 0, 0, 0, 0, 0, 0, 0, 0, 0.0, 0.105, 0.0, 0.0, 0, 0, 0, 0, 0, 0, 0, 0, 0, 0, 0, 0, 0, 0, 0, 0, 0, 命中率+10.5%  力道+30  洞察+48, 0, 0, 0, 0, 0, 0, , 0, 
650801, 真武PVP8-2, 0, 0, 0, 0, 0, 0, 0, 0, 0, 0, 0, 0, 48, 30, 0, 0, 0, 0, 0, 0, 0, 0, 0, 0.0, 0.105, 0.0, 0.0, 0, 0, 0, 0, 0, 0, 0, 0, 0, 0, 0, 0, 0, 0, 0, 0, 0, 命中率+10.5%  气劲+48  根骨+30, 0, 0, 0, 0, 0, 0, , 0, 
660801, 天香PVP8-2, 0, 0, 0, 0, 0, 0, 0, 0, 0, 0, 0, 0, 48, 0, 0, 30, 0, 0, 0, 0, 0, 0, 0, 0.0, 0.105, 0.0, 0.0, 0, 0, 0, 0, 0, 0, 0, 0, 0, 0, 0, 0, 0, 0, 0, 0, 0, 命中率+10.5%  气劲+48  身法+30, 0, 0, 0, 0, 0, 0, , 0, 
670801, 五毒PVP8-2, 0, 0, 0, 0, 0, 0, 0, 0, 0, 0, 0, 0, 0, 0, 33, 45, 0, 0, 0, 0, 0, 0, 0, 0.0, 0.105, 0.0, 0.0, 0, 0, 0, 0, 0, 0, 0, 0, 0, 0, 0, 0, 0, 0, 0, 0, 0, 命中率+10.5%  洞察+33  身法+45, 0, 0, 0, 0, 0, 0, , 0, 
680801, 神刀PVP8-2, 0, 0, 0, 0, 0, 0, 0, 0, 0, 0, 0, 45, 0, 0, 33, 0, 0, 0, 0, 0, 0, 0, 0, 0.0, 0.105, 0.0, 0.0, 0, 0, 0, 0, 0, 0, 0, 0, 0, 0, 0, 0, 0, 0, 0, 0, 0, 命中率+10.5%  力道+45  洞察+33, 0, 0, 0, 0, 0, 0, , 0, 
690801, 移花PVP8-2, 0, 0, 0, 0, 0, 0, 0, 0, 0, 0, 0, 0, 0, 48, 30, 0, 0, 0, 0, 0, 0, 0, 0, 0.0, 0.105, 0.0, 0.0, 0, 0, 0, 0, 0, 0, 0, 0, 0, 0, 0, 0, 0, 0, 0, 0, 0, 命中率+10.5%  根骨+48  洞察+30, 0, 0, 0, 0, 0, 0, , 0, 
